country_index,country_name,continent,week,ymd,week_of_period,treated,after,num_streams,cases,deaths,cases_per_million,deaths_per_million
ar,Argentina,South America,1,2018-06-01,1,0,0,52839544,0,0,0,0
ar,Argentina,South America,2,2018-06-08,2,0,0,52796946,0,0,0,0
ar,Argentina,South America,3,2018-06-15,3,0,0,49516129,0,0,0,0
ar,Argentina,South America,4,2018-06-22,4,0,0,50326885,0,0,0,0
ar,Argentina,South America,5,2018-06-29,5,0,0,53552822,0,0,0,0
ar,Argentina,South America,6,2018-07-06,6,0,0,54659315,0,0,0,0
ar,Argentina,South America,7,2018-07-13,7,0,0,58790174,0,0,0,0
ar,Argentina,South America,8,2018-07-20,8,0,0,57077245,0,0,0,0
ar,Argentina,South America,9,2018-07-27,9,0,0,57747478,0,0,0,0
ar,Argentina,South America,10,2018-08-03,10,0,0,59749038,0,0,0,0
ar,Argentina,South America,11,2018-08-10,11,0,0,61620588,0,0,0,0
ar,Argentina,South America,12,2018-08-17,12,0,0,60584444,0,0,0,0
ar,Argentina,South America,13,2018-08-24,13,0,0,60594349,0,0,0,0
ar,Argentina,South America,14,2018-08-31,14,0,0,60104734,0,0,0,0
ar,Argentina,South America,15,2018-09-07,15,0,0,62742207,0,0,0,0
ar,Argentina,South America,16,2018-09-14,16,0,0,61904088,0,0,0,0
ar,Argentina,South America,17,2018-09-21,17,0,0,61818817,0,0,0,0
ar,Argentina,South America,18,2018-09-28,18,0,0,60693559,0,0,0,0
ar,Argentina,South America,19,2018-10-05,19,0,0,62518235,0,0,0,0
ar,Argentina,South America,20,2018-10-12,20,0,0,64062705,0,0,0,0
ar,Argentina,South America,21,2018-10-19,21,0,0,59768952,0,0,0,0
ar,Argentina,South America,22,2018-10-26,22,0,0,60675116,0,0,0,0
ar,Argentina,South America,23,2018-11-02,23,0,0,63652800,0,0,0,0
ar,Argentina,South America,24,2018-11-09,24,0,0,62027427,0,0,0,0
ar,Argentina,South America,25,2018-11-16,25,0,0,65969279,0,0,0,0
ar,Argentina,South America,26,2018-11-23,26,0,0,61867737,0,0,0,0
ar,Argentina,South America,27,2018-11-30,27,0,0,63033583,0,0,0,0
ar,Argentina,South America,28,2018-12-07,28,0,0,60634270,0,0,0,0
ar,Argentina,South America,29,2018-12-14,29,0,0,62724903,0,0,0,0
ar,Argentina,South America,30,2018-12-21,30,0,0,74053661,0,0,0,0
ar,Argentina,South America,31,2018-12-28,31,0,0,72345443,0,0,0,0
ar,Argentina,South America,32,2019-01-04,32,0,0,67565171,0,0,0,0
ar,Argentina,South America,33,2019-01-11,33,0,0,68998334,0,0,0,0
ar,Argentina,South America,34,2019-01-18,34,0,0,71181323,0,0,0,0
ar,Argentina,South America,35,2019-01-25,35,0,0,70262172,0,0,0,0
ar,Argentina,South America,36,2019-02-01,36,0,0,71454387,0,0,0,0
ar,Argentina,South America,37,2019-02-08,37,0,0,71544503,0,0,0,0
ar,Argentina,South America,38,2019-02-15,38,0,0,73100823,0,0,0,0
ar,Argentina,South America,39,2019-02-22,39,0,0,67355580,0,0,0,0
ar,Argentina,South America,40,2019-03-01,40,0,0,67991154,0,0,0,0
ar,Argentina,South America,41,2019-03-08,41,0,1,62104137,0,0,0,0
ar,Argentina,South America,42,2019-03-15,42,0,1,63892183,0,0,0,0
ar,Argentina,South America,43,2019-03-22,43,0,1,65696882,0,0,0,0
ar,Argentina,South America,44,2019-03-29,44,0,1,68048265,0,0,0,0
ar,Argentina,South America,45,2019-04-05,45,0,1,69455600,0,0,0,0
ar,Argentina,South America,46,2019-04-12,46,0,1,71697956,0,0,0,0
ar,Argentina,South America,47,2019-04-19,47,0,1,64097220,0,0,0,0
ar,Argentina,South America,48,2019-04-26,48,0,1,62938101,0,0,0,0
ar,Argentina,South America,49,2019-05-03,49,0,1,63689149,0,0,0,0
ar,Argentina,South America,50,2019-05-10,50,0,1,70091852,0,0,0,0
ar,Argentina,South America,51,2019-05-17,51,0,1,70315291,0,0,0,0
ar,Argentina,South America,52,2019-05-24,52,0,1,71052804,0,0,0,0
ar,Argentina,South America,53,2019-05-31,1,1,0,70324721,0,0,0,0
ar,Argentina,South America,54,2019-06-07,2,1,0,74644498,0,0,0,0
ar,Argentina,South America,55,2019-06-14,3,1,0,67843510,0,0,0,0
ar,Argentina,South America,56,2019-06-21,4,1,0,69609950,0,0,0,0
ar,Argentina,South America,57,2019-06-28,5,1,0,69211399,0,0,0,0
ar,Argentina,South America,58,2019-07-05,6,1,0,69583447,0,0,0,0
ar,Argentina,South America,59,2019-07-12,7,1,0,73311220,0,0,0,0
ar,Argentina,South America,60,2019-07-19,8,1,0,72840729,0,0,0,0
ar,Argentina,South America,61,2019-07-26,9,1,0,75038515,0,0,0,0
ar,Argentina,South America,62,2019-08-02,10,1,0,78056457,0,0,0,0
ar,Argentina,South America,63,2019-08-09,11,1,0,80640426,0,0,0,0
ar,Argentina,South America,64,2019-08-16,12,1,0,85013483,0,0,0,0
ar,Argentina,South America,65,2019-08-23,13,1,0,86607289,0,0,0,0
ar,Argentina,South America,66,2019-08-30,14,1,0,83673908,0,0,0,0
ar,Argentina,South America,67,2019-09-06,15,1,0,87381601,0,0,0,0
ar,Argentina,South America,68,2019-09-13,16,1,0,89479041,0,0,0,0
ar,Argentina,South America,69,2019-09-20,17,1,0,89137869,0,0,0,0
ar,Argentina,South America,70,2019-09-27,18,1,0,86965443,0,0,0,0
ar,Argentina,South America,71,2019-10-04,19,1,0,91379059,0,0,0,0
ar,Argentina,South America,72,2019-10-11,20,1,0,85774153,0,0,0,0
ar,Argentina,South America,73,2019-10-18,21,1,0,89295852,0,0,0,0
ar,Argentina,South America,74,2019-10-25,22,1,0,89892026,0,0,0,0
ar,Argentina,South America,75,2019-11-01,23,1,0,88648855,0,0,0,0
ar,Argentina,South America,76,2019-11-08,24,1,0,87561284,0,0,0,0
ar,Argentina,South America,77,2019-11-15,25,1,0,87165578,0,0,0,0
ar,Argentina,South America,78,2019-11-22,26,1,0,83769993,0,0,0,0
ar,Argentina,South America,79,2019-11-29,27,1,0,84987773,0,0,0,0
ar,Argentina,South America,80,2019-12-06,28,1,0,83834102,0,0,0,0
ar,Argentina,South America,81,2019-12-13,29,1,0,83441176,0,0,0,0
ar,Argentina,South America,82,2019-12-20,30,1,0,91890076,0,0,0,0
ar,Argentina,South America,83,2019-12-27,31,1,0,89923167,0,0,0,0
ar,Argentina,South America,84,2020-01-03,32,1,0,86788106,0,0,0,0
ar,Argentina,South America,85,2020-01-10,33,1,0,90472597,0,0,0,0
ar,Argentina,South America,86,2020-01-17,34,1,0,91903017,0,0,0,0
ar,Argentina,South America,87,2020-01-24,35,1,0,90734110,0,0,0,0
ar,Argentina,South America,88,2020-01-31,36,1,0,88847935,0,0,0,0
ar,Argentina,South America,89,2020-02-07,37,1,0,84555806,0,0,0,0
ar,Argentina,South America,90,2020-02-14,38,1,0,83702371,0,0,0,0
ar,Argentina,South America,91,2020-02-21,39,1,0,83310551,0,0,0,0
ar,Argentina,South America,92,2020-02-28,40,1,0,85356027,0,0,0,0
ar,Argentina,South America,93,2020-03-06,41,1,1,83081702,18,1,0.40454435,0.022474688
ar,Argentina,South America,94,2020-03-13,42,1,1,75717571,78,1,1.7530255,0.022474688
ar,Argentina,South America,95,2020-03-20,43,1,1,68796608,405,6,9.1022482,0.13484812
ar,Argentina,South America,96,2020-03-27,44,1,1,69085680,631,23,14.181527,0.51691782
ar,Argentina,South America,97,2020-04-03,45,1,1,67063216,662,34,14.878242,0.76413935
ar,Argentina,South America,98,2020-04-10,46,1,1,68009289,637,44,14.316376,0.98888624
ar,Argentina,South America,99,2020-04-17,47,1,1,69759934,844,50,18.968636,1.1237344
ar,Argentina,South America,100,2020-04-24,48,1,1,65100385,996,55,22.384789,1.2361078
ar,Argentina,South America,101,2020-05-01,49,1,1,63745418,923,59,20.744137,1.3260065
ar,Argentina,South America,102,2020-05-08,50,1,1,66705954,1671,56,37.555202,1.2585825
ar,Argentina,South America,103,2020-05-15,51,1,1,68402267,2404,74,54.029148,1.6631268
ar,Argentina,South America,104,2020-05-22,52,1,1,67825068,4650,97,104.50729,2.1800447
at,Austria,Europe,1,2018-06-01,1,0,0,8288235,0,0,0,0
at,Austria,Europe,2,2018-06-08,2,0,0,8557630,0,0,0,0
at,Austria,Europe,3,2018-06-15,3,0,0,8719932,0,0,0,0
at,Austria,Europe,4,2018-06-22,4,0,0,9370538,0,0,0,0
at,Austria,Europe,5,2018-06-29,5,0,0,9320253,0,0,0,0
at,Austria,Europe,6,2018-07-06,6,0,0,8703863,0,0,0,0
at,Austria,Europe,7,2018-07-13,7,0,0,8988492,0,0,0,0
at,Austria,Europe,8,2018-07-20,8,0,0,8995752,0,0,0,0
at,Austria,Europe,9,2018-07-27,9,0,0,9090612,0,0,0,0
at,Austria,Europe,10,2018-08-03,10,0,0,10017309,0,0,0,0
at,Austria,Europe,11,2018-08-10,11,0,0,10095617,0,0,0,0
at,Austria,Europe,12,2018-08-17,12,0,0,9873580,0,0,0,0
at,Austria,Europe,13,2018-08-24,13,0,0,10301612,0,0,0,0
at,Austria,Europe,14,2018-08-31,14,0,0,9508616,0,0,0,0
at,Austria,Europe,15,2018-09-07,15,0,0,9717264,0,0,0,0
at,Austria,Europe,16,2018-09-14,16,0,0,9794815,0,0,0,0
at,Austria,Europe,17,2018-09-21,17,0,0,9570905,0,0,0,0
at,Austria,Europe,18,2018-09-28,18,0,0,9741243,0,0,0,0
at,Austria,Europe,19,2018-10-05,19,0,0,11317627,0,0,0,0
at,Austria,Europe,20,2018-10-12,20,0,0,9998850,0,0,0,0
at,Austria,Europe,21,2018-10-19,21,0,0,10057269,0,0,0,0
at,Austria,Europe,22,2018-10-26,22,0,0,9846497,0,0,0,0
at,Austria,Europe,23,2018-11-02,23,0,0,9638980,0,0,0,0
at,Austria,Europe,24,2018-11-09,24,0,0,9628320,0,0,0,0
at,Austria,Europe,25,2018-11-16,25,0,0,9380953,0,0,0,0
at,Austria,Europe,26,2018-11-23,26,0,0,10102794,0,0,0,0
at,Austria,Europe,27,2018-11-30,27,0,0,10746053,0,0,0,0
at,Austria,Europe,28,2018-12-07,28,0,0,10596424,0,0,0,0
at,Austria,Europe,29,2018-12-14,29,0,0,11294394,0,0,0,0
at,Austria,Europe,30,2018-12-21,30,0,0,14342847,0,0,0,0
at,Austria,Europe,31,2018-12-28,31,0,0,9574230,0,0,0,0
at,Austria,Europe,32,2019-01-04,32,0,0,9057979,0,0,0,0
at,Austria,Europe,33,2019-01-11,33,0,0,10170396,0,0,0,0
at,Austria,Europe,34,2019-01-18,34,0,0,10749930,0,0,0,0
at,Austria,Europe,35,2019-01-25,35,0,0,10798440,0,0,0,0
at,Austria,Europe,36,2019-02-01,36,0,0,10637967,0,0,0,0
at,Austria,Europe,37,2019-02-08,37,0,0,11200584,0,0,0,0
at,Austria,Europe,38,2019-02-15,38,0,0,10939286,0,0,0,0
at,Austria,Europe,39,2019-02-22,39,0,0,10883893,0,0,0,0
at,Austria,Europe,40,2019-03-01,40,0,0,10661085,0,0,0,0
at,Austria,Europe,41,2019-03-08,41,0,1,11389684,0,0,0,0
at,Austria,Europe,42,2019-03-15,42,0,1,12809950,0,0,0,0
at,Austria,Europe,43,2019-03-22,43,0,1,12817034,0,0,0,0
at,Austria,Europe,44,2019-03-29,44,0,1,12662184,0,0,0,0
at,Austria,Europe,45,2019-04-05,45,0,1,11866406,0,0,0,0
at,Austria,Europe,46,2019-04-12,46,0,1,12980101,0,0,0,0
at,Austria,Europe,47,2019-04-19,47,0,1,11340264,0,0,0,0
at,Austria,Europe,48,2019-04-26,48,0,1,10994629,0,0,0,0
at,Austria,Europe,49,2019-05-03,49,0,1,10664408,0,0,0,0
at,Austria,Europe,50,2019-05-10,50,0,1,11267510,0,0,0,0
at,Austria,Europe,51,2019-05-17,51,0,1,12097847,0,0,0,0
at,Austria,Europe,52,2019-05-24,52,0,1,12037108,0,0,0,0
at,Austria,Europe,53,2019-05-31,1,1,0,11717462,0,0,0,0
at,Austria,Europe,54,2019-06-07,2,1,0,12223289,0,0,0,0
at,Austria,Europe,55,2019-06-14,3,1,0,12307035,0,0,0,0
at,Austria,Europe,56,2019-06-21,4,1,0,13007357,0,0,0,0
at,Austria,Europe,57,2019-06-28,5,1,0,13197712,0,0,0,0
at,Austria,Europe,58,2019-07-05,6,1,0,12138870,0,0,0,0
at,Austria,Europe,59,2019-07-12,7,1,0,12810616,0,0,0,0
at,Austria,Europe,60,2019-07-19,8,1,0,11911502,0,0,0,0
at,Austria,Europe,61,2019-07-26,9,1,0,11386518,0,0,0,0
at,Austria,Europe,62,2019-08-02,10,1,0,11113396,0,0,0,0
at,Austria,Europe,63,2019-08-09,11,1,0,11366022,0,0,0,0
at,Austria,Europe,64,2019-08-16,12,1,0,10556102,0,0,0,0
at,Austria,Europe,65,2019-08-23,13,1,0,11055538,0,0,0,0
at,Austria,Europe,66,2019-08-30,14,1,0,11596960,0,0,0,0
at,Austria,Europe,67,2019-09-06,15,1,0,11847337,0,0,0,0
at,Austria,Europe,68,2019-09-13,16,1,0,11883708,0,0,0,0
at,Austria,Europe,69,2019-09-20,17,1,0,12682566,0,0,0,0
at,Austria,Europe,70,2019-09-27,18,1,0,12595810,0,0,0,0
at,Austria,Europe,71,2019-10-04,19,1,0,13041067,0,0,0,0
at,Austria,Europe,72,2019-10-11,20,1,0,12522166,0,0,0,0
at,Austria,Europe,73,2019-10-18,21,1,0,12258143,0,0,0,0
at,Austria,Europe,74,2019-10-25,22,1,0,12786109,0,0,0,0
at,Austria,Europe,75,2019-11-01,23,1,0,12826726,0,0,0,0
at,Austria,Europe,76,2019-11-08,24,1,0,12336914,0,0,0,0
at,Austria,Europe,77,2019-11-15,25,1,0,11811446,0,0,0,0
at,Austria,Europe,78,2019-11-22,26,1,0,11501670,0,0,0,0
at,Austria,Europe,79,2019-11-29,27,1,0,13306327,0,0,0,0
at,Austria,Europe,80,2019-12-06,28,1,0,14117251,0,0,0,0
at,Austria,Europe,81,2019-12-13,29,1,0,13942956,0,0,0,0
at,Austria,Europe,82,2019-12-20,30,1,0,17611730,0,0,0,0
at,Austria,Europe,83,2019-12-27,31,1,0,11000204,0,0,0,0
at,Austria,Europe,84,2020-01-03,32,1,0,10955668,0,0,0,0
at,Austria,Europe,85,2020-01-10,33,1,0,12953412,0,0,0,0
at,Austria,Europe,86,2020-01-17,34,1,0,13000131,0,0,0,0
at,Austria,Europe,87,2020-01-24,35,1,0,12585365,0,0,0,0
at,Austria,Europe,88,2020-01-31,36,1,0,12360964,0,0,0,0
at,Austria,Europe,89,2020-02-07,37,1,0,12320194,0,0,0,0
at,Austria,Europe,90,2020-02-14,38,1,0,12919455,0,0,0,0
at,Austria,Europe,91,2020-02-21,39,1,0,12034104,2,0,0.22623101,0
at,Austria,Europe,92,2020-02-28,40,1,0,12305968,27,0,3.0541186,0
at,Austria,Europe,93,2020-03-06,41,1,1,12099274,217,0,24.546064,0
at,Austria,Europe,94,2020-03-13,42,1,1,11674158,1400,4,158.36171,0.45246202
at,Austria,Europe,95,2020-03-20,43,1,1,10879184,4242,30,479.83597,3.393465
at,Austria,Europe,96,2020-03-27,44,1,1,11384256,4823,112,545.55609,12.668937
at,Austria,Europe,97,2020-04-03,45,1,1,10896132,2258,127,255.41481,14.365669
at,Austria,Europe,98,2020-04-10,46,1,1,10813674,1401,120,158.47482,13.57386
at,Austria,Europe,99,2020-04-17,47,1,1,11252195,554,101,62.665989,11.424666
at,Austria,Europe,100,2020-04-24,48,1,1,11759700,440,86,49.770821,9.7279339
at,Austria,Europe,101,2020-05-01,49,1,1,11523061,287,28,32.464149,3.1672342
at,Austria,Europe,102,2020-05-08,50,1,1,11729485,313,16,35.405151,1.8098481
at,Austria,Europe,103,2020-05-15,51,1,1,11661831,311,9,35.178921,1.0180396
at,Austria,Europe,104,2020-05-22,52,1,1,11505902,240,12,27.14772,1.3573861
au,Australia,Oceania,1,2018-06-01,1,0,0,78214488,0,0,0,0
au,Australia,Oceania,2,2018-06-08,2,0,0,76459211,0,0,0,0
au,Australia,Oceania,3,2018-06-15,3,0,0,78628109,0,0,0,0
au,Australia,Oceania,4,2018-06-22,4,0,0,77815636,0,0,0,0
au,Australia,Oceania,5,2018-06-29,5,0,0,83026539,0,0,0,0
au,Australia,Oceania,6,2018-07-06,6,0,0,76116439,0,0,0,0
au,Australia,Oceania,7,2018-07-13,7,0,0,80375816,0,0,0,0
au,Australia,Oceania,8,2018-07-20,8,0,0,79891213,0,0,0,0
au,Australia,Oceania,9,2018-07-27,9,0,0,81555639,0,0,0,0
au,Australia,Oceania,10,2018-08-03,10,0,0,85446533,0,0,0,0
au,Australia,Oceania,11,2018-08-10,11,0,0,80431904,0,0,0,0
au,Australia,Oceania,12,2018-08-17,12,0,0,82080657,0,0,0,0
au,Australia,Oceania,13,2018-08-24,13,0,0,79296983,0,0,0,0
au,Australia,Oceania,14,2018-08-31,14,0,0,84841900,0,0,0,0
au,Australia,Oceania,15,2018-09-07,15,0,0,81474351,0,0,0,0
au,Australia,Oceania,16,2018-09-14,16,0,0,79456183,0,0,0,0
au,Australia,Oceania,17,2018-09-21,17,0,0,78462386,0,0,0,0
au,Australia,Oceania,18,2018-09-28,18,0,0,74081398,0,0,0,0
au,Australia,Oceania,19,2018-10-05,19,0,0,74919074,0,0,0,0
au,Australia,Oceania,20,2018-10-12,20,0,0,77243017,0,0,0,0
au,Australia,Oceania,21,2018-10-19,21,0,0,81220980,0,0,0,0
au,Australia,Oceania,22,2018-10-26,22,0,0,80627827,0,0,0,0
au,Australia,Oceania,23,2018-11-02,23,0,0,80627481,0,0,0,0
au,Australia,Oceania,24,2018-11-09,24,0,0,82768555,0,0,0,0
au,Australia,Oceania,25,2018-11-16,25,0,0,79916485,0,0,0,0
au,Australia,Oceania,26,2018-11-23,26,0,0,78183727,0,0,0,0
au,Australia,Oceania,27,2018-11-30,27,0,0,80932374,0,0,0,0
au,Australia,Oceania,28,2018-12-07,28,0,0,80734049,0,0,0,0
au,Australia,Oceania,29,2018-12-14,29,0,0,82868413,0,0,0,0
au,Australia,Oceania,30,2018-12-21,30,0,0,104519291,0,0,0,0
au,Australia,Oceania,31,2018-12-28,31,0,0,78007892,0,0,0,0
au,Australia,Oceania,32,2019-01-04,32,0,0,78800939,0,0,0,0
au,Australia,Oceania,33,2019-01-11,33,0,0,80929840,0,0,0,0
au,Australia,Oceania,34,2019-01-18,34,0,0,84655864,0,0,0,0
au,Australia,Oceania,35,2019-01-25,35,0,0,85827545,0,0,0,0
au,Australia,Oceania,36,2019-02-01,36,0,0,87502314,0,0,0,0
au,Australia,Oceania,37,2019-02-08,37,0,0,95724151,0,0,0,0
au,Australia,Oceania,38,2019-02-15,38,0,0,90183395,0,0,0,0
au,Australia,Oceania,39,2019-02-22,39,0,0,87136734,0,0,0,0
au,Australia,Oceania,40,2019-03-01,40,0,0,84676847,0,0,0,0
au,Australia,Oceania,41,2019-03-08,41,0,1,83396634,0,0,0,0
au,Australia,Oceania,42,2019-03-15,42,0,1,80984631,0,0,0,0
au,Australia,Oceania,43,2019-03-22,43,0,1,80647452,0,0,0,0
au,Australia,Oceania,44,2019-03-29,44,0,1,86913713,0,0,0,0
au,Australia,Oceania,45,2019-04-05,45,0,1,84982496,0,0,0,0
au,Australia,Oceania,46,2019-04-12,46,0,1,82696167,0,0,0,0
au,Australia,Oceania,47,2019-04-19,47,0,1,74653740,0,0,0,0
au,Australia,Oceania,48,2019-04-26,48,0,1,79499138,0,0,0,0
au,Australia,Oceania,49,2019-05-03,49,0,1,81605490,0,0,0,0
au,Australia,Oceania,50,2019-05-10,50,0,1,81607566,0,0,0,0
au,Australia,Oceania,51,2019-05-17,51,0,1,83867380,0,0,0,0
au,Australia,Oceania,52,2019-05-24,52,0,1,81985026,0,0,0,0
au,Australia,Oceania,53,2019-05-31,1,1,0,78471766,0,0,0,0
au,Australia,Oceania,54,2019-06-07,2,1,0,77109666,0,0,0,0
au,Australia,Oceania,55,2019-06-14,3,1,0,77648277,0,0,0,0
au,Australia,Oceania,56,2019-06-21,4,1,0,78149114,0,0,0,0
au,Australia,Oceania,57,2019-06-28,5,1,0,80776330,0,0,0,0
au,Australia,Oceania,58,2019-07-05,6,1,0,80682290,0,0,0,0
au,Australia,Oceania,59,2019-07-12,7,1,0,83724599,0,0,0,0
au,Australia,Oceania,60,2019-07-19,8,1,0,82078661,0,0,0,0
au,Australia,Oceania,61,2019-07-26,9,1,0,82496737,0,0,0,0
au,Australia,Oceania,62,2019-08-02,10,1,0,83667243,0,0,0,0
au,Australia,Oceania,63,2019-08-09,11,1,0,81565629,0,0,0,0
au,Australia,Oceania,64,2019-08-16,12,1,0,82168829,0,0,0,0
au,Australia,Oceania,65,2019-08-23,13,1,0,86835627,0,0,0,0
au,Australia,Oceania,66,2019-08-30,14,1,0,85875667,0,0,0,0
au,Australia,Oceania,67,2019-09-06,15,1,0,88029585,0,0,0,0
au,Australia,Oceania,68,2019-09-13,16,1,0,86921218,0,0,0,0
au,Australia,Oceania,69,2019-09-20,17,1,0,82803079,0,0,0,0
au,Australia,Oceania,70,2019-09-27,18,1,0,81907738,0,0,0,0
au,Australia,Oceania,71,2019-10-04,19,1,0,83400808,0,0,0,0
au,Australia,Oceania,72,2019-10-11,20,1,0,84506341,0,0,0,0
au,Australia,Oceania,73,2019-10-18,21,1,0,85494479,0,0,0,0
au,Australia,Oceania,74,2019-10-25,22,1,0,90474068,0,0,0,0
au,Australia,Oceania,75,2019-11-01,23,1,0,84977422,0,0,0,0
au,Australia,Oceania,76,2019-11-08,24,1,0,83769102,0,0,0,0
au,Australia,Oceania,77,2019-11-15,25,1,0,85492005,0,0,0,0
au,Australia,Oceania,78,2019-11-22,26,1,0,84438980,0,0,0,0
au,Australia,Oceania,79,2019-11-29,27,1,0,85116808,0,0,0,0
au,Australia,Oceania,80,2019-12-06,28,1,0,88228037,0,0,0,0
au,Australia,Oceania,81,2019-12-13,29,1,0,91908451,0,0,0,0
au,Australia,Oceania,82,2019-12-20,30,1,0,112831589,0,0,0,0
au,Australia,Oceania,83,2019-12-27,31,1,0,82610683,0,0,0,0
au,Australia,Oceania,84,2020-01-03,32,1,0,83948476,0,0,0,0
au,Australia,Oceania,85,2020-01-10,33,1,0,88596857,0,0,0,0
au,Australia,Oceania,86,2020-01-17,34,1,0,93319473,0,0,0,0
au,Australia,Oceania,87,2020-01-24,35,1,0,90161884,6,0,0.24016631,0
au,Australia,Oceania,88,2020-01-31,36,1,0,88219569,7,0,0.28019401,0
au,Australia,Oceania,89,2020-02-07,37,1,0,88689294,1,0,0.040027719,0
au,Australia,Oceania,90,2020-02-14,38,1,0,92116015,1,0,0.040027719,0
au,Australia,Oceania,91,2020-02-21,39,1,0,89691929,8,0,0.32022175,0
au,Australia,Oceania,92,2020-02-28,40,1,0,88742547,29,2,1.1608038,0.080055438
au,Australia,Oceania,93,2020-03-06,41,1,1,87570802,74,1,2.9620512,0.040027719
au,Australia,Oceania,94,2020-03-13,42,1,1,85544916,439,3,17.572168,0.12008315
au,Australia,Oceania,95,2020-03-20,43,1,1,89404197,2234,5,89.421921,0.2001386
au,Australia,Oceania,96,2020-03-27,44,1,1,87026531,2177,10,87.140343,0.4002772
au,Australia,Oceania,97,2020-04-03,45,1,1,84151943,1076,29,43.069824,1.1608038
au,Australia,Oceania,98,2020-04-10,46,1,1,82060878,406,13,16.251253,0.52036035
au,Australia,Oceania,99,2020-04-17,47,1,1,81984443,196,11,7.8454328,0.44030491
au,Australia,Oceania,100,2020-04-24,48,1,1,81649135,92,16,3.6825502,0.6404435
au,Australia,Oceania,101,2020-05-01,49,1,1,81362878,129,7,5.1635756,0.28019401
au,Australia,Oceania,102,2020-05-08,50,1,1,81475895,100,1,4.0027719,0.040027719
au,Australia,Oceania,103,2020-05-15,51,1,1,81645329,104,2,4.1628828,0.080055438
au,Australia,Oceania,104,2020-05-22,52,1,1,80388466,60,2,2.4016631,0.080055438
be,Belgium,Europe,1,2018-06-01,1,0,0,12169368,0,0,0,0
be,Belgium,Europe,2,2018-06-08,2,0,0,12061395,0,0,0,0
be,Belgium,Europe,3,2018-06-15,3,0,0,14459007,0,0,0,0
be,Belgium,Europe,4,2018-06-22,4,0,0,13347611,0,0,0,0
be,Belgium,Europe,5,2018-06-29,5,0,0,13283685,0,0,0,0
be,Belgium,Europe,6,2018-07-06,6,0,0,11735915,0,0,0,0
be,Belgium,Europe,7,2018-07-13,7,0,0,12705804,0,0,0,0
be,Belgium,Europe,8,2018-07-20,8,0,0,12454502,0,0,0,0
be,Belgium,Europe,9,2018-07-27,9,0,0,12605449,0,0,0,0
be,Belgium,Europe,10,2018-08-03,10,0,0,13017274,0,0,0,0
be,Belgium,Europe,11,2018-08-10,11,0,0,12610020,0,0,0,0
be,Belgium,Europe,12,2018-08-17,12,0,0,12622137,0,0,0,0
be,Belgium,Europe,13,2018-08-24,13,0,0,12348795,0,0,0,0
be,Belgium,Europe,14,2018-08-31,14,0,0,12634840,0,0,0,0
be,Belgium,Europe,15,2018-09-07,15,0,0,12538824,0,0,0,0
be,Belgium,Europe,16,2018-09-14,16,0,0,12994948,0,0,0,0
be,Belgium,Europe,17,2018-09-21,17,0,0,12930082,0,0,0,0
be,Belgium,Europe,18,2018-09-28,18,0,0,12919827,0,0,0,0
be,Belgium,Europe,19,2018-10-05,19,0,0,13756429,0,0,0,0
be,Belgium,Europe,20,2018-10-12,20,0,0,13471044,0,0,0,0
be,Belgium,Europe,21,2018-10-19,21,0,0,13294785,0,0,0,0
be,Belgium,Europe,22,2018-10-26,22,0,0,13294813,0,0,0,0
be,Belgium,Europe,23,2018-11-02,23,0,0,12665985,0,0,0,0
be,Belgium,Europe,24,2018-11-09,24,0,0,13243017,0,0,0,0
be,Belgium,Europe,25,2018-11-16,25,0,0,13165557,0,0,0,0
be,Belgium,Europe,26,2018-11-23,26,0,0,13352157,0,0,0,0
be,Belgium,Europe,27,2018-11-30,27,0,0,13829319,0,0,0,0
be,Belgium,Europe,28,2018-12-07,28,0,0,14881964,0,0,0,0
be,Belgium,Europe,29,2018-12-14,29,0,0,14105844,0,0,0,0
be,Belgium,Europe,30,2018-12-21,30,0,0,18437760,0,0,0,0
be,Belgium,Europe,31,2018-12-28,31,0,0,13032304,0,0,0,0
be,Belgium,Europe,32,2019-01-04,32,0,0,12340388,0,0,0,0
be,Belgium,Europe,33,2019-01-11,33,0,0,13062229,0,0,0,0
be,Belgium,Europe,34,2019-01-18,34,0,0,13397179,0,0,0,0
be,Belgium,Europe,35,2019-01-25,35,0,0,13559500,0,0,0,0
be,Belgium,Europe,36,2019-02-01,36,0,0,13671960,0,0,0,0
be,Belgium,Europe,37,2019-02-08,37,0,0,14647664,0,0,0,0
be,Belgium,Europe,38,2019-02-15,38,0,0,14201317,0,0,0,0
be,Belgium,Europe,39,2019-02-22,39,0,0,14552920,0,0,0,0
be,Belgium,Europe,40,2019-03-01,40,0,0,14588976,0,0,0,0
be,Belgium,Europe,41,2019-03-08,41,0,1,14463971,0,0,0,0
be,Belgium,Europe,42,2019-03-15,42,0,1,14552606,0,0,0,0
be,Belgium,Europe,43,2019-03-22,43,0,1,16220170,0,0,0,0
be,Belgium,Europe,44,2019-03-29,44,0,1,16243667,0,0,0,0
be,Belgium,Europe,45,2019-04-05,45,0,1,17229714,0,0,0,0
be,Belgium,Europe,46,2019-04-12,46,0,1,16934220,0,0,0,0
be,Belgium,Europe,47,2019-04-19,47,0,1,16114965,0,0,0,0
be,Belgium,Europe,48,2019-04-26,48,0,1,15127885,0,0,0,0
be,Belgium,Europe,49,2019-05-03,49,0,1,15046873,0,0,0,0
be,Belgium,Europe,50,2019-05-10,50,0,1,15706744,0,0,0,0
be,Belgium,Europe,51,2019-05-17,51,0,1,16354967,0,0,0,0
be,Belgium,Europe,52,2019-05-24,52,0,1,16454163,0,0,0,0
be,Belgium,Europe,53,2019-05-31,1,1,0,16150120,0,0,0,0
be,Belgium,Europe,54,2019-06-07,2,1,0,17460079,0,0,0,0
be,Belgium,Europe,55,2019-06-14,3,1,0,16433471,0,0,0,0
be,Belgium,Europe,56,2019-06-21,4,1,0,16726568,0,0,0,0
be,Belgium,Europe,57,2019-06-28,5,1,0,16458816,0,0,0,0
be,Belgium,Europe,58,2019-07-05,6,1,0,16036696,0,0,0,0
be,Belgium,Europe,59,2019-07-12,7,1,0,16210516,0,0,0,0
be,Belgium,Europe,60,2019-07-19,8,1,0,15762057,0,0,0,0
be,Belgium,Europe,61,2019-07-26,9,1,0,15240410,0,0,0,0
be,Belgium,Europe,62,2019-08-02,10,1,0,15707830,0,0,0,0
be,Belgium,Europe,63,2019-08-09,11,1,0,15267432,0,0,0,0
be,Belgium,Europe,64,2019-08-16,12,1,0,15253189,0,0,0,0
be,Belgium,Europe,65,2019-08-23,13,1,0,15656959,0,0,0,0
be,Belgium,Europe,66,2019-08-30,14,1,0,14945994,0,0,0,0
be,Belgium,Europe,67,2019-09-06,15,1,0,16004889,0,0,0,0
be,Belgium,Europe,68,2019-09-13,16,1,0,16129635,0,0,0,0
be,Belgium,Europe,69,2019-09-20,17,1,0,15603250,0,0,0,0
be,Belgium,Europe,70,2019-09-27,18,1,0,15542142,0,0,0,0
be,Belgium,Europe,71,2019-10-04,19,1,0,16442322,0,0,0,0
be,Belgium,Europe,72,2019-10-11,20,1,0,17129141,0,0,0,0
be,Belgium,Europe,73,2019-10-18,21,1,0,16297992,0,0,0,0
be,Belgium,Europe,74,2019-10-25,22,1,0,17794404,0,0,0,0
be,Belgium,Europe,75,2019-11-01,23,1,0,15851111,0,0,0,0
be,Belgium,Europe,76,2019-11-08,24,1,0,16860282,0,0,0,0
be,Belgium,Europe,77,2019-11-15,25,1,0,16570404,0,0,0,0
be,Belgium,Europe,78,2019-11-22,26,1,0,16643393,0,0,0,0
be,Belgium,Europe,79,2019-11-29,27,1,0,17310829,0,0,0,0
be,Belgium,Europe,80,2019-12-06,28,1,0,18795858,0,0,0,0
be,Belgium,Europe,81,2019-12-13,29,1,0,18217700,0,0,0,0
be,Belgium,Europe,82,2019-12-20,30,1,0,23197681,0,0,0,0
be,Belgium,Europe,83,2019-12-27,31,1,0,17325455,0,0,0,0
be,Belgium,Europe,84,2020-01-03,32,1,0,16403987,0,0,0,0
be,Belgium,Europe,85,2020-01-10,33,1,0,17896938,0,0,0,0
be,Belgium,Europe,86,2020-01-17,34,1,0,19935587,0,0,0,0
be,Belgium,Europe,87,2020-01-24,35,1,0,19038269,0,0,0,0
be,Belgium,Europe,88,2020-01-31,36,1,0,18595899,1,0,0.087464146,0
be,Belgium,Europe,89,2020-02-07,37,1,0,18681628,0,0,0,0
be,Belgium,Europe,90,2020-02-14,38,1,0,18768106,0,0,0,0
be,Belgium,Europe,91,2020-02-21,39,1,0,19071405,0,0,0,0
be,Belgium,Europe,92,2020-02-28,40,1,0,18252363,124,0,10.845554,0
be,Belgium,Europe,93,2020-03-06,41,1,1,19086262,649,4,56.764233,0.34985659
be,Belgium,Europe,94,2020-03-13,42,1,1,19384596,2324,58,203.26668,5.0729208
be,Belgium,Europe,95,2020-03-20,43,1,1,19511197,6052,416,529.33301,36.385086
be,Belgium,Europe,96,2020-03-27,44,1,1,18786155,9343,1130,817.17755,98.834488
be,Belgium,Europe,97,2020-04-03,45,1,1,20183164,9806,1826,857.67346,159.70953
be,Belgium,Europe,98,2020-04-10,46,1,1,18888087,9858,1941,862.22156,169.76791
be,Belgium,Europe,99,2020-04-17,47,1,1,18292355,7556,1439,660.87909,125.86091
be,Belgium,Europe,100,2020-04-24,48,1,1,18006621,4226,959,369.6235,83.87812
be,Belgium,Europe,101,2020-05-01,49,1,1,17545009,3018,601,263.9668,52.565952
be,Belgium,Europe,102,2020-05-08,50,1,1,17772962,2475,454,216.47377,39.708725
be,Belgium,Europe,103,2020-05-15,51,1,1,19235655,1873,249,163.82034,21.778572
be,Belgium,Europe,104,2020-05-22,52,1,1,17634481,1214,207,106.18147,18.10508
bg,Bulgaria,Europe,1,2018-06-01,1,0,0,950137,0,0,0,0
bg,Bulgaria,Europe,2,2018-06-08,2,0,0,922865,0,0,0,0
bg,Bulgaria,Europe,3,2018-06-15,3,0,0,960441,0,0,0,0
bg,Bulgaria,Europe,4,2018-06-22,4,0,0,965797,0,0,0,0
bg,Bulgaria,Europe,5,2018-06-29,5,0,0,1083559,0,0,0,0
bg,Bulgaria,Europe,6,2018-07-06,6,0,0,960132,0,0,0,0
bg,Bulgaria,Europe,7,2018-07-13,7,0,0,1022027,0,0,0,0
bg,Bulgaria,Europe,8,2018-07-20,8,0,0,996060,0,0,0,0
bg,Bulgaria,Europe,9,2018-07-27,9,0,0,952785,0,0,0,0
bg,Bulgaria,Europe,10,2018-08-03,10,0,0,1078943,0,0,0,0
bg,Bulgaria,Europe,11,2018-08-10,11,0,0,990960,0,0,0,0
bg,Bulgaria,Europe,12,2018-08-17,12,0,0,1049207,0,0,0,0
bg,Bulgaria,Europe,13,2018-08-24,13,0,0,985485,0,0,0,0
bg,Bulgaria,Europe,14,2018-08-31,14,0,0,1136095,0,0,0,0
bg,Bulgaria,Europe,15,2018-09-07,15,0,0,1043073,0,0,0,0
bg,Bulgaria,Europe,16,2018-09-14,16,0,0,1011482,0,0,0,0
bg,Bulgaria,Europe,17,2018-09-21,17,0,0,971304,0,0,0,0
bg,Bulgaria,Europe,18,2018-09-28,18,0,0,1004228,0,0,0,0
bg,Bulgaria,Europe,19,2018-10-05,19,0,0,1047222,0,0,0,0
bg,Bulgaria,Europe,20,2018-10-12,20,0,0,1066534,0,0,0,0
bg,Bulgaria,Europe,21,2018-10-19,21,0,0,1029117,0,0,0,0
bg,Bulgaria,Europe,22,2018-10-26,22,0,0,1020549,0,0,0,0
bg,Bulgaria,Europe,23,2018-11-02,23,0,0,1174499,0,0,0,0
bg,Bulgaria,Europe,24,2018-11-09,24,0,0,1165889,0,0,0,0
bg,Bulgaria,Europe,25,2018-11-16,25,0,0,1086499,0,0,0,0
bg,Bulgaria,Europe,26,2018-11-23,26,0,0,1069337,0,0,0,0
bg,Bulgaria,Europe,27,2018-11-30,27,0,0,1127268,0,0,0,0
bg,Bulgaria,Europe,28,2018-12-07,28,0,0,1130160,0,0,0,0
bg,Bulgaria,Europe,29,2018-12-14,29,0,0,1129477,0,0,0,0
bg,Bulgaria,Europe,30,2018-12-21,30,0,0,1172134,0,0,0,0
bg,Bulgaria,Europe,31,2018-12-28,31,0,0,970751,0,0,0,0
bg,Bulgaria,Europe,32,2019-01-04,32,0,0,1063868,0,0,0,0
bg,Bulgaria,Europe,33,2019-01-11,33,0,0,1143608,0,0,0,0
bg,Bulgaria,Europe,34,2019-01-18,34,0,0,1255122,0,0,0,0
bg,Bulgaria,Europe,35,2019-01-25,35,0,0,1245344,0,0,0,0
bg,Bulgaria,Europe,36,2019-02-01,36,0,0,1241714,0,0,0,0
bg,Bulgaria,Europe,37,2019-02-08,37,0,0,1480042,0,0,0,0
bg,Bulgaria,Europe,38,2019-02-15,38,0,0,1323200,0,0,0,0
bg,Bulgaria,Europe,39,2019-02-22,39,0,0,1280244,0,0,0,0
bg,Bulgaria,Europe,40,2019-03-01,40,0,0,1237747,0,0,0,0
bg,Bulgaria,Europe,41,2019-03-08,41,0,1,1255430,0,0,0,0
bg,Bulgaria,Europe,42,2019-03-15,42,0,1,1208391,0,0,0,0
bg,Bulgaria,Europe,43,2019-03-22,43,0,1,1181168,0,0,0,0
bg,Bulgaria,Europe,44,2019-03-29,44,0,1,1352559,0,0,0,0
bg,Bulgaria,Europe,45,2019-04-05,45,0,1,1215460,0,0,0,0
bg,Bulgaria,Europe,46,2019-04-12,46,0,1,1273306,0,0,0,0
bg,Bulgaria,Europe,47,2019-04-19,47,0,1,1218149,0,0,0,0
bg,Bulgaria,Europe,48,2019-04-26,48,0,1,1108931,0,0,0,0
bg,Bulgaria,Europe,49,2019-05-03,49,0,1,1124859,0,0,0,0
bg,Bulgaria,Europe,50,2019-05-10,50,0,1,1152359,0,0,0,0
bg,Bulgaria,Europe,51,2019-05-17,51,0,1,1592004,0,0,0,0
bg,Bulgaria,Europe,52,2019-05-24,52,0,1,1420822,0,0,0,0
bg,Bulgaria,Europe,53,2019-05-31,1,1,0,1401657,0,0,0,0
bg,Bulgaria,Europe,54,2019-06-07,2,1,0,1367423,0,0,0,0
bg,Bulgaria,Europe,55,2019-06-14,3,1,0,1428548,0,0,0,0
bg,Bulgaria,Europe,56,2019-06-21,4,1,0,1457658,0,0,0,0
bg,Bulgaria,Europe,57,2019-06-28,5,1,0,1461066,0,0,0,0
bg,Bulgaria,Europe,58,2019-07-05,6,1,0,1414319,0,0,0,0
bg,Bulgaria,Europe,59,2019-07-12,7,1,0,1507670,0,0,0,0
bg,Bulgaria,Europe,60,2019-07-19,8,1,0,1401785,0,0,0,0
bg,Bulgaria,Europe,61,2019-07-26,9,1,0,1360235,0,0,0,0
bg,Bulgaria,Europe,62,2019-08-02,10,1,0,1335618,0,0,0,0
bg,Bulgaria,Europe,63,2019-08-09,11,1,0,1300626,0,0,0,0
bg,Bulgaria,Europe,64,2019-08-16,12,1,0,1282328,0,0,0,0
bg,Bulgaria,Europe,65,2019-08-23,13,1,0,1248069,0,0,0,0
bg,Bulgaria,Europe,66,2019-08-30,14,1,0,1300929,0,0,0,0
bg,Bulgaria,Europe,67,2019-09-06,15,1,0,1365491,0,0,0,0
bg,Bulgaria,Europe,68,2019-09-13,16,1,0,1411511,0,0,0,0
bg,Bulgaria,Europe,69,2019-09-20,17,1,0,1265201,0,0,0,0
bg,Bulgaria,Europe,70,2019-09-27,18,1,0,1278729,0,0,0,0
bg,Bulgaria,Europe,71,2019-10-04,19,1,0,1348099,0,0,0,0
bg,Bulgaria,Europe,72,2019-10-11,20,1,0,1358710,0,0,0,0
bg,Bulgaria,Europe,73,2019-10-18,21,1,0,1369532,0,0,0,0
bg,Bulgaria,Europe,74,2019-10-25,22,1,0,1462539,0,0,0,0
bg,Bulgaria,Europe,75,2019-11-01,23,1,0,1341236,0,0,0,0
bg,Bulgaria,Europe,76,2019-11-08,24,1,0,1327502,0,0,0,0
bg,Bulgaria,Europe,77,2019-11-15,25,1,0,1357160,0,0,0,0
bg,Bulgaria,Europe,78,2019-11-22,26,1,0,1343779,0,0,0,0
bg,Bulgaria,Europe,79,2019-11-29,27,1,0,1464021,0,0,0,0
bg,Bulgaria,Europe,80,2019-12-06,28,1,0,1681122,0,0,0,0
bg,Bulgaria,Europe,81,2019-12-13,29,1,0,1622828,0,0,0,0
bg,Bulgaria,Europe,82,2019-12-20,30,1,0,1593081,0,0,0,0
bg,Bulgaria,Europe,83,2019-12-27,31,1,0,1400429,0,0,0,0
bg,Bulgaria,Europe,84,2020-01-03,32,1,0,1479808,0,0,0,0
bg,Bulgaria,Europe,85,2020-01-10,33,1,0,1704101,0,0,0,0
bg,Bulgaria,Europe,86,2020-01-17,34,1,0,1862813,0,0,0,0
bg,Bulgaria,Europe,87,2020-01-24,35,1,0,1690934,0,0,0,0
bg,Bulgaria,Europe,88,2020-01-31,36,1,0,1597366,0,0,0,0
bg,Bulgaria,Europe,89,2020-02-07,37,1,0,1696492,0,0,0,0
bg,Bulgaria,Europe,90,2020-02-14,38,1,0,1661306,0,0,0,0
bg,Bulgaria,Europe,91,2020-02-21,39,1,0,1736267,0,0,0,0
bg,Bulgaria,Europe,92,2020-02-28,40,1,0,1577986,0,0,0,0
bg,Bulgaria,Europe,93,2020-03-06,41,1,1,1570951,0,0,0,0
bg,Bulgaria,Europe,94,2020-03-13,42,1,1,1375241,85,1,12.099581,0.14234801
bg,Bulgaria,Europe,95,2020-03-20,43,1,1,1563609,150,1,21.352201,0.14234801
bg,Bulgaria,Europe,96,2020-03-27,44,1,1,1518409,180,7,25.622641,0.99643606
bg,Bulgaria,Europe,97,2020-04-03,45,1,1,1471253,171,14,24.341509,1.9928721
bg,Bulgaria,Europe,98,2020-04-10,46,1,1,1483128,154,12,21.921593,1.708176
bg,Bulgaria,Europe,99,2020-04-17,47,1,1,1369901,277,13,39.430397,1.8505241
bg,Bulgaria,Europe,100,2020-04-24,48,1,1,1504253,423,15,60.213207,2.1352201
bg,Bulgaria,Europe,101,2020-05-01,49,1,1,1454905,331,20,47.117191,2.8469601
bg,Bulgaria,Europe,102,2020-05-08,50,1,1,1506582,291,12,41.423271,1.708176
bg,Bulgaria,Europe,103,2020-05-15,51,1,1,1508144,262,24,37.295177,3.416352
bg,Bulgaria,Europe,104,2020-05-22,52,1,1,1559898,129,13,18.362892,1.8505241
bo,Bolivia,South America,1,2018-06-01,1,0,0,2653850,0,0,0,0
bo,Bolivia,South America,2,2018-06-08,2,0,0,2778597,0,0,0,0
bo,Bolivia,South America,3,2018-06-15,3,0,0,2579542,0,0,0,0
bo,Bolivia,South America,4,2018-06-22,4,0,0,2669872,0,0,0,0
bo,Bolivia,South America,5,2018-06-29,5,0,0,2852717,0,0,0,0
bo,Bolivia,South America,6,2018-07-06,6,0,0,2704246,0,0,0,0
bo,Bolivia,South America,7,2018-07-13,7,0,0,2839554,0,0,0,0
bo,Bolivia,South America,8,2018-07-20,8,0,0,2865531,0,0,0,0
bo,Bolivia,South America,9,2018-07-27,9,0,0,3040666,0,0,0,0
bo,Bolivia,South America,10,2018-08-03,10,0,0,2918448,0,0,0,0
bo,Bolivia,South America,11,2018-08-10,11,0,0,3302016,0,0,0,0
bo,Bolivia,South America,12,2018-08-17,12,0,0,3111847,0,0,0,0
bo,Bolivia,South America,13,2018-08-24,13,0,0,3191189,0,0,0,0
bo,Bolivia,South America,14,2018-08-31,14,0,0,3278198,0,0,0,0
bo,Bolivia,South America,15,2018-09-07,15,0,0,3372954,0,0,0,0
bo,Bolivia,South America,16,2018-09-14,16,0,0,3242174,0,0,0,0
bo,Bolivia,South America,17,2018-09-21,17,0,0,3239611,0,0,0,0
bo,Bolivia,South America,18,2018-09-28,18,0,0,3324401,0,0,0,0
bo,Bolivia,South America,19,2018-10-05,19,0,0,3340733,0,0,0,0
bo,Bolivia,South America,20,2018-10-12,20,0,0,3516866,0,0,0,0
bo,Bolivia,South America,21,2018-10-19,21,0,0,3420719,0,0,0,0
bo,Bolivia,South America,22,2018-10-26,22,0,0,3483589,0,0,0,0
bo,Bolivia,South America,23,2018-11-02,23,0,0,3479057,0,0,0,0
bo,Bolivia,South America,24,2018-11-09,24,0,0,3864370,0,0,0,0
bo,Bolivia,South America,25,2018-11-16,25,0,0,3866690,0,0,0,0
bo,Bolivia,South America,26,2018-11-23,26,0,0,3646392,0,0,0,0
bo,Bolivia,South America,27,2018-11-30,27,0,0,3632246,0,0,0,0
bo,Bolivia,South America,28,2018-12-07,28,0,0,3563351,0,0,0,0
bo,Bolivia,South America,29,2018-12-14,29,0,0,3577671,0,0,0,0
bo,Bolivia,South America,30,2018-12-21,30,0,0,3469491,0,0,0,0
bo,Bolivia,South America,31,2018-12-28,31,0,0,3461257,0,0,0,0
bo,Bolivia,South America,32,2019-01-04,32,0,0,3520498,0,0,0,0
bo,Bolivia,South America,33,2019-01-11,33,0,0,3650687,0,0,0,0
bo,Bolivia,South America,34,2019-01-18,34,0,0,3950122,0,0,0,0
bo,Bolivia,South America,35,2019-01-25,35,0,0,3963464,0,0,0,0
bo,Bolivia,South America,36,2019-02-01,36,0,0,4069151,0,0,0,0
bo,Bolivia,South America,37,2019-02-08,37,0,0,4245107,0,0,0,0
bo,Bolivia,South America,38,2019-02-15,38,0,0,4379117,0,0,0,0
bo,Bolivia,South America,39,2019-02-22,39,0,0,4298904,0,0,0,0
bo,Bolivia,South America,40,2019-03-01,40,0,0,4105590,0,0,0,0
bo,Bolivia,South America,41,2019-03-08,41,0,1,4304071,0,0,0,0
bo,Bolivia,South America,42,2019-03-15,42,0,1,4411324,0,0,0,0
bo,Bolivia,South America,43,2019-03-22,43,0,1,4515224,0,0,0,0
bo,Bolivia,South America,44,2019-03-29,44,0,1,4576276,0,0,0,0
bo,Bolivia,South America,45,2019-04-05,45,0,1,4569972,0,0,0,0
bo,Bolivia,South America,46,2019-04-12,46,0,1,4839521,0,0,0,0
bo,Bolivia,South America,47,2019-04-19,47,0,1,4398440,0,0,0,0
bo,Bolivia,South America,48,2019-04-26,48,0,1,4352597,0,0,0,0
bo,Bolivia,South America,49,2019-05-03,49,0,1,4568894,0,0,0,0
bo,Bolivia,South America,50,2019-05-10,50,0,1,4465151,0,0,0,0
bo,Bolivia,South America,51,2019-05-17,51,0,1,4471894,0,0,0,0
bo,Bolivia,South America,52,2019-05-24,52,0,1,4618552,0,0,0,0
bo,Bolivia,South America,53,2019-05-31,1,1,0,4527226,0,0,0,0
bo,Bolivia,South America,54,2019-06-07,2,1,0,4641369,0,0,0,0
bo,Bolivia,South America,55,2019-06-14,3,1,0,4403150,0,0,0,0
bo,Bolivia,South America,56,2019-06-21,4,1,0,4338171,0,0,0,0
bo,Bolivia,South America,57,2019-06-28,5,1,0,4502063,0,0,0,0
bo,Bolivia,South America,58,2019-07-05,6,1,0,4366552,0,0,0,0
bo,Bolivia,South America,59,2019-07-12,7,1,0,4540650,0,0,0,0
bo,Bolivia,South America,60,2019-07-19,8,1,0,4465893,0,0,0,0
bo,Bolivia,South America,61,2019-07-26,9,1,0,4839344,0,0,0,0
bo,Bolivia,South America,62,2019-08-02,10,1,0,4793380,0,0,0,0
bo,Bolivia,South America,63,2019-08-09,11,1,0,5189201,0,0,0,0
bo,Bolivia,South America,64,2019-08-16,12,1,0,5121142,0,0,0,0
bo,Bolivia,South America,65,2019-08-23,13,1,0,4916314,0,0,0,0
bo,Bolivia,South America,66,2019-08-30,14,1,0,4965036,0,0,0,0
bo,Bolivia,South America,67,2019-09-06,15,1,0,5169628,0,0,0,0
bo,Bolivia,South America,68,2019-09-13,16,1,0,5255084,0,0,0,0
bo,Bolivia,South America,69,2019-09-20,17,1,0,5096335,0,0,0,0
bo,Bolivia,South America,70,2019-09-27,18,1,0,5092245,0,0,0,0
bo,Bolivia,South America,71,2019-10-04,19,1,0,4867698,0,0,0,0
bo,Bolivia,South America,72,2019-10-11,20,1,0,5132501,0,0,0,0
bo,Bolivia,South America,73,2019-10-18,21,1,0,4493900,0,0,0,0
bo,Bolivia,South America,74,2019-10-25,22,1,0,3992125,0,0,0,0
bo,Bolivia,South America,75,2019-11-01,23,1,0,4050442,0,0,0,0
bo,Bolivia,South America,76,2019-11-08,24,1,0,3447182,0,0,0,0
bo,Bolivia,South America,77,2019-11-15,25,1,0,4786949,0,0,0,0
bo,Bolivia,South America,78,2019-11-22,26,1,0,5180322,0,0,0,0
bo,Bolivia,South America,79,2019-11-29,27,1,0,5339442,0,0,0,0
bo,Bolivia,South America,80,2019-12-06,28,1,0,5365320,0,0,0,0
bo,Bolivia,South America,81,2019-12-13,29,1,0,5374293,0,0,0,0
bo,Bolivia,South America,82,2019-12-20,30,1,0,5375983,0,0,0,0
bo,Bolivia,South America,83,2019-12-27,31,1,0,5457098,0,0,0,0
bo,Bolivia,South America,84,2020-01-03,32,1,0,5549503,0,0,0,0
bo,Bolivia,South America,85,2020-01-10,33,1,0,5974476,0,0,0,0
bo,Bolivia,South America,86,2020-01-17,34,1,0,6098574,0,0,0,0
bo,Bolivia,South America,87,2020-01-24,35,1,0,5906665,0,0,0,0
bo,Bolivia,South America,88,2020-01-31,36,1,0,5851137,0,0,0,0
bo,Bolivia,South America,89,2020-02-07,37,1,0,5953911,0,0,0,0
bo,Bolivia,South America,90,2020-02-14,38,1,0,6113402,0,0,0,0
bo,Bolivia,South America,91,2020-02-21,39,1,0,5554823,0,0,0,0
bo,Bolivia,South America,92,2020-02-28,40,1,0,7243497,0,0,0,0
bo,Bolivia,South America,93,2020-03-06,41,1,1,7092865,0,0,0,0
bo,Bolivia,South America,94,2020-03-13,42,1,1,6055646,10,0,0.88081342,0
bo,Bolivia,South America,95,2020-03-20,43,1,1,5414365,27,0,2.3781962,0
bo,Bolivia,South America,96,2020-03-27,44,1,1,4964605,84,8,7.3988328,0.70465076
bo,Bolivia,South America,97,2020-04-03,45,1,1,4713056,141,10,12.41947,0.88081342
bo,Bolivia,South America,98,2020-04-10,46,1,1,4614971,177,11,15.590398,0.96889478
bo,Bolivia,South America,99,2020-04-17,47,1,1,4753030,231,11,20.34679,0.96889478
bo,Bolivia,South America,100,2020-04-24,48,1,1,4663037,438,19,38.579628,1.6735455
bo,Bolivia,South America,101,2020-05-01,49,1,1,4540658,776,32,68.35112,2.818603
bo,Bolivia,South America,102,2020-05-08,50,1,1,4828800,1262,51,111.15865,4.4921484
bo,Bolivia,South America,103,2020-05-15,51,1,1,4704172,1771,57,155.99207,5.0206366
bo,Bolivia,South America,104,2020-05-22,52,1,1,4578506,2849,81,250.94374,7.1345887
br,Brazil,South America,1,2018-06-01,1,0,0,165873289,0,0,0,0
br,Brazil,South America,2,2018-06-08,2,0,0,171218050,0,0,0,0
br,Brazil,South America,3,2018-06-15,3,0,0,163722172,0,0,0,0
br,Brazil,South America,4,2018-06-22,4,0,0,165798287,0,0,0,0
br,Brazil,South America,5,2018-06-29,5,0,0,165838930,0,0,0,0
br,Brazil,South America,6,2018-07-06,6,0,0,162961813,0,0,0,0
br,Brazil,South America,7,2018-07-13,7,0,0,179641226,0,0,0,0
br,Brazil,South America,8,2018-07-20,8,0,0,184214111,0,0,0,0
br,Brazil,South America,9,2018-07-27,9,0,0,178988306,0,0,0,0
br,Brazil,South America,10,2018-08-03,10,0,0,176026725,0,0,0,0
br,Brazil,South America,11,2018-08-10,11,0,0,178115484,0,0,0,0
br,Brazil,South America,12,2018-08-17,12,0,0,177719333,0,0,0,0
br,Brazil,South America,13,2018-08-24,13,0,0,174078014,0,0,0,0
br,Brazil,South America,14,2018-08-31,14,0,0,177209016,0,0,0,0
br,Brazil,South America,15,2018-09-07,15,0,0,175154892,0,0,0,0
br,Brazil,South America,16,2018-09-14,16,0,0,176196009,0,0,0,0
br,Brazil,South America,17,2018-09-21,17,0,0,185312167,0,0,0,0
br,Brazil,South America,18,2018-09-28,18,0,0,178997861,0,0,0,0
br,Brazil,South America,19,2018-10-05,19,0,0,179080947,0,0,0,0
br,Brazil,South America,20,2018-10-12,20,0,0,180639469,0,0,0,0
br,Brazil,South America,21,2018-10-19,21,0,0,183932650,0,0,0,0
br,Brazil,South America,22,2018-10-26,22,0,0,186351273,0,0,0,0
br,Brazil,South America,23,2018-11-02,23,0,0,187411053,0,0,0,0
br,Brazil,South America,24,2018-11-09,24,0,0,200876947,0,0,0,0
br,Brazil,South America,25,2018-11-16,25,0,0,183008207,0,0,0,0
br,Brazil,South America,26,2018-11-23,26,0,0,186774836,0,0,0,0
br,Brazil,South America,27,2018-11-30,27,0,0,194774062,0,0,0,0
br,Brazil,South America,28,2018-12-07,28,0,0,197356159,0,0,0,0
br,Brazil,South America,29,2018-12-14,29,0,0,207564619,0,0,0,0
br,Brazil,South America,30,2018-12-21,30,0,0,227937273,0,0,0,0
br,Brazil,South America,31,2018-12-28,31,0,0,233250045,0,0,0,0
br,Brazil,South America,32,2019-01-04,32,0,0,204150070,0,0,0,0
br,Brazil,South America,33,2019-01-11,33,0,0,224986209,0,0,0,0
br,Brazil,South America,34,2019-01-18,34,0,0,218831132,0,0,0,0
br,Brazil,South America,35,2019-01-25,35,0,0,208696124,0,0,0,0
br,Brazil,South America,36,2019-02-01,36,0,0,207937053,0,0,0,0
br,Brazil,South America,37,2019-02-08,37,0,0,210015736,0,0,0,0
br,Brazil,South America,38,2019-02-15,38,0,0,195649126,0,0,0,0
br,Brazil,South America,39,2019-02-22,39,0,0,207797849,0,0,0,0
br,Brazil,South America,40,2019-03-01,40,0,0,204484249,0,0,0,0
br,Brazil,South America,41,2019-03-08,41,0,1,177756076,0,0,0,0
br,Brazil,South America,42,2019-03-15,42,0,1,182737466,0,0,0,0
br,Brazil,South America,43,2019-03-22,43,0,1,189679427,0,0,0,0
br,Brazil,South America,44,2019-03-29,44,0,1,188551288,0,0,0,0
br,Brazil,South America,45,2019-04-05,45,0,1,195492568,0,0,0,0
br,Brazil,South America,46,2019-04-12,46,0,1,194970286,0,0,0,0
br,Brazil,South America,47,2019-04-19,47,0,1,184025610,0,0,0,0
br,Brazil,South America,48,2019-04-26,48,0,1,184704143,0,0,0,0
br,Brazil,South America,49,2019-05-03,49,0,1,189169081,0,0,0,0
br,Brazil,South America,50,2019-05-10,50,0,1,188709305,0,0,0,0
br,Brazil,South America,51,2019-05-17,51,0,1,192429411,0,0,0,0
br,Brazil,South America,52,2019-05-24,52,0,1,192458169,0,0,0,0
br,Brazil,South America,53,2019-05-31,1,1,0,190112588,0,0,0,0
br,Brazil,South America,54,2019-06-07,2,1,0,188891411,0,0,0,0
br,Brazil,South America,55,2019-06-14,3,1,0,199835074,0,0,0,0
br,Brazil,South America,56,2019-06-21,4,1,0,189098440,0,0,0,0
br,Brazil,South America,57,2019-06-28,5,1,0,201016838,0,0,0,0
br,Brazil,South America,58,2019-07-05,6,1,0,188174644,0,0,0,0
br,Brazil,South America,59,2019-07-12,7,1,0,199838357,0,0,0,0
br,Brazil,South America,60,2019-07-19,8,1,0,199017051,0,0,0,0
br,Brazil,South America,61,2019-07-26,9,1,0,201500330,0,0,0,0
br,Brazil,South America,62,2019-08-02,10,1,0,199249972,0,0,0,0
br,Brazil,South America,63,2019-08-09,11,1,0,209568191,0,0,0,0
br,Brazil,South America,64,2019-08-16,12,1,0,209346061,0,0,0,0
br,Brazil,South America,65,2019-08-23,13,1,0,213256029,0,0,0,0
br,Brazil,South America,66,2019-08-30,14,1,0,212839286,0,0,0,0
br,Brazil,South America,67,2019-09-06,15,1,0,228937267,0,0,0,0
br,Brazil,South America,68,2019-09-13,16,1,0,238804703,0,0,0,0
br,Brazil,South America,69,2019-09-20,17,1,0,225653095,0,0,0,0
br,Brazil,South America,70,2019-09-27,18,1,0,226007620,0,0,0,0
br,Brazil,South America,71,2019-10-04,19,1,0,231761400,0,0,0,0
br,Brazil,South America,72,2019-10-11,20,1,0,235044892,0,0,0,0
br,Brazil,South America,73,2019-10-18,21,1,0,236468605,0,0,0,0
br,Brazil,South America,74,2019-10-25,22,1,0,244274847,0,0,0,0
br,Brazil,South America,75,2019-11-01,23,1,0,251276325,0,0,0,0
br,Brazil,South America,76,2019-11-08,24,1,0,244081200,0,0,0,0
br,Brazil,South America,77,2019-11-15,25,1,0,239142818,0,0,0,0
br,Brazil,South America,78,2019-11-22,26,1,0,231614509,0,0,0,0
br,Brazil,South America,79,2019-11-29,27,1,0,245462206,0,0,0,0
br,Brazil,South America,80,2019-12-06,28,1,0,255328635,0,0,0,0
br,Brazil,South America,81,2019-12-13,29,1,0,267167503,0,0,0,0
br,Brazil,South America,82,2019-12-20,30,1,0,290403965,0,0,0,0
br,Brazil,South America,83,2019-12-27,31,1,0,296593858,0,0,0,0
br,Brazil,South America,84,2020-01-03,32,1,0,251814050,0,0,0,0
br,Brazil,South America,85,2020-01-10,33,1,0,273701634,0,0,0,0
br,Brazil,South America,86,2020-01-17,34,1,0,266687036,0,0,0,0
br,Brazil,South America,87,2020-01-24,35,1,0,264893039,0,0,0,0
br,Brazil,South America,88,2020-01-31,36,1,0,255883507,0,0,0,0
br,Brazil,South America,89,2020-02-07,37,1,0,251819899,0,0,0,0
br,Brazil,South America,90,2020-02-14,38,1,0,263767811,0,0,0,0
br,Brazil,South America,91,2020-02-21,39,1,0,263356067,1,0,0.004773968,0
br,Brazil,South America,92,2020-02-28,40,1,0,236612783,2,0,0.009547937,0
br,Brazil,South America,93,2020-03-06,41,1,1,245762781,49,0,0.23392446,0
br,Brazil,South America,94,2020-03-13,42,1,1,227062679,376,4,1.7950121,0.019095873
br,Brazil,South America,95,2020-03-20,43,1,1,202082811,2005,53,9.5718069,0.25302032
br,Brazil,South America,96,2020-03-27,44,1,1,224579811,4403,184,21.019783,0.87841022
br,Brazil,South America,97,2020-04-03,45,1,1,211502770,9091,559,43.400146,2.6686485
br,Brazil,South America,98,2020-04-10,46,1,1,195650302,12393,936,59.163792,4.4684343
br,Brazil,South America,99,2020-04-17,47,1,1,200970422,17437,1170,83.24369,5.5855432
br,Brazil,South America,100,2020-04-24,48,1,1,201188344,32405,2560,154.70045,12.221359
br,Brazil,South America,101,2020-05-01,49,1,1,194345737,47056,3070,224.64386,14.656083
br,Brazil,South America,102,2020-05-08,50,1,1,199210157,63756,4613,304.36914,22.022316
br,Brazil,South America,103,2020-05-15,51,1,1,206366664,102605,5710,489.83304,27.259359
br,Brazil,South America,104,2020-05-22,52,1,1,199334009,120242,6739,574.03149,32.171772
ca,Canada,North America,1,2018-06-01,1,0,0,79762038,0,0,0,0
ca,Canada,North America,2,2018-06-08,2,0,0,78517761,0,0,0,0
ca,Canada,North America,3,2018-06-15,3,0,0,81033089,0,0,0,0
ca,Canada,North America,4,2018-06-22,4,0,0,76172147,0,0,0,0
ca,Canada,North America,5,2018-06-29,5,0,0,97517073,0,0,0,0
ca,Canada,North America,6,2018-07-06,6,0,0,82857712,0,0,0,0
ca,Canada,North America,7,2018-07-13,7,0,0,81738267,0,0,0,0
ca,Canada,North America,8,2018-07-20,8,0,0,75699048,0,0,0,0
ca,Canada,North America,9,2018-07-27,9,0,0,74154495,0,0,0,0
ca,Canada,North America,10,2018-08-03,10,0,0,80802790,0,0,0,0
ca,Canada,North America,11,2018-08-10,11,0,0,73298670,0,0,0,0
ca,Canada,North America,12,2018-08-17,12,0,0,72847688,0,0,0,0
ca,Canada,North America,13,2018-08-24,13,0,0,68499205,0,0,0,0
ca,Canada,North America,14,2018-08-31,14,0,0,78602999,0,0,0,0
ca,Canada,North America,15,2018-09-07,15,0,0,76199585,0,0,0,0
ca,Canada,North America,16,2018-09-14,16,0,0,77371528,0,0,0,0
ca,Canada,North America,17,2018-09-21,17,0,0,75543598,0,0,0,0
ca,Canada,North America,18,2018-09-28,18,0,0,80420767,0,0,0,0
ca,Canada,North America,19,2018-10-05,19,0,0,73543809,0,0,0,0
ca,Canada,North America,20,2018-10-12,20,0,0,76608001,0,0,0,0
ca,Canada,North America,21,2018-10-19,21,0,0,77402276,0,0,0,0
ca,Canada,North America,22,2018-10-26,22,0,0,74929138,0,0,0,0
ca,Canada,North America,23,2018-11-02,23,0,0,78093776,0,0,0,0
ca,Canada,North America,24,2018-11-09,24,0,0,75887508,0,0,0,0
ca,Canada,North America,25,2018-11-16,25,0,0,72737283,0,0,0,0
ca,Canada,North America,26,2018-11-23,26,0,0,73853574,0,0,0,0
ca,Canada,North America,27,2018-11-30,27,0,0,82132574,0,0,0,0
ca,Canada,North America,28,2018-12-07,28,0,0,81885007,0,0,0,0
ca,Canada,North America,29,2018-12-14,29,0,0,82342191,0,0,0,0
ca,Canada,North America,30,2018-12-21,30,0,0,99613132,0,0,0,0
ca,Canada,North America,31,2018-12-28,31,0,0,68635316,0,0,0,0
ca,Canada,North America,32,2019-01-04,32,0,0,72222206,0,0,0,0
ca,Canada,North America,33,2019-01-11,33,0,0,76675708,0,0,0,0
ca,Canada,North America,34,2019-01-18,34,0,0,79931261,0,0,0,0
ca,Canada,North America,35,2019-01-25,35,0,0,78203270,0,0,0,0
ca,Canada,North America,36,2019-02-01,36,0,0,77609229,0,0,0,0
ca,Canada,North America,37,2019-02-08,37,0,0,87470362,0,0,0,0
ca,Canada,North America,38,2019-02-15,38,0,0,80004979,0,0,0,0
ca,Canada,North America,39,2019-02-22,39,0,0,78480001,0,0,0,0
ca,Canada,North America,40,2019-03-01,40,0,0,78065666,0,0,0,0
ca,Canada,North America,41,2019-03-08,41,0,1,76445082,0,0,0,0
ca,Canada,North America,42,2019-03-15,42,0,1,74713598,0,0,0,0
ca,Canada,North America,43,2019-03-22,43,0,1,74920085,0,0,0,0
ca,Canada,North America,44,2019-03-29,44,0,1,81486515,0,0,0,0
ca,Canada,North America,45,2019-04-05,45,0,1,82912268,0,0,0,0
ca,Canada,North America,46,2019-04-12,46,0,1,80686356,0,0,0,0
ca,Canada,North America,47,2019-04-19,47,0,1,74298309,0,0,0,0
ca,Canada,North America,48,2019-04-26,48,0,1,74530461,0,0,0,0
ca,Canada,North America,49,2019-05-03,49,0,1,76185960,0,0,0,0
ca,Canada,North America,50,2019-05-10,50,0,1,76870455,0,0,0,0
ca,Canada,North America,51,2019-05-17,51,0,1,78590826,0,0,0,0
ca,Canada,North America,52,2019-05-24,52,0,1,80548886,0,0,0,0
ca,Canada,North America,53,2019-05-31,1,1,0,78426820,0,0,0,0
ca,Canada,North America,54,2019-06-07,2,1,0,79101513,0,0,0,0
ca,Canada,North America,55,2019-06-14,3,1,0,80707504,0,0,0,0
ca,Canada,North America,56,2019-06-21,4,1,0,84495253,0,0,0,0
ca,Canada,North America,57,2019-06-28,5,1,0,85116626,0,0,0,0
ca,Canada,North America,58,2019-07-05,6,1,0,85083168,0,0,0,0
ca,Canada,North America,59,2019-07-12,7,1,0,88417101,0,0,0,0
ca,Canada,North America,60,2019-07-19,8,1,0,82902282,0,0,0,0
ca,Canada,North America,61,2019-07-26,9,1,0,80355891,0,0,0,0
ca,Canada,North America,62,2019-08-02,10,1,0,77819979,0,0,0,0
ca,Canada,North America,63,2019-08-09,11,1,0,74884505,0,0,0,0
ca,Canada,North America,64,2019-08-16,12,1,0,76111658,0,0,0,0
ca,Canada,North America,65,2019-08-23,13,1,0,80472929,0,0,0,0
ca,Canada,North America,66,2019-08-30,14,1,0,78444916,0,0,0,0
ca,Canada,North America,67,2019-09-06,15,1,0,89512354,0,0,0,0
ca,Canada,North America,68,2019-09-13,16,1,0,85309111,0,0,0,0
ca,Canada,North America,69,2019-09-20,17,1,0,80665477,0,0,0,0
ca,Canada,North America,70,2019-09-27,18,1,0,79205302,0,0,0,0
ca,Canada,North America,71,2019-10-04,19,1,0,83503535,0,0,0,0
ca,Canada,North America,72,2019-10-11,20,1,0,78598509,0,0,0,0
ca,Canada,North America,73,2019-10-18,21,1,0,78330569,0,0,0,0
ca,Canada,North America,74,2019-10-25,22,1,0,86664579,0,0,0,0
ca,Canada,North America,75,2019-11-01,23,1,0,77701915,0,0,0,0
ca,Canada,North America,76,2019-11-08,24,1,0,74796102,0,0,0,0
ca,Canada,North America,77,2019-11-15,25,1,0,77515179,0,0,0,0
ca,Canada,North America,78,2019-11-22,26,1,0,79487520,0,0,0,0
ca,Canada,North America,79,2019-11-29,27,1,0,84739680,0,0,0,0
ca,Canada,North America,80,2019-12-06,28,1,0,90461225,0,0,0,0
ca,Canada,North America,81,2019-12-13,29,1,0,95494884,0,0,0,0
ca,Canada,North America,82,2019-12-20,30,1,0,114683755,0,0,0,0
ca,Canada,North America,83,2019-12-27,31,1,0,77201749,0,0,0,0
ca,Canada,North America,84,2020-01-03,32,1,0,82748175,0,0,0,0
ca,Canada,North America,85,2020-01-10,33,1,0,90125251,0,0,0,0
ca,Canada,North America,86,2020-01-17,34,1,0,101064490,0,0,0,0
ca,Canada,North America,87,2020-01-24,35,1,0,88662851,3,0,0.080954693,0
ca,Canada,North America,88,2020-01-31,36,1,0,84896764,2,0,0.053969797,0
ca,Canada,North America,89,2020-02-07,37,1,0,85753130,2,0,0.053969797,0
ca,Canada,North America,90,2020-02-14,38,1,0,89569705,1,0,0.026984898,0
ca,Canada,North America,91,2020-02-21,39,1,0,86959869,4,0,0.10793959,0
ca,Canada,North America,92,2020-02-28,40,1,0,86095850,21,0,0.56668288,0
ca,Canada,North America,93,2020-03-06,41,1,1,92046440,70,1,1.8889428,0.026984898
ca,Canada,North America,94,2020-03-13,42,1,1,79661423,587,8,15.840135,0.21587919
ca,Canada,North America,95,2020-03-20,43,1,1,82299347,2695,26,72.724297,0.70160735
ca,Canada,North America,96,2020-03-27,44,1,1,76900501,6210,74,167.57622,1.9968824
ca,Canada,North America,97,2020-04-03,45,1,1,77713946,9679,326,261.18683,8.7970762
ca,Canada,North America,98,2020-04-10,46,1,1,73728821,9090,575,245.29272,15.516316
ca,Canada,North America,99,2020-04-17,47,1,1,74177947,11815,964,318.82657,26.013441
ca,Canada,North America,100,2020-04-24,48,1,1,74833673,11408,1022,307.84372,27.578566
ca,Canada,North America,101,2020-05-01,49,1,1,80751902,11909,1236,321.36316,33.353333
ca,Canada,North America,102,2020-05-08,50,1,1,75518215,8782,1072,236.98137,28.927811
ca,Canada,North America,103,2020-05-15,51,1,1,76903168,7813,726,210.83301,19.591036
ca,Canada,North America,104,2020-05-22,52,1,1,78524909,7417,735,200.14699,19.8339
ch,Switzerland,Europe,1,2018-06-01,1,0,0,12164218,0,0,0,0
ch,Switzerland,Europe,2,2018-06-08,2,0,0,12325219,0,0,0,0
ch,Switzerland,Europe,3,2018-06-15,3,0,0,13590331,0,0,0,0
ch,Switzerland,Europe,4,2018-06-22,4,0,0,13599069,0,0,0,0
ch,Switzerland,Europe,5,2018-06-29,5,0,0,13836133,0,0,0,0
ch,Switzerland,Europe,6,2018-07-06,6,0,0,12907275,0,0,0,0
ch,Switzerland,Europe,7,2018-07-13,7,0,0,13010680,0,0,0,0
ch,Switzerland,Europe,8,2018-07-20,8,0,0,12480853,0,0,0,0
ch,Switzerland,Europe,9,2018-07-27,9,0,0,12290086,0,0,0,0
ch,Switzerland,Europe,10,2018-08-03,10,0,0,13531522,0,0,0,0
ch,Switzerland,Europe,11,2018-08-10,11,0,0,12676723,0,0,0,0
ch,Switzerland,Europe,12,2018-08-17,12,0,0,12827519,0,0,0,0
ch,Switzerland,Europe,13,2018-08-24,13,0,0,12800769,0,0,0,0
ch,Switzerland,Europe,14,2018-08-31,14,0,0,13831794,0,0,0,0
ch,Switzerland,Europe,15,2018-09-07,15,0,0,13270912,0,0,0,0
ch,Switzerland,Europe,16,2018-09-14,16,0,0,13776879,0,0,0,0
ch,Switzerland,Europe,17,2018-09-21,17,0,0,13455183,0,0,0,0
ch,Switzerland,Europe,18,2018-09-28,18,0,0,13605988,0,0,0,0
ch,Switzerland,Europe,19,2018-10-05,19,0,0,14220163,0,0,0,0
ch,Switzerland,Europe,20,2018-10-12,20,0,0,13158418,0,0,0,0
ch,Switzerland,Europe,21,2018-10-19,21,0,0,12923306,0,0,0,0
ch,Switzerland,Europe,22,2018-10-26,22,0,0,13234348,0,0,0,0
ch,Switzerland,Europe,23,2018-11-02,23,0,0,13497417,0,0,0,0
ch,Switzerland,Europe,24,2018-11-09,24,0,0,13206796,0,0,0,0
ch,Switzerland,Europe,25,2018-11-16,25,0,0,12756827,0,0,0,0
ch,Switzerland,Europe,26,2018-11-23,26,0,0,13662904,0,0,0,0
ch,Switzerland,Europe,27,2018-11-30,27,0,0,13766176,0,0,0,0
ch,Switzerland,Europe,28,2018-12-07,28,0,0,13646655,0,0,0,0
ch,Switzerland,Europe,29,2018-12-14,29,0,0,13687991,0,0,0,0
ch,Switzerland,Europe,30,2018-12-21,30,0,0,17973150,0,0,0,0
ch,Switzerland,Europe,31,2018-12-28,31,0,0,11775830,0,0,0,0
ch,Switzerland,Europe,32,2019-01-04,32,0,0,12154846,0,0,0,0
ch,Switzerland,Europe,33,2019-01-11,33,0,0,13257408,0,0,0,0
ch,Switzerland,Europe,34,2019-01-18,34,0,0,13965441,0,0,0,0
ch,Switzerland,Europe,35,2019-01-25,35,0,0,13987564,0,0,0,0
ch,Switzerland,Europe,36,2019-02-01,36,0,0,13708194,0,0,0,0
ch,Switzerland,Europe,37,2019-02-08,37,0,0,14545799,0,0,0,0
ch,Switzerland,Europe,38,2019-02-15,38,0,0,14280616,0,0,0,0
ch,Switzerland,Europe,39,2019-02-22,39,0,0,14444939,0,0,0,0
ch,Switzerland,Europe,40,2019-03-01,40,0,0,13712036,0,0,0,0
ch,Switzerland,Europe,41,2019-03-08,41,0,1,14715451,0,0,0,0
ch,Switzerland,Europe,42,2019-03-15,42,0,1,15836738,0,0,0,0
ch,Switzerland,Europe,43,2019-03-22,43,0,1,17524250,0,0,0,0
ch,Switzerland,Europe,44,2019-03-29,44,0,1,16063061,0,0,0,0
ch,Switzerland,Europe,45,2019-04-05,45,0,1,16432871,0,0,0,0
ch,Switzerland,Europe,46,2019-04-12,46,0,1,16105093,0,0,0,0
ch,Switzerland,Europe,47,2019-04-19,47,0,1,13839840,0,0,0,0
ch,Switzerland,Europe,48,2019-04-26,48,0,1,13486698,0,0,0,0
ch,Switzerland,Europe,49,2019-05-03,49,0,1,13323767,0,0,0,0
ch,Switzerland,Europe,50,2019-05-10,50,0,1,14055939,0,0,0,0
ch,Switzerland,Europe,51,2019-05-17,51,0,1,15608138,0,0,0,0
ch,Switzerland,Europe,52,2019-05-24,52,0,1,15175608,0,0,0,0
ch,Switzerland,Europe,53,2019-05-31,1,1,0,14875263,0,0,0,0
ch,Switzerland,Europe,54,2019-06-07,2,1,0,15862893,0,0,0,0
ch,Switzerland,Europe,55,2019-06-14,3,1,0,15090832,0,0,0,0
ch,Switzerland,Europe,56,2019-06-21,4,1,0,15857611,0,0,0,0
ch,Switzerland,Europe,57,2019-06-28,5,1,0,15839690,0,0,0,0
ch,Switzerland,Europe,58,2019-07-05,6,1,0,14903111,0,0,0,0
ch,Switzerland,Europe,59,2019-07-12,7,1,0,15479299,0,0,0,0
ch,Switzerland,Europe,60,2019-07-19,8,1,0,14095366,0,0,0,0
ch,Switzerland,Europe,61,2019-07-26,9,1,0,13400203,0,0,0,0
ch,Switzerland,Europe,62,2019-08-02,10,1,0,13225299,0,0,0,0
ch,Switzerland,Europe,63,2019-08-09,11,1,0,13307402,0,0,0,0
ch,Switzerland,Europe,64,2019-08-16,12,1,0,13004344,0,0,0,0
ch,Switzerland,Europe,65,2019-08-23,13,1,0,13276805,0,0,0,0
ch,Switzerland,Europe,66,2019-08-30,14,1,0,14219393,0,0,0,0
ch,Switzerland,Europe,67,2019-09-06,15,1,0,15160029,0,0,0,0
ch,Switzerland,Europe,68,2019-09-13,16,1,0,14691924,0,0,0,0
ch,Switzerland,Europe,69,2019-09-20,17,1,0,14724582,0,0,0,0
ch,Switzerland,Europe,70,2019-09-27,18,1,0,14811414,0,0,0,0
ch,Switzerland,Europe,71,2019-10-04,19,1,0,15385366,0,0,0,0
ch,Switzerland,Europe,72,2019-10-11,20,1,0,14359366,0,0,0,0
ch,Switzerland,Europe,73,2019-10-18,21,1,0,13814197,0,0,0,0
ch,Switzerland,Europe,74,2019-10-25,22,1,0,14769721,0,0,0,0
ch,Switzerland,Europe,75,2019-11-01,23,1,0,14825420,0,0,0,0
ch,Switzerland,Europe,76,2019-11-08,24,1,0,14302009,0,0,0,0
ch,Switzerland,Europe,77,2019-11-15,25,1,0,13788987,0,0,0,0
ch,Switzerland,Europe,78,2019-11-22,26,1,0,13769430,0,0,0,0
ch,Switzerland,Europe,79,2019-11-29,27,1,0,15300515,0,0,0,0
ch,Switzerland,Europe,80,2019-12-06,28,1,0,16073306,0,0,0,0
ch,Switzerland,Europe,81,2019-12-13,29,1,0,15819247,0,0,0,0
ch,Switzerland,Europe,82,2019-12-20,30,1,0,21617204,0,0,0,0
ch,Switzerland,Europe,83,2019-12-27,31,1,0,13110489,0,0,0,0
ch,Switzerland,Europe,84,2020-01-03,32,1,0,13550265,0,0,0,0
ch,Switzerland,Europe,85,2020-01-10,33,1,0,15016225,0,0,0,0
ch,Switzerland,Europe,86,2020-01-17,34,1,0,16985836,0,0,0,0
ch,Switzerland,Europe,87,2020-01-24,35,1,0,15557875,0,0,0,0
ch,Switzerland,Europe,88,2020-01-31,36,1,0,14980138,0,0,0,0
ch,Switzerland,Europe,89,2020-02-07,37,1,0,14800342,0,0,0,0
ch,Switzerland,Europe,90,2020-02-14,38,1,0,15751798,0,0,0,0
ch,Switzerland,Europe,91,2020-02-21,39,1,0,14723229,1,0,0.11746427,0
ch,Switzerland,Europe,92,2020-02-28,40,1,0,15026442,56,0,6.5779991,0
ch,Switzerland,Europe,93,2020-03-06,41,1,1,15617563,585,4,68.716599,0.4698571
ch,Switzerland,Europe,94,2020-03-13,42,1,1,14561413,2361,21,277.33313,2.4667497
ch,Switzerland,Europe,95,2020-03-20,43,1,1,14300418,6711,78,788.30273,9.1622133
ch,Switzerland,Europe,96,2020-03-27,44,1,1,14619796,7356,275,864.0672,32.302673
ch,Switzerland,Europe,97,2020-04-03,45,1,1,14873858,5640,327,662.49847,38.410816
ch,Switzerland,Europe,98,2020-04-10,46,1,1,14246470,3626,268,425.92545,31.480425
ch,Switzerland,Europe,99,2020-04-17,47,1,1,14849631,1850,243,217.3089,28.543818
ch,Switzerland,Europe,100,2020-04-24,48,1,1,14975853,1138,191,133.67435,22.435677
ch,Switzerland,Europe,101,2020-05-01,49,1,1,14912948,653,97,76.70417,11.394034
ch,Switzerland,Europe,102,2020-05-08,50,1,1,14980563,353,59,41.464886,6.9303918
ch,Switzerland,Europe,103,2020-05-15,51,1,1,15669544,245,66,28.778746,7.7526417
ch,Switzerland,Europe,104,2020-05-22,52,1,1,15271923,103,18,12.09882,2.1143568
cl,Chile,South America,1,2018-06-01,1,0,0,47314977,0,0,0,0
cl,Chile,South America,2,2018-06-08,2,0,0,46996800,0,0,0,0
cl,Chile,South America,3,2018-06-15,3,0,0,48978509,0,0,0,0
cl,Chile,South America,4,2018-06-22,4,0,0,50036621,0,0,0,0
cl,Chile,South America,5,2018-06-29,5,0,0,52144267,0,0,0,0
cl,Chile,South America,6,2018-07-06,6,0,0,53926129,0,0,0,0
cl,Chile,South America,7,2018-07-13,7,0,0,53628243,0,0,0,0
cl,Chile,South America,8,2018-07-20,8,0,0,54950518,0,0,0,0
cl,Chile,South America,9,2018-07-27,9,0,0,55980381,0,0,0,0
cl,Chile,South America,10,2018-08-03,10,0,0,57801753,0,0,0,0
cl,Chile,South America,11,2018-08-10,11,0,0,58405748,0,0,0,0
cl,Chile,South America,12,2018-08-17,12,0,0,56899920,0,0,0,0
cl,Chile,South America,13,2018-08-24,13,0,0,60686154,0,0,0,0
cl,Chile,South America,14,2018-08-31,14,0,0,61822967,0,0,0,0
cl,Chile,South America,15,2018-09-07,15,0,0,61527768,0,0,0,0
cl,Chile,South America,16,2018-09-14,16,0,0,55713782,0,0,0,0
cl,Chile,South America,17,2018-09-21,17,0,0,57172825,0,0,0,0
cl,Chile,South America,18,2018-09-28,18,0,0,59472016,0,0,0,0
cl,Chile,South America,19,2018-10-05,19,0,0,60695909,0,0,0,0
cl,Chile,South America,20,2018-10-12,20,0,0,62721360,0,0,0,0
cl,Chile,South America,21,2018-10-19,21,0,0,65010678,0,0,0,0
cl,Chile,South America,22,2018-10-26,22,0,0,65971416,0,0,0,0
cl,Chile,South America,23,2018-11-02,23,0,0,66007425,0,0,0,0
cl,Chile,South America,24,2018-11-09,24,0,0,69978319,0,0,0,0
cl,Chile,South America,25,2018-11-16,25,0,0,69324580,0,0,0,0
cl,Chile,South America,26,2018-11-23,26,0,0,69155378,0,0,0,0
cl,Chile,South America,27,2018-11-30,27,0,0,67932268,0,0,0,0
cl,Chile,South America,28,2018-12-07,28,0,0,68480334,0,0,0,0
cl,Chile,South America,29,2018-12-14,29,0,0,71058509,0,0,0,0
cl,Chile,South America,30,2018-12-21,30,0,0,73993861,0,0,0,0
cl,Chile,South America,31,2018-12-28,31,0,0,72915541,0,0,0,0
cl,Chile,South America,32,2019-01-04,32,0,0,71731728,0,0,0,0
cl,Chile,South America,33,2019-01-11,33,0,0,73742120,0,0,0,0
cl,Chile,South America,34,2019-01-18,34,0,0,73959149,0,0,0,0
cl,Chile,South America,35,2019-01-25,35,0,0,75244226,0,0,0,0
cl,Chile,South America,36,2019-02-01,36,0,0,75035334,0,0,0,0
cl,Chile,South America,37,2019-02-08,37,0,0,72773060,0,0,0,0
cl,Chile,South America,38,2019-02-15,38,0,0,72005642,0,0,0,0
cl,Chile,South America,39,2019-02-22,39,0,0,69062314,0,0,0,0
cl,Chile,South America,40,2019-03-01,40,0,0,75262051,0,0,0,0
cl,Chile,South America,41,2019-03-08,41,0,1,76990775,0,0,0,0
cl,Chile,South America,42,2019-03-15,42,0,1,76984907,0,0,0,0
cl,Chile,South America,43,2019-03-22,43,0,1,84077271,0,0,0,0
cl,Chile,South America,44,2019-03-29,44,0,1,82470077,0,0,0,0
cl,Chile,South America,45,2019-04-05,45,0,1,80611486,0,0,0,0
cl,Chile,South America,46,2019-04-12,46,0,1,80094924,0,0,0,0
cl,Chile,South America,47,2019-04-19,47,0,1,73272605,0,0,0,0
cl,Chile,South America,48,2019-04-26,48,0,1,75563002,0,0,0,0
cl,Chile,South America,49,2019-05-03,49,0,1,76462573,0,0,0,0
cl,Chile,South America,50,2019-05-10,50,0,1,79870506,0,0,0,0
cl,Chile,South America,51,2019-05-17,51,0,1,75593358,0,0,0,0
cl,Chile,South America,52,2019-05-24,52,0,1,75997853,0,0,0,0
cl,Chile,South America,53,2019-05-31,1,1,0,78290017,0,0,0,0
cl,Chile,South America,54,2019-06-07,2,1,0,77624560,0,0,0,0
cl,Chile,South America,55,2019-06-14,3,1,0,73874803,0,0,0,0
cl,Chile,South America,56,2019-06-21,4,1,0,73463077,0,0,0,0
cl,Chile,South America,57,2019-06-28,5,1,0,74836266,0,0,0,0
cl,Chile,South America,58,2019-07-05,6,1,0,75678467,0,0,0,0
cl,Chile,South America,59,2019-07-12,7,1,0,73356512,0,0,0,0
cl,Chile,South America,60,2019-07-19,8,1,0,71614078,0,0,0,0
cl,Chile,South America,61,2019-07-26,9,1,0,78411526,0,0,0,0
cl,Chile,South America,62,2019-08-02,10,1,0,81346984,0,0,0,0
cl,Chile,South America,63,2019-08-09,11,1,0,80152163,0,0,0,0
cl,Chile,South America,64,2019-08-16,12,1,0,78575773,0,0,0,0
cl,Chile,South America,65,2019-08-23,13,1,0,80625093,0,0,0,0
cl,Chile,South America,66,2019-08-30,14,1,0,80747859,0,0,0,0
cl,Chile,South America,67,2019-09-06,15,1,0,81000790,0,0,0,0
cl,Chile,South America,68,2019-09-13,16,1,0,79794539,0,0,0,0
cl,Chile,South America,69,2019-09-20,17,1,0,76518640,0,0,0,0
cl,Chile,South America,70,2019-09-27,18,1,0,80658193,0,0,0,0
cl,Chile,South America,71,2019-10-04,19,1,0,80401043,0,0,0,0
cl,Chile,South America,72,2019-10-11,20,1,0,81903948,0,0,0,0
cl,Chile,South America,73,2019-10-18,21,1,0,59864391,0,0,0,0
cl,Chile,South America,74,2019-10-25,22,1,0,71641136,0,0,0,0
cl,Chile,South America,75,2019-11-01,23,1,0,74877730,0,0,0,0
cl,Chile,South America,76,2019-11-08,24,1,0,76826499,0,0,0,0
cl,Chile,South America,77,2019-11-15,25,1,0,81996027,0,0,0,0
cl,Chile,South America,78,2019-11-22,26,1,0,82465876,0,0,0,0
cl,Chile,South America,79,2019-11-29,27,1,0,84614878,0,0,0,0
cl,Chile,South America,80,2019-12-06,28,1,0,83305817,0,0,0,0
cl,Chile,South America,81,2019-12-13,29,1,0,83084882,0,0,0,0
cl,Chile,South America,82,2019-12-20,30,1,0,83378214,0,0,0,0
cl,Chile,South America,83,2019-12-27,31,1,0,83348204,0,0,0,0
cl,Chile,South America,84,2020-01-03,32,1,0,80311098,0,0,0,0
cl,Chile,South America,85,2020-01-10,33,1,0,85546508,0,0,0,0
cl,Chile,South America,86,2020-01-17,34,1,0,87116358,0,0,0,0
cl,Chile,South America,87,2020-01-24,35,1,0,85490726,0,0,0,0
cl,Chile,South America,88,2020-01-31,36,1,0,84388981,0,0,0,0
cl,Chile,South America,89,2020-02-07,37,1,0,84932396,0,0,0,0
cl,Chile,South America,90,2020-02-14,38,1,0,84031798,0,0,0,0
cl,Chile,South America,91,2020-02-21,39,1,0,80467241,0,0,0,0
cl,Chile,South America,92,2020-02-28,40,1,0,107572527,0,0,0,0
cl,Chile,South America,93,2020-03-06,41,1,1,109401321,20,0,1.0678536,0
cl,Chile,South America,94,2020-03-13,42,1,1,91925028,215,0,11.479425,0
cl,Chile,South America,95,2020-03-20,43,1,1,75681226,904,3,48.266979,0.16017804
cl,Chile,South America,96,2020-03-27,44,1,1,72791639,1889,13,100.85876,0.69410479
cl,Chile,South America,97,2020-04-03,45,1,1,69704780,2515,32,134.28258,1.7085657
cl,Chile,South America,98,2020-04-10,46,1,1,66495317,2727,46,145.60184,2.4560633
cl,Chile,South America,99,2020-04-17,47,1,1,68234590,3023,66,161.40607,3.5239167
cl,Chile,South America,100,2020-04-24,48,1,1,66331292,3589,56,191.62631,2.98999
cl,Chile,South America,101,2020-05-01,49,1,1,64618910,8163,65,435.84442,3.4705241
cl,Chile,South America,102,2020-05-08,50,1,1,71709270,11333,65,605.09924,3.4705241
cl,Chile,South America,103,2020-05-15,51,1,1,64669606,19236,198,1027.0615,10.57175
cl,Chile,South America,104,2020-05-22,52,1,1,62984911,28672,297,1530.8749,15.857625
co,Colombia,South America,1,2018-06-01,1,0,0,17749982,0,0,0,0
co,Colombia,South America,2,2018-06-08,2,0,0,17195286,0,0,0,0
co,Colombia,South America,3,2018-06-15,3,0,0,16004602,0,0,0,0
co,Colombia,South America,4,2018-06-22,4,0,0,15813902,0,0,0,0
co,Colombia,South America,5,2018-06-29,5,0,0,16593084,0,0,0,0
co,Colombia,South America,6,2018-07-06,6,0,0,17675587,0,0,0,0
co,Colombia,South America,7,2018-07-13,7,0,0,18245679,0,0,0,0
co,Colombia,South America,8,2018-07-20,8,0,0,17954455,0,0,0,0
co,Colombia,South America,9,2018-07-27,9,0,0,18696984,0,0,0,0
co,Colombia,South America,10,2018-08-03,10,0,0,18409824,0,0,0,0
co,Colombia,South America,11,2018-08-10,11,0,0,18963428,0,0,0,0
co,Colombia,South America,12,2018-08-17,12,0,0,18774978,0,0,0,0
co,Colombia,South America,13,2018-08-24,13,0,0,19868789,0,0,0,0
co,Colombia,South America,14,2018-08-31,14,0,0,19436075,0,0,0,0
co,Colombia,South America,15,2018-09-07,15,0,0,19268646,0,0,0,0
co,Colombia,South America,16,2018-09-14,16,0,0,19265063,0,0,0,0
co,Colombia,South America,17,2018-09-21,17,0,0,19215977,0,0,0,0
co,Colombia,South America,18,2018-09-28,18,0,0,19236053,0,0,0,0
co,Colombia,South America,19,2018-10-05,19,0,0,19296506,0,0,0,0
co,Colombia,South America,20,2018-10-12,20,0,0,20015566,0,0,0,0
co,Colombia,South America,21,2018-10-19,21,0,0,19974802,0,0,0,0
co,Colombia,South America,22,2018-10-26,22,0,0,20897908,0,0,0,0
co,Colombia,South America,23,2018-11-02,23,0,0,20428701,0,0,0,0
co,Colombia,South America,24,2018-11-09,24,0,0,20593869,0,0,0,0
co,Colombia,South America,25,2018-11-16,25,0,0,20877274,0,0,0,0
co,Colombia,South America,26,2018-11-23,26,0,0,20202903,0,0,0,0
co,Colombia,South America,27,2018-11-30,27,0,0,20501748,0,0,0,0
co,Colombia,South America,28,2018-12-07,28,0,0,20073656,0,0,0,0
co,Colombia,South America,29,2018-12-14,29,0,0,20618248,0,0,0,0
co,Colombia,South America,30,2018-12-21,30,0,0,20299026,0,0,0,0
co,Colombia,South America,31,2018-12-28,31,0,0,19769498,0,0,0,0
co,Colombia,South America,32,2019-01-04,32,0,0,19332024,0,0,0,0
co,Colombia,South America,33,2019-01-11,33,0,0,20391903,0,0,0,0
co,Colombia,South America,34,2019-01-18,34,0,0,21428203,0,0,0,0
co,Colombia,South America,35,2019-01-25,35,0,0,21883720,0,0,0,0
co,Colombia,South America,36,2019-02-01,36,0,0,22371666,0,0,0,0
co,Colombia,South America,37,2019-02-08,37,0,0,22185820,0,0,0,0
co,Colombia,South America,38,2019-02-15,38,0,0,22209154,0,0,0,0
co,Colombia,South America,39,2019-02-22,39,0,0,21780528,0,0,0,0
co,Colombia,South America,40,2019-03-01,40,0,0,22213430,0,0,0,0
co,Colombia,South America,41,2019-03-08,41,0,1,21320375,0,0,0,0
co,Colombia,South America,42,2019-03-15,42,0,1,21599147,0,0,0,0
co,Colombia,South America,43,2019-03-22,43,0,1,21406579,0,0,0,0
co,Colombia,South America,44,2019-03-29,44,0,1,21924067,0,0,0,0
co,Colombia,South America,45,2019-04-05,45,0,1,21837272,0,0,0,0
co,Colombia,South America,46,2019-04-12,46,0,1,22183570,0,0,0,0
co,Colombia,South America,47,2019-04-19,47,0,1,20810503,0,0,0,0
co,Colombia,South America,48,2019-04-26,48,0,1,22164388,0,0,0,0
co,Colombia,South America,49,2019-05-03,49,0,1,22459751,0,0,0,0
co,Colombia,South America,50,2019-05-10,50,0,1,22798310,0,0,0,0
co,Colombia,South America,51,2019-05-17,51,0,1,22678277,0,0,0,0
co,Colombia,South America,52,2019-05-24,52,0,1,22234391,0,0,0,0
co,Colombia,South America,53,2019-05-31,1,1,0,21613731,0,0,0,0
co,Colombia,South America,54,2019-06-07,2,1,0,21971088,0,0,0,0
co,Colombia,South America,55,2019-06-14,3,1,0,21341885,0,0,0,0
co,Colombia,South America,56,2019-06-21,4,1,0,21435836,0,0,0,0
co,Colombia,South America,57,2019-06-28,5,1,0,22517749,0,0,0,0
co,Colombia,South America,58,2019-07-05,6,1,0,22681779,0,0,0,0
co,Colombia,South America,59,2019-07-12,7,1,0,22607377,0,0,0,0
co,Colombia,South America,60,2019-07-19,8,1,0,22739780,0,0,0,0
co,Colombia,South America,61,2019-07-26,9,1,0,23539195,0,0,0,0
co,Colombia,South America,62,2019-08-02,10,1,0,23399043,0,0,0,0
co,Colombia,South America,63,2019-08-09,11,1,0,23794972,0,0,0,0
co,Colombia,South America,64,2019-08-16,12,1,0,23483997,0,0,0,0
co,Colombia,South America,65,2019-08-23,13,1,0,23794551,0,0,0,0
co,Colombia,South America,66,2019-08-30,14,1,0,23453957,0,0,0,0
co,Colombia,South America,67,2019-09-06,15,1,0,23772281,0,0,0,0
co,Colombia,South America,68,2019-09-13,16,1,0,23715827,0,0,0,0
co,Colombia,South America,69,2019-09-20,17,1,0,23311395,0,0,0,0
co,Colombia,South America,70,2019-09-27,18,1,0,23638848,0,0,0,0
co,Colombia,South America,71,2019-10-04,19,1,0,23128189,0,0,0,0
co,Colombia,South America,72,2019-10-11,20,1,0,22776303,0,0,0,0
co,Colombia,South America,73,2019-10-18,21,1,0,23539134,0,0,0,0
co,Colombia,South America,74,2019-10-25,22,1,0,23922102,0,0,0,0
co,Colombia,South America,75,2019-11-01,23,1,0,23261602,0,0,0,0
co,Colombia,South America,76,2019-11-08,24,1,0,23257283,0,0,0,0
co,Colombia,South America,77,2019-11-15,25,1,0,23677030,0,0,0,0
co,Colombia,South America,78,2019-11-22,26,1,0,22032065,0,0,0,0
co,Colombia,South America,79,2019-11-29,27,1,0,24099404,0,0,0,0
co,Colombia,South America,80,2019-12-06,28,1,0,24253850,0,0,0,0
co,Colombia,South America,81,2019-12-13,29,1,0,24761446,0,0,0,0
co,Colombia,South America,82,2019-12-20,30,1,0,24763695,0,0,0,0
co,Colombia,South America,83,2019-12-27,31,1,0,24107312,0,0,0,0
co,Colombia,South America,84,2020-01-03,32,1,0,23870584,0,0,0,0
co,Colombia,South America,85,2020-01-10,33,1,0,26557173,0,0,0,0
co,Colombia,South America,86,2020-01-17,34,1,0,27032710,0,0,0,0
co,Colombia,South America,87,2020-01-24,35,1,0,27476505,0,0,0,0
co,Colombia,South America,88,2020-01-31,36,1,0,27851203,0,0,0,0
co,Colombia,South America,89,2020-02-07,37,1,0,28291257,0,0,0,0
co,Colombia,South America,90,2020-02-14,38,1,0,28249255,0,0,0,0
co,Colombia,South America,91,2020-02-21,39,1,0,27773533,0,0,0,0
co,Colombia,South America,92,2020-02-28,40,1,0,35007882,0,0,0,0
co,Colombia,South America,93,2020-03-06,41,1,1,33071310,0,0,0,0
co,Colombia,South America,94,2020-03-13,42,1,1,28742869,0,0,0,0
co,Colombia,South America,95,2020-03-20,43,1,1,29107033,368,4,7.4120793,0.080566078
co,Colombia,South America,96,2020-03-27,44,1,1,26621725,595,13,11.984204,0.26183978
co,Colombia,South America,97,2020-04-03,45,1,1,25332019,989,38,19.919964,0.76537776
co,Colombia,South America,98,2020-04-10,46,1,1,23927820,1051,76,21.168737,1.5307555
co,Colombia,South America,99,2020-04-17,47,1,1,24787141,1251,75,25.197042,1.510614
co,Colombia,South America,100,2020-04-24,48,1,1,25288175,1855,72,37.362522,1.4501895
co,Colombia,South America,101,2020-05-01,49,1,1,23894000,2748,119,55.3489,2.3968408
co,Colombia,South America,102,2020-05-08,50,1,1,26169373,3971,112,79.981979,2.2558503
co,Colombia,South America,103,2020-05-15,51,1,1,24956621,4757,121,95.81321,2.437124
co,Colombia,South America,104,2020-05-22,52,1,1,24468784,6417,173,129.24814,3.484483
cr,Costa Rica,North America,1,2018-06-01,1,0,0,6818378,0,0,0,0
cr,Costa Rica,North America,2,2018-06-08,2,0,0,6744957,0,0,0,0
cr,Costa Rica,North America,3,2018-06-15,3,0,0,6496654,0,0,0,0
cr,Costa Rica,North America,4,2018-06-22,4,0,0,6659969,0,0,0,0
cr,Costa Rica,North America,5,2018-06-29,5,0,0,7272678,0,0,0,0
cr,Costa Rica,North America,6,2018-07-06,6,0,0,6831714,0,0,0,0
cr,Costa Rica,North America,7,2018-07-13,7,0,0,7076479,0,0,0,0
cr,Costa Rica,North America,8,2018-07-20,8,0,0,7144003,0,0,0,0
cr,Costa Rica,North America,9,2018-07-27,9,0,0,7085458,0,0,0,0
cr,Costa Rica,North America,10,2018-08-03,10,0,0,7043246,0,0,0,0
cr,Costa Rica,North America,11,2018-08-10,11,0,0,6766280,0,0,0,0
cr,Costa Rica,North America,12,2018-08-17,12,0,0,6924625,0,0,0,0
cr,Costa Rica,North America,13,2018-08-24,13,0,0,7088248,0,0,0,0
cr,Costa Rica,North America,14,2018-08-31,14,0,0,6925429,0,0,0,0
cr,Costa Rica,North America,15,2018-09-07,15,0,0,6653098,0,0,0,0
cr,Costa Rica,North America,16,2018-09-14,16,0,0,6438524,0,0,0,0
cr,Costa Rica,North America,17,2018-09-21,17,0,0,6472857,0,0,0,0
cr,Costa Rica,North America,18,2018-09-28,18,0,0,6613205,0,0,0,0
cr,Costa Rica,North America,19,2018-10-05,19,0,0,6616065,0,0,0,0
cr,Costa Rica,North America,20,2018-10-12,20,0,0,6805205,0,0,0,0
cr,Costa Rica,North America,21,2018-10-19,21,0,0,6864821,0,0,0,0
cr,Costa Rica,North America,22,2018-10-26,22,0,0,6906856,0,0,0,0
cr,Costa Rica,North America,23,2018-11-02,23,0,0,7101776,0,0,0,0
cr,Costa Rica,North America,24,2018-11-09,24,0,0,7290623,0,0,0,0
cr,Costa Rica,North America,25,2018-11-16,25,0,0,7098748,0,0,0,0
cr,Costa Rica,North America,26,2018-11-23,26,0,0,7109006,0,0,0,0
cr,Costa Rica,North America,27,2018-11-30,27,0,0,7026888,0,0,0,0
cr,Costa Rica,North America,28,2018-12-07,28,0,0,6949560,0,0,0,0
cr,Costa Rica,North America,29,2018-12-14,29,0,0,7143903,0,0,0,0
cr,Costa Rica,North America,30,2018-12-21,30,0,0,6956859,0,0,0,0
cr,Costa Rica,North America,31,2018-12-28,31,0,0,7106145,0,0,0,0
cr,Costa Rica,North America,32,2019-01-04,32,0,0,7072812,0,0,0,0
cr,Costa Rica,North America,33,2019-01-11,33,0,0,7367141,0,0,0,0
cr,Costa Rica,North America,34,2019-01-18,34,0,0,7625245,0,0,0,0
cr,Costa Rica,North America,35,2019-01-25,35,0,0,7746378,0,0,0,0
cr,Costa Rica,North America,36,2019-02-01,36,0,0,7852876,0,0,0,0
cr,Costa Rica,North America,37,2019-02-08,37,0,0,8397839,0,0,0,0
cr,Costa Rica,North America,38,2019-02-15,38,0,0,8620013,0,0,0,0
cr,Costa Rica,North America,39,2019-02-22,39,0,0,8664325,0,0,0,0
cr,Costa Rica,North America,40,2019-03-01,40,0,0,8956774,0,0,0,0
cr,Costa Rica,North America,41,2019-03-08,41,0,1,8680621,0,0,0,0
cr,Costa Rica,North America,42,2019-03-15,42,0,1,8451615,0,0,0,0
cr,Costa Rica,North America,43,2019-03-22,43,0,1,8357528,0,0,0,0
cr,Costa Rica,North America,44,2019-03-29,44,0,1,8612436,0,0,0,0
cr,Costa Rica,North America,45,2019-04-05,45,0,1,8280969,0,0,0,0
cr,Costa Rica,North America,46,2019-04-12,46,0,1,8104746,0,0,0,0
cr,Costa Rica,North America,47,2019-04-19,47,0,1,8355909,0,0,0,0
cr,Costa Rica,North America,48,2019-04-26,48,0,1,8521500,0,0,0,0
cr,Costa Rica,North America,49,2019-05-03,49,0,1,8431292,0,0,0,0
cr,Costa Rica,North America,50,2019-05-10,50,0,1,8645741,0,0,0,0
cr,Costa Rica,North America,51,2019-05-17,51,0,1,8493044,0,0,0,0
cr,Costa Rica,North America,52,2019-05-24,52,0,1,8534034,0,0,0,0
cr,Costa Rica,North America,53,2019-05-31,1,1,0,8457686,0,0,0,0
cr,Costa Rica,North America,54,2019-06-07,2,1,0,8341104,0,0,0,0
cr,Costa Rica,North America,55,2019-06-14,3,1,0,8219118,0,0,0,0
cr,Costa Rica,North America,56,2019-06-21,4,1,0,8173774,0,0,0,0
cr,Costa Rica,North America,57,2019-06-28,5,1,0,8264985,0,0,0,0
cr,Costa Rica,North America,58,2019-07-05,6,1,0,7973696,0,0,0,0
cr,Costa Rica,North America,59,2019-07-12,7,1,0,8166305,0,0,0,0
cr,Costa Rica,North America,60,2019-07-19,8,1,0,8404610,0,0,0,0
cr,Costa Rica,North America,61,2019-07-26,9,1,0,9005651,0,0,0,0
cr,Costa Rica,North America,62,2019-08-02,10,1,0,8848776,0,0,0,0
cr,Costa Rica,North America,63,2019-08-09,11,1,0,9208690,0,0,0,0
cr,Costa Rica,North America,64,2019-08-16,12,1,0,8902180,0,0,0,0
cr,Costa Rica,North America,65,2019-08-23,13,1,0,9058774,0,0,0,0
cr,Costa Rica,North America,66,2019-08-30,14,1,0,9012816,0,0,0,0
cr,Costa Rica,North America,67,2019-09-06,15,1,0,9199710,0,0,0,0
cr,Costa Rica,North America,68,2019-09-13,16,1,0,9061248,0,0,0,0
cr,Costa Rica,North America,69,2019-09-20,17,1,0,9022032,0,0,0,0
cr,Costa Rica,North America,70,2019-09-27,18,1,0,9060415,0,0,0,0
cr,Costa Rica,North America,71,2019-10-04,19,1,0,8727270,0,0,0,0
cr,Costa Rica,North America,72,2019-10-11,20,1,0,8677201,0,0,0,0
cr,Costa Rica,North America,73,2019-10-18,21,1,0,8939745,0,0,0,0
cr,Costa Rica,North America,74,2019-10-25,22,1,0,9051090,0,0,0,0
cr,Costa Rica,North America,75,2019-11-01,23,1,0,8847485,0,0,0,0
cr,Costa Rica,North America,76,2019-11-08,24,1,0,8975378,0,0,0,0
cr,Costa Rica,North America,77,2019-11-15,25,1,0,9278516,0,0,0,0
cr,Costa Rica,North America,78,2019-11-22,26,1,0,9438941,0,0,0,0
cr,Costa Rica,North America,79,2019-11-29,27,1,0,9317272,0,0,0,0
cr,Costa Rica,North America,80,2019-12-06,28,1,0,9240684,0,0,0,0
cr,Costa Rica,North America,81,2019-12-13,29,1,0,9541578,0,0,0,0
cr,Costa Rica,North America,82,2019-12-20,30,1,0,9504044,0,0,0,0
cr,Costa Rica,North America,83,2019-12-27,31,1,0,9557500,0,0,0,0
cr,Costa Rica,North America,84,2020-01-03,32,1,0,9415323,0,0,0,0
cr,Costa Rica,North America,85,2020-01-10,33,1,0,10243651,0,0,0,0
cr,Costa Rica,North America,86,2020-01-17,34,1,0,10450798,0,0,0,0
cr,Costa Rica,North America,87,2020-01-24,35,1,0,10285313,0,0,0,0
cr,Costa Rica,North America,88,2020-01-31,36,1,0,10190266,0,0,0,0
cr,Costa Rica,North America,89,2020-02-07,37,1,0,10291310,0,0,0,0
cr,Costa Rica,North America,90,2020-02-14,38,1,0,10708496,0,0,0,0
cr,Costa Rica,North America,91,2020-02-21,39,1,0,10857600,0,0,0,0
cr,Costa Rica,North America,92,2020-02-28,40,1,0,13981094,0,0,0,0
cr,Costa Rica,North America,93,2020-03-06,41,1,1,12706912,0,0,0,0
cr,Costa Rica,North America,94,2020-03-13,42,1,1,11089213,47,1,9.4010506,0.20002237
cr,Costa Rica,North America,95,2020-03-20,43,1,1,10936629,132,1,26.402952,0.20002237
cr,Costa Rica,North America,96,2020-03-27,44,1,1,10145523,174,0,34.80389,0
cr,Costa Rica,North America,97,2020-04-03,45,1,1,9468021,127,0,25.40284,0
cr,Costa Rica,North America,98,2020-04-10,46,1,1,9091474,124,2,24.802773,0.40004474
cr,Costa Rica,North America,99,2020-04-17,47,1,1,9626291,55,2,11.00123,0.40004474
cr,Costa Rica,North America,100,2020-04-24,48,1,1,9512869,32,0,6.4007158,0
cr,Costa Rica,North America,101,2020-05-01,49,1,1,9320811,48,0,9.6010733,0
cr,Costa Rica,North America,102,2020-05-08,50,1,1,10071921,54,1,10.801208,0.20002237
cr,Costa Rica,North America,103,2020-05-15,51,1,1,9465956,82,3,16.401834,0.60006708
cr,Costa Rica,North America,104,2020-05-22,52,1,1,9321364,87,0,17.401945,0
cz,Czech Republic,Europe,1,2018-06-01,1,0,0,4662157,0,0,0,0
cz,Czech Republic,Europe,2,2018-06-08,2,0,0,4500665,0,0,0,0
cz,Czech Republic,Europe,3,2018-06-15,3,0,0,4860460,0,0,0,0
cz,Czech Republic,Europe,4,2018-06-22,4,0,0,4993247,0,0,0,0
cz,Czech Republic,Europe,5,2018-06-29,5,0,0,4768248,0,0,0,0
cz,Czech Republic,Europe,6,2018-07-06,6,0,0,4442736,0,0,0,0
cz,Czech Republic,Europe,7,2018-07-13,7,0,0,4834618,0,0,0,0
cz,Czech Republic,Europe,8,2018-07-20,8,0,0,4768039,0,0,0,0
cz,Czech Republic,Europe,9,2018-07-27,9,0,0,4913485,0,0,0,0
cz,Czech Republic,Europe,10,2018-08-03,10,0,0,4910239,0,0,0,0
cz,Czech Republic,Europe,11,2018-08-10,11,0,0,4892698,0,0,0,0
cz,Czech Republic,Europe,12,2018-08-17,12,0,0,4858686,0,0,0,0
cz,Czech Republic,Europe,13,2018-08-24,13,0,0,4869155,0,0,0,0
cz,Czech Republic,Europe,14,2018-08-31,14,0,0,5207132,0,0,0,0
cz,Czech Republic,Europe,15,2018-09-07,15,0,0,5010547,0,0,0,0
cz,Czech Republic,Europe,16,2018-09-14,16,0,0,5432395,0,0,0,0
cz,Czech Republic,Europe,17,2018-09-21,17,0,0,5362867,0,0,0,0
cz,Czech Republic,Europe,18,2018-09-28,18,0,0,5059531,0,0,0,0
cz,Czech Republic,Europe,19,2018-10-05,19,0,0,5441911,0,0,0,0
cz,Czech Republic,Europe,20,2018-10-12,20,0,0,5323168,0,0,0,0
cz,Czech Republic,Europe,21,2018-10-19,21,0,0,5428466,0,0,0,0
cz,Czech Republic,Europe,22,2018-10-26,22,0,0,5348163,0,0,0,0
cz,Czech Republic,Europe,23,2018-11-02,23,0,0,5347260,0,0,0,0
cz,Czech Republic,Europe,24,2018-11-09,24,0,0,5964024,0,0,0,0
cz,Czech Republic,Europe,25,2018-11-16,25,0,0,5503013,0,0,0,0
cz,Czech Republic,Europe,26,2018-11-23,26,0,0,5440273,0,0,0,0
cz,Czech Republic,Europe,27,2018-11-30,27,0,0,6561685,0,0,0,0
cz,Czech Republic,Europe,28,2018-12-07,28,0,0,6082709,0,0,0,0
cz,Czech Republic,Europe,29,2018-12-14,29,0,0,6425430,0,0,0,0
cz,Czech Republic,Europe,30,2018-12-21,30,0,0,6647058,0,0,0,0
cz,Czech Republic,Europe,31,2018-12-28,31,0,0,5002364,0,0,0,0
cz,Czech Republic,Europe,32,2019-01-04,32,0,0,5515510,0,0,0,0
cz,Czech Republic,Europe,33,2019-01-11,33,0,0,5808265,0,0,0,0
cz,Czech Republic,Europe,34,2019-01-18,34,0,0,5877837,0,0,0,0
cz,Czech Republic,Europe,35,2019-01-25,35,0,0,5921615,0,0,0,0
cz,Czech Republic,Europe,36,2019-02-01,36,0,0,5948627,0,0,0,0
cz,Czech Republic,Europe,37,2019-02-08,37,0,0,6126307,0,0,0,0
cz,Czech Republic,Europe,38,2019-02-15,38,0,0,6010179,0,0,0,0
cz,Czech Republic,Europe,39,2019-02-22,39,0,0,5954636,0,0,0,0
cz,Czech Republic,Europe,40,2019-03-01,40,0,0,5922131,0,0,0,0
cz,Czech Republic,Europe,41,2019-03-08,41,0,1,5953845,0,0,0,0
cz,Czech Republic,Europe,42,2019-03-15,42,0,1,5930705,0,0,0,0
cz,Czech Republic,Europe,43,2019-03-22,43,0,1,5916711,0,0,0,0
cz,Czech Republic,Europe,44,2019-03-29,44,0,1,6393721,0,0,0,0
cz,Czech Republic,Europe,45,2019-04-05,45,0,1,6105716,0,0,0,0
cz,Czech Republic,Europe,46,2019-04-12,46,0,1,6181537,0,0,0,0
cz,Czech Republic,Europe,47,2019-04-19,47,0,1,5709073,0,0,0,0
cz,Czech Republic,Europe,48,2019-04-26,48,0,1,6278364,0,0,0,0
cz,Czech Republic,Europe,49,2019-05-03,49,0,1,6000469,0,0,0,0
cz,Czech Republic,Europe,50,2019-05-10,50,0,1,5939777,0,0,0,0
cz,Czech Republic,Europe,51,2019-05-17,51,0,1,7723289,0,0,0,0
cz,Czech Republic,Europe,52,2019-05-24,52,0,1,7149252,0,0,0,0
cz,Czech Republic,Europe,53,2019-05-31,1,1,0,7459817,0,0,0,0
cz,Czech Republic,Europe,54,2019-06-07,2,1,0,6905088,0,0,0,0
cz,Czech Republic,Europe,55,2019-06-14,3,1,0,6736925,0,0,0,0
cz,Czech Republic,Europe,56,2019-06-21,4,1,0,7184454,0,0,0,0
cz,Czech Republic,Europe,57,2019-06-28,5,1,0,7300953,0,0,0,0
cz,Czech Republic,Europe,58,2019-07-05,6,1,0,6971539,0,0,0,0
cz,Czech Republic,Europe,59,2019-07-12,7,1,0,7290120,0,0,0,0
cz,Czech Republic,Europe,60,2019-07-19,8,1,0,6776990,0,0,0,0
cz,Czech Republic,Europe,61,2019-07-26,9,1,0,6580784,0,0,0,0
cz,Czech Republic,Europe,62,2019-08-02,10,1,0,6602398,0,0,0,0
cz,Czech Republic,Europe,63,2019-08-09,11,1,0,6594449,0,0,0,0
cz,Czech Republic,Europe,64,2019-08-16,12,1,0,6602830,0,0,0,0
cz,Czech Republic,Europe,65,2019-08-23,13,1,0,6417843,0,0,0,0
cz,Czech Republic,Europe,66,2019-08-30,14,1,0,6722924,0,0,0,0
cz,Czech Republic,Europe,67,2019-09-06,15,1,0,7114781,0,0,0,0
cz,Czech Republic,Europe,68,2019-09-13,16,1,0,7239736,0,0,0,0
cz,Czech Republic,Europe,69,2019-09-20,17,1,0,7003321,0,0,0,0
cz,Czech Republic,Europe,70,2019-09-27,18,1,0,7610588,0,0,0,0
cz,Czech Republic,Europe,71,2019-10-04,19,1,0,7476305,0,0,0,0
cz,Czech Republic,Europe,72,2019-10-11,20,1,0,7487153,0,0,0,0
cz,Czech Republic,Europe,73,2019-10-18,21,1,0,7336572,0,0,0,0
cz,Czech Republic,Europe,74,2019-10-25,22,1,0,7379799,0,0,0,0
cz,Czech Republic,Europe,75,2019-11-01,23,1,0,8366023,0,0,0,0
cz,Czech Republic,Europe,76,2019-11-08,24,1,0,7597330,0,0,0,0
cz,Czech Republic,Europe,77,2019-11-15,25,1,0,7877945,0,0,0,0
cz,Czech Republic,Europe,78,2019-11-22,26,1,0,7595047,0,0,0,0
cz,Czech Republic,Europe,79,2019-11-29,27,1,0,7835250,0,0,0,0
cz,Czech Republic,Europe,80,2019-12-06,28,1,0,8796031,0,0,0,0
cz,Czech Republic,Europe,81,2019-12-13,29,1,0,9072393,0,0,0,0
cz,Czech Republic,Europe,82,2019-12-20,30,1,0,9300238,0,0,0,0
cz,Czech Republic,Europe,83,2019-12-27,31,1,0,6882373,0,0,0,0
cz,Czech Republic,Europe,84,2020-01-03,32,1,0,7530041,0,0,0,0
cz,Czech Republic,Europe,85,2020-01-10,33,1,0,8087867,0,0,0,0
cz,Czech Republic,Europe,86,2020-01-17,34,1,0,8362530,0,0,0,0
cz,Czech Republic,Europe,87,2020-01-24,35,1,0,8054060,0,0,0,0
cz,Czech Republic,Europe,88,2020-01-31,36,1,0,7831460,0,0,0,0
cz,Czech Republic,Europe,89,2020-02-07,37,1,0,7830690,0,0,0,0
cz,Czech Republic,Europe,90,2020-02-14,38,1,0,8042142,0,0,0,0
cz,Czech Republic,Europe,91,2020-02-21,39,1,0,8011592,0,0,0,0
cz,Czech Republic,Europe,92,2020-02-28,40,1,0,7876877,8,0,0.75259209,0
cz,Czech Republic,Europe,93,2020-03-06,41,1,1,8086459,86,0,8.0903654,0
cz,Czech Republic,Europe,94,2020-03-13,42,1,1,7663858,428,0,40.26368,0
cz,Czech Republic,Europe,95,2020-03-20,43,1,1,8047730,1132,6,106.49178,0.56444407
cz,Czech Republic,Europe,96,2020-03-27,44,1,1,8115333,1935,33,182.03322,3.1044424
cz,Czech Republic,Europe,97,2020-04-03,45,1,1,8337695,1723,60,162.08952,5.6444407
cz,Czech Republic,Europe,98,2020-04-10,46,1,1,8232536,991,67,93.227348,6.302959
cz,Czech Republic,Europe,99,2020-04-17,47,1,1,8435315,833,44,78.363655,4.1392565
cz,Czech Republic,Europe,100,2020-04-24,48,1,1,9518310,443,17,41.674789,1.5992583
cz,Czech Republic,Europe,101,2020-05-01,49,1,1,8581700,395,35,37.159237,3.2925906
cz,Czech Republic,Europe,102,2020-05-08,50,1,1,8510747,295,28,27.751835,2.6340723
cz,Czech Republic,Europe,103,2020-05-15,51,1,1,8820290,452,14,42.521454,1.3170362
cz,Czech Republic,Europe,104,2020-05-22,52,1,1,8714113,365,13,34.337017,1.2229621
de,Germany,Europe,1,2018-06-01,1,0,0,144942507,0,0,0,0
de,Germany,Europe,2,2018-06-08,2,0,0,147797721,0,0,0,0
de,Germany,Europe,3,2018-06-15,3,0,0,147861266,0,0,0,0
de,Germany,Europe,4,2018-06-22,4,0,0,157026035,0,0,0,0
de,Germany,Europe,5,2018-06-29,5,0,0,158885819,0,0,0,0
de,Germany,Europe,6,2018-07-06,6,0,0,151400643,0,0,0,0
de,Germany,Europe,7,2018-07-13,7,0,0,155674109,0,0,0,0
de,Germany,Europe,8,2018-07-20,8,0,0,154725460,0,0,0,0
de,Germany,Europe,9,2018-07-27,9,0,0,151689320,0,0,0,0
de,Germany,Europe,10,2018-08-03,10,0,0,162255088,0,0,0,0
de,Germany,Europe,11,2018-08-10,11,0,0,152742693,0,0,0,0
de,Germany,Europe,12,2018-08-17,12,0,0,149643853,0,0,0,0
de,Germany,Europe,13,2018-08-24,13,0,0,142899503,0,0,0,0
de,Germany,Europe,14,2018-08-31,14,0,0,148764686,0,0,0,0
de,Germany,Europe,15,2018-09-07,15,0,0,142763299,0,0,0,0
de,Germany,Europe,16,2018-09-14,16,0,0,151528074,0,0,0,0
de,Germany,Europe,17,2018-09-21,17,0,0,148899467,0,0,0,0
de,Germany,Europe,18,2018-09-28,18,0,0,156503492,0,0,0,0
de,Germany,Europe,19,2018-10-05,19,0,0,166393499,0,0,0,0
de,Germany,Europe,20,2018-10-12,20,0,0,154019991,0,0,0,0
de,Germany,Europe,21,2018-10-19,21,0,0,148532658,0,0,0,0
de,Germany,Europe,22,2018-10-26,22,0,0,154163801,0,0,0,0
de,Germany,Europe,23,2018-11-02,23,0,0,150974573,0,0,0,0
de,Germany,Europe,24,2018-11-09,24,0,0,148265873,0,0,0,0
de,Germany,Europe,25,2018-11-16,25,0,0,144246440,0,0,0,0
de,Germany,Europe,26,2018-11-23,26,0,0,156698199,0,0,0,0
de,Germany,Europe,27,2018-11-30,27,0,0,160377434,0,0,0,0
de,Germany,Europe,28,2018-12-07,28,0,0,153597134,0,0,0,0
de,Germany,Europe,29,2018-12-14,29,0,0,162818063,0,0,0,0
de,Germany,Europe,30,2018-12-21,30,0,0,213622305,0,0,0,0
de,Germany,Europe,31,2018-12-28,31,0,0,150045324,0,0,0,0
de,Germany,Europe,32,2019-01-04,32,0,0,134889791,0,0,0,0
de,Germany,Europe,33,2019-01-11,33,0,0,151679754,0,0,0,0
de,Germany,Europe,34,2019-01-18,34,0,0,160343314,0,0,0,0
de,Germany,Europe,35,2019-01-25,35,0,0,161505530,0,0,0,0
de,Germany,Europe,36,2019-02-01,36,0,0,156873265,0,0,0,0
de,Germany,Europe,37,2019-02-08,37,0,0,167915107,0,0,0,0
de,Germany,Europe,38,2019-02-15,38,0,0,166753077,0,0,0,0
de,Germany,Europe,39,2019-02-22,39,0,0,163227495,0,0,0,0
de,Germany,Europe,40,2019-03-01,40,0,0,151425848,0,0,0,0
de,Germany,Europe,41,2019-03-08,41,0,1,164150480,0,0,0,0
de,Germany,Europe,42,2019-03-15,42,0,1,190700279,0,0,0,0
de,Germany,Europe,43,2019-03-22,43,0,1,196132072,0,0,0,0
de,Germany,Europe,44,2019-03-29,44,0,1,190697626,0,0,0,0
de,Germany,Europe,45,2019-04-05,45,0,1,185697767,0,0,0,0
de,Germany,Europe,46,2019-04-12,46,0,1,203124973,0,0,0,0
de,Germany,Europe,47,2019-04-19,47,0,1,179329766,0,0,0,0
de,Germany,Europe,48,2019-04-26,48,0,1,169886933,0,0,0,0
de,Germany,Europe,49,2019-05-03,49,0,1,170454183,0,0,0,0
de,Germany,Europe,50,2019-05-10,50,0,1,180296877,0,0,0,0
de,Germany,Europe,51,2019-05-17,51,0,1,198661202,0,0,0,0
de,Germany,Europe,52,2019-05-24,52,0,1,196437021,0,0,0,0
de,Germany,Europe,53,2019-05-31,1,1,0,187011498,0,0,0,0
de,Germany,Europe,54,2019-06-07,2,1,0,189454316,0,0,0,0
de,Germany,Europe,55,2019-06-14,3,1,0,198301858,0,0,0,0
de,Germany,Europe,56,2019-06-21,4,1,0,204787006,0,0,0,0
de,Germany,Europe,57,2019-06-28,5,1,0,209649605,0,0,0,0
de,Germany,Europe,58,2019-07-05,6,1,0,191255892,0,0,0,0
de,Germany,Europe,59,2019-07-12,7,1,0,206889589,0,0,0,0
de,Germany,Europe,60,2019-07-19,8,1,0,185694737,0,0,0,0
de,Germany,Europe,61,2019-07-26,9,1,0,177629254,0,0,0,0
de,Germany,Europe,62,2019-08-02,10,1,0,175048569,0,0,0,0
de,Germany,Europe,63,2019-08-09,11,1,0,175808681,0,0,0,0
de,Germany,Europe,64,2019-08-16,12,1,0,165437733,0,0,0,0
de,Germany,Europe,65,2019-08-23,13,1,0,178164578,0,0,0,0
de,Germany,Europe,66,2019-08-30,14,1,0,184480699,0,0,0,0
de,Germany,Europe,67,2019-09-06,15,1,0,185622702,0,0,0,0
de,Germany,Europe,68,2019-09-13,16,1,0,189257813,0,0,0,0
de,Germany,Europe,69,2019-09-20,17,1,0,205574143,0,0,0,0
de,Germany,Europe,70,2019-09-27,18,1,0,211068174,0,0,0,0
de,Germany,Europe,71,2019-10-04,19,1,0,202128460,0,0,0,0
de,Germany,Europe,72,2019-10-11,20,1,0,197606933,0,0,0,0
de,Germany,Europe,73,2019-10-18,21,1,0,197529566,0,0,0,0
de,Germany,Europe,74,2019-10-25,22,1,0,211960703,0,0,0,0
de,Germany,Europe,75,2019-11-01,23,1,0,197250567,0,0,0,0
de,Germany,Europe,76,2019-11-08,24,1,0,193107050,0,0,0,0
de,Germany,Europe,77,2019-11-15,25,1,0,184990024,0,0,0,0
de,Germany,Europe,78,2019-11-22,26,1,0,180681521,0,0,0,0
de,Germany,Europe,79,2019-11-29,27,1,0,201696265,0,0,0,0
de,Germany,Europe,80,2019-12-06,28,1,0,216071301,0,0,0,0
de,Germany,Europe,81,2019-12-13,29,1,0,205248256,0,0,0,0
de,Germany,Europe,82,2019-12-20,30,1,0,262155661,0,0,0,0
de,Germany,Europe,83,2019-12-27,31,1,0,175265111,0,0,0,0
de,Germany,Europe,84,2020-01-03,32,1,0,166989994,0,0,0,0
de,Germany,Europe,85,2020-01-10,33,1,0,188928998,0,0,0,0
de,Germany,Europe,86,2020-01-17,34,1,0,198127142,0,0,0,0
de,Germany,Europe,87,2020-01-24,35,1,0,197659691,4,0,0.048247539,0
de,Germany,Europe,88,2020-01-31,36,1,0,193717883,7,0,0.084433198,0
de,Germany,Europe,89,2020-02-07,37,1,0,189742528,4,0,0.048247539,0
de,Germany,Europe,90,2020-02-14,38,1,0,203184827,0,0,0,0
de,Germany,Europe,91,2020-02-21,39,1,0,181302693,6,0,0.072371311,0
de,Germany,Europe,92,2020-02-28,40,1,0,186937228,241,0,2.9069142,0
de,Germany,Europe,93,2020-03-06,41,1,1,186274996,1305,3,15.74076,0.036185656
de,Germany,Europe,94,2020-03-13,42,1,1,183558128,6631,10,79.982361,0.12061885
de,Germany,Europe,95,2020-03-20,43,1,1,167896983,28310,185,341.47195,2.2314487
de,Germany,Europe,96,2020-03-27,44,1,1,179143933,37014,674,446.45862,8.1297102
de,Germany,Europe,97,2020-04-03,45,1,1,182793852,34680,1235,418.30618,14.896428
de,Germany,Europe,98,2020-04-10,46,1,1,170345405,22248,1462,268.35281,17.634476
de,Germany,Europe,99,2020-04-17,47,1,1,182763835,17596,1525,212.24092,18.394375
de,Germany,Europe,100,2020-04-24,48,1,1,187751497,11073,1194,133.56125,14.401891
de,Germany,Europe,101,2020-05-01,49,1,1,178965743,6972,831,84.095459,10.023426
de,Germany,Europe,102,2020-05-08,50,1,1,188765508,6148,604,74.156471,7.2853785
de,Germany,Europe,103,2020-05-15,51,1,1,194288214,4513,424,54.435287,5.1142392
de,Germany,Europe,104,2020-05-22,52,1,1,186708436,2965,264,35.763489,3.1843376
dk,Denmark,Europe,1,2018-06-01,1,0,0,28467966,0,0,0,0
dk,Denmark,Europe,2,2018-06-08,2,0,0,27376326,0,0,0,0
dk,Denmark,Europe,3,2018-06-15,3,0,0,28194104,0,0,0,0
dk,Denmark,Europe,4,2018-06-22,4,0,0,28510751,0,0,0,0
dk,Denmark,Europe,5,2018-06-29,5,0,0,26882688,0,0,0,0
dk,Denmark,Europe,6,2018-07-06,6,0,0,24684208,0,0,0,0
dk,Denmark,Europe,7,2018-07-13,7,0,0,24590948,0,0,0,0
dk,Denmark,Europe,8,2018-07-20,8,0,0,23723955,0,0,0,0
dk,Denmark,Europe,9,2018-07-27,9,0,0,24391621,0,0,0,0
dk,Denmark,Europe,10,2018-08-03,10,0,0,25562066,0,0,0,0
dk,Denmark,Europe,11,2018-08-10,11,0,0,24007619,0,0,0,0
dk,Denmark,Europe,12,2018-08-17,12,0,0,24732486,0,0,0,0
dk,Denmark,Europe,13,2018-08-24,13,0,0,24716696,0,0,0,0
dk,Denmark,Europe,14,2018-08-31,14,0,0,25975199,0,0,0,0
dk,Denmark,Europe,15,2018-09-07,15,0,0,26251701,0,0,0,0
dk,Denmark,Europe,16,2018-09-14,16,0,0,26286642,0,0,0,0
dk,Denmark,Europe,17,2018-09-21,17,0,0,25622860,0,0,0,0
dk,Denmark,Europe,18,2018-09-28,18,0,0,28144164,0,0,0,0
dk,Denmark,Europe,19,2018-10-05,19,0,0,27179092,0,0,0,0
dk,Denmark,Europe,20,2018-10-12,20,0,0,25750146,0,0,0,0
dk,Denmark,Europe,21,2018-10-19,21,0,0,25038850,0,0,0,0
dk,Denmark,Europe,22,2018-10-26,22,0,0,27242395,0,0,0,0
dk,Denmark,Europe,23,2018-11-02,23,0,0,25995443,0,0,0,0
dk,Denmark,Europe,24,2018-11-09,24,0,0,25420664,0,0,0,0
dk,Denmark,Europe,25,2018-11-16,25,0,0,25402528,0,0,0,0
dk,Denmark,Europe,26,2018-11-23,26,0,0,27065185,0,0,0,0
dk,Denmark,Europe,27,2018-11-30,27,0,0,34143986,0,0,0,0
dk,Denmark,Europe,28,2018-12-07,28,0,0,30656038,0,0,0,0
dk,Denmark,Europe,29,2018-12-14,29,0,0,30475531,0,0,0,0
dk,Denmark,Europe,30,2018-12-21,30,0,0,35084620,0,0,0,0
dk,Denmark,Europe,31,2018-12-28,31,0,0,23408252,0,0,0,0
dk,Denmark,Europe,32,2019-01-04,32,0,0,23597275,0,0,0,0
dk,Denmark,Europe,33,2019-01-11,33,0,0,24966008,0,0,0,0
dk,Denmark,Europe,34,2019-01-18,34,0,0,24812438,0,0,0,0
dk,Denmark,Europe,35,2019-01-25,35,0,0,24019998,0,0,0,0
dk,Denmark,Europe,36,2019-02-01,36,0,0,24170082,0,0,0,0
dk,Denmark,Europe,37,2019-02-08,37,0,0,24708569,0,0,0,0
dk,Denmark,Europe,38,2019-02-15,38,0,0,24272126,0,0,0,0
dk,Denmark,Europe,39,2019-02-22,39,0,0,24787978,0,0,0,0
dk,Denmark,Europe,40,2019-03-01,40,0,0,24012402,0,0,0,0
dk,Denmark,Europe,41,2019-03-08,41,0,1,23134676,0,0,0,0
dk,Denmark,Europe,42,2019-03-15,42,0,1,24455666,0,0,0,0
dk,Denmark,Europe,43,2019-03-22,43,0,1,23629583,0,0,0,0
dk,Denmark,Europe,44,2019-03-29,44,0,1,25028637,0,0,0,0
dk,Denmark,Europe,45,2019-04-05,45,0,1,25076510,0,0,0,0
dk,Denmark,Europe,46,2019-04-12,46,0,1,25702666,0,0,0,0
dk,Denmark,Europe,47,2019-04-19,47,0,1,24117854,0,0,0,0
dk,Denmark,Europe,48,2019-04-26,48,0,1,26669916,0,0,0,0
dk,Denmark,Europe,49,2019-05-03,49,0,1,25623473,0,0,0,0
dk,Denmark,Europe,50,2019-05-10,50,0,1,26987566,0,0,0,0
dk,Denmark,Europe,51,2019-05-17,51,0,1,27189041,0,0,0,0
dk,Denmark,Europe,52,2019-05-24,52,0,1,27313390,0,0,0,0
dk,Denmark,Europe,53,2019-05-31,1,1,0,25557093,0,0,0,0
dk,Denmark,Europe,54,2019-06-07,2,1,0,26249580,0,0,0,0
dk,Denmark,Europe,55,2019-06-14,3,1,0,28418353,0,0,0,0
dk,Denmark,Europe,56,2019-06-21,4,1,0,28603103,0,0,0,0
dk,Denmark,Europe,57,2019-06-28,5,1,0,27728314,0,0,0,0
dk,Denmark,Europe,58,2019-07-05,6,1,0,26435439,0,0,0,0
dk,Denmark,Europe,59,2019-07-12,7,1,0,30480949,0,0,0,0
dk,Denmark,Europe,60,2019-07-19,8,1,0,27091181,0,0,0,0
dk,Denmark,Europe,61,2019-07-26,9,1,0,25800727,0,0,0,0
dk,Denmark,Europe,62,2019-08-02,10,1,0,25624109,0,0,0,0
dk,Denmark,Europe,63,2019-08-09,11,1,0,24438536,0,0,0,0
dk,Denmark,Europe,64,2019-08-16,12,1,0,24999768,0,0,0,0
dk,Denmark,Europe,65,2019-08-23,13,1,0,24613709,0,0,0,0
dk,Denmark,Europe,66,2019-08-30,14,1,0,25241937,0,0,0,0
dk,Denmark,Europe,67,2019-09-06,15,1,0,28154103,0,0,0,0
dk,Denmark,Europe,68,2019-09-13,16,1,0,27944892,0,0,0,0
dk,Denmark,Europe,69,2019-09-20,17,1,0,25818154,0,0,0,0
dk,Denmark,Europe,70,2019-09-27,18,1,0,25680840,0,0,0,0
dk,Denmark,Europe,71,2019-10-04,19,1,0,26766522,0,0,0,0
dk,Denmark,Europe,72,2019-10-11,20,1,0,26449239,0,0,0,0
dk,Denmark,Europe,73,2019-10-18,21,1,0,25061110,0,0,0,0
dk,Denmark,Europe,74,2019-10-25,22,1,0,26875042,0,0,0,0
dk,Denmark,Europe,75,2019-11-01,23,1,0,25720504,0,0,0,0
dk,Denmark,Europe,76,2019-11-08,24,1,0,25564287,0,0,0,0
dk,Denmark,Europe,77,2019-11-15,25,1,0,27420292,0,0,0,0
dk,Denmark,Europe,78,2019-11-22,26,1,0,28763315,0,0,0,0
dk,Denmark,Europe,79,2019-11-29,27,1,0,34402187,0,0,0,0
dk,Denmark,Europe,80,2019-12-06,28,1,0,31768508,0,0,0,0
dk,Denmark,Europe,81,2019-12-13,29,1,0,32291673,0,0,0,0
dk,Denmark,Europe,82,2019-12-20,30,1,0,39408224,0,0,0,0
dk,Denmark,Europe,83,2019-12-27,31,1,0,26057525,0,0,0,0
dk,Denmark,Europe,84,2020-01-03,32,1,0,25722325,0,0,0,0
dk,Denmark,Europe,85,2020-01-10,33,1,0,26786892,0,0,0,0
dk,Denmark,Europe,86,2020-01-17,34,1,0,27329257,0,0,0,0
dk,Denmark,Europe,87,2020-01-24,35,1,0,26413658,0,0,0,0
dk,Denmark,Europe,88,2020-01-31,36,1,0,27059192,0,0,0,0
dk,Denmark,Europe,89,2020-02-07,37,1,0,27103239,0,0,0,0
dk,Denmark,Europe,90,2020-02-14,38,1,0,28633756,0,0,0,0
dk,Denmark,Europe,91,2020-02-21,39,1,0,26567087,1,0,0.17260318,0
dk,Denmark,Europe,92,2020-02-28,40,1,0,25620275,9,0,1.5534286,0
dk,Denmark,Europe,93,2020-03-06,41,1,1,24362594,506,0,87.337212,0
dk,Denmark,Europe,94,2020-03-13,42,1,1,24474247,599,4,103.38931,0.6904127
dk,Denmark,Europe,95,2020-03-20,43,1,1,24903536,609,30,105.11533,5.1780953
dk,Denmark,Europe,96,2020-03-27,44,1,1,24116192,1383,70,238.71021,12.082223
dk,Denmark,Europe,97,2020-04-03,45,1,1,24408247,2295,114,396.1243,19.676762
dk,Denmark,Europe,98,2020-04-10,46,1,1,22747361,1279,91,220.75946,15.706889
dk,Denmark,Europe,99,2020-04-17,47,1,1,24483005,1231,75,212.47452,12.945238
dk,Denmark,Europe,100,2020-04-24,48,1,1,25241805,1096,59,189.17308,10.183588
dk,Denmark,Europe,101,2020-05-01,49,1,1,25960854,975,57,168.2881,9.8383808
dk,Denmark,Europe,102,2020-05-08,50,1,1,25020015,684,34,118.06058,5.8685083
dk,Denmark,Europe,103,2020-05-15,51,1,1,27561584,450,20,77.671432,3.4520636
dk,Denmark,Europe,104,2020-05-22,52,1,1,26250515,363,11,62.654953,1.898635
do,Dominican Republic,North America,1,2018-06-01,1,0,0,3222637,0,0,0,0
do,Dominican Republic,North America,2,2018-06-08,2,0,0,3263014,0,0,0,0
do,Dominican Republic,North America,3,2018-06-15,3,0,0,3260994,0,0,0,0
do,Dominican Republic,North America,4,2018-06-22,4,0,0,3374247,0,0,0,0
do,Dominican Republic,North America,5,2018-06-29,5,0,0,4030588,0,0,0,0
do,Dominican Republic,North America,6,2018-07-06,6,0,0,3739721,0,0,0,0
do,Dominican Republic,North America,7,2018-07-13,7,0,0,4206440,0,0,0,0
do,Dominican Republic,North America,8,2018-07-20,8,0,0,4139790,0,0,0,0
do,Dominican Republic,North America,9,2018-07-27,9,0,0,3973133,0,0,0,0
do,Dominican Republic,North America,10,2018-08-03,10,0,0,3856814,0,0,0,0
do,Dominican Republic,North America,11,2018-08-10,11,0,0,3813087,0,0,0,0
do,Dominican Republic,North America,12,2018-08-17,12,0,0,3751083,0,0,0,0
do,Dominican Republic,North America,13,2018-08-24,13,0,0,4249116,0,0,0,0
do,Dominican Republic,North America,14,2018-08-31,14,0,0,3816484,0,0,0,0
do,Dominican Republic,North America,15,2018-09-07,15,0,0,3840512,0,0,0,0
do,Dominican Republic,North America,16,2018-09-14,16,0,0,3777722,0,0,0,0
do,Dominican Republic,North America,17,2018-09-21,17,0,0,3707910,0,0,0,0
do,Dominican Republic,North America,18,2018-09-28,18,0,0,3727699,0,0,0,0
do,Dominican Republic,North America,19,2018-10-05,19,0,0,3635613,0,0,0,0
do,Dominican Republic,North America,20,2018-10-12,20,0,0,3818611,0,0,0,0
do,Dominican Republic,North America,21,2018-10-19,21,0,0,3693222,0,0,0,0
do,Dominican Republic,North America,22,2018-10-26,22,0,0,3624911,0,0,0,0
do,Dominican Republic,North America,23,2018-11-02,23,0,0,3828863,0,0,0,0
do,Dominican Republic,North America,24,2018-11-09,24,0,0,3743232,0,0,0,0
do,Dominican Republic,North America,25,2018-11-16,25,0,0,3805753,0,0,0,0
do,Dominican Republic,North America,26,2018-11-23,26,0,0,3692846,0,0,0,0
do,Dominican Republic,North America,27,2018-11-30,27,0,0,3705185,0,0,0,0
do,Dominican Republic,North America,28,2018-12-07,28,0,0,3733409,0,0,0,0
do,Dominican Republic,North America,29,2018-12-14,29,0,0,4123518,0,0,0,0
do,Dominican Republic,North America,30,2018-12-21,30,0,0,4762863,0,0,0,0
do,Dominican Republic,North America,31,2018-12-28,31,0,0,4510648,0,0,0,0
do,Dominican Republic,North America,32,2019-01-04,32,0,0,4257220,0,0,0,0
do,Dominican Republic,North America,33,2019-01-11,33,0,0,4451550,0,0,0,0
do,Dominican Republic,North America,34,2019-01-18,34,0,0,4706838,0,0,0,0
do,Dominican Republic,North America,35,2019-01-25,35,0,0,4679845,0,0,0,0
do,Dominican Republic,North America,36,2019-02-01,36,0,0,4617225,0,0,0,0
do,Dominican Republic,North America,37,2019-02-08,37,0,0,4561624,0,0,0,0
do,Dominican Republic,North America,38,2019-02-15,38,0,0,4560685,0,0,0,0
do,Dominican Republic,North America,39,2019-02-22,39,0,0,4463874,0,0,0,0
do,Dominican Republic,North America,40,2019-03-01,40,0,0,4402234,0,0,0,0
do,Dominican Republic,North America,41,2019-03-08,41,0,1,4272012,0,0,0,0
do,Dominican Republic,North America,42,2019-03-15,42,0,1,4284056,0,0,0,0
do,Dominican Republic,North America,43,2019-03-22,43,0,1,4200178,0,0,0,0
do,Dominican Republic,North America,44,2019-03-29,44,0,1,4313515,0,0,0,0
do,Dominican Republic,North America,45,2019-04-05,45,0,1,4863128,0,0,0,0
do,Dominican Republic,North America,46,2019-04-12,46,0,1,4709326,0,0,0,0
do,Dominican Republic,North America,47,2019-04-19,47,0,1,4196402,0,0,0,0
do,Dominican Republic,North America,48,2019-04-26,48,0,1,4462037,0,0,0,0
do,Dominican Republic,North America,49,2019-05-03,49,0,1,4471596,0,0,0,0
do,Dominican Republic,North America,50,2019-05-10,50,0,1,4621740,0,0,0,0
do,Dominican Republic,North America,51,2019-05-17,51,0,1,4703256,0,0,0,0
do,Dominican Republic,North America,52,2019-05-24,52,0,1,4611789,0,0,0,0
do,Dominican Republic,North America,53,2019-05-31,1,1,0,5024661,0,0,0,0
do,Dominican Republic,North America,54,2019-06-07,2,1,0,4931280,0,0,0,0
do,Dominican Republic,North America,55,2019-06-14,3,1,0,5120311,0,0,0,0
do,Dominican Republic,North America,56,2019-06-21,4,1,0,4859995,0,0,0,0
do,Dominican Republic,North America,57,2019-06-28,5,1,0,5568324,0,0,0,0
do,Dominican Republic,North America,58,2019-07-05,6,1,0,4995100,0,0,0,0
do,Dominican Republic,North America,59,2019-07-12,7,1,0,4944223,0,0,0,0
do,Dominican Republic,North America,60,2019-07-19,8,1,0,4896051,0,0,0,0
do,Dominican Republic,North America,61,2019-07-26,9,1,0,5118053,0,0,0,0
do,Dominican Republic,North America,62,2019-08-02,10,1,0,5052242,0,0,0,0
do,Dominican Republic,North America,63,2019-08-09,11,1,0,4986623,0,0,0,0
do,Dominican Republic,North America,64,2019-08-16,12,1,0,4838491,0,0,0,0
do,Dominican Republic,North America,65,2019-08-23,13,1,0,4784119,0,0,0,0
do,Dominican Republic,North America,66,2019-08-30,14,1,0,4909330,0,0,0,0
do,Dominican Republic,North America,67,2019-09-06,15,1,0,4901038,0,0,0,0
do,Dominican Republic,North America,68,2019-09-13,16,1,0,4899689,0,0,0,0
do,Dominican Republic,North America,69,2019-09-20,17,1,0,4853722,0,0,0,0
do,Dominican Republic,North America,70,2019-09-27,18,1,0,4685316,0,0,0,0
do,Dominican Republic,North America,71,2019-10-04,19,1,0,4525327,0,0,0,0
do,Dominican Republic,North America,72,2019-10-11,20,1,0,4647093,0,0,0,0
do,Dominican Republic,North America,73,2019-10-18,21,1,0,4664665,0,0,0,0
do,Dominican Republic,North America,74,2019-10-25,22,1,0,4735248,0,0,0,0
do,Dominican Republic,North America,75,2019-11-01,23,1,0,4761055,0,0,0,0
do,Dominican Republic,North America,76,2019-11-08,24,1,0,4754355,0,0,0,0
do,Dominican Republic,North America,77,2019-11-15,25,1,0,4974062,0,0,0,0
do,Dominican Republic,North America,78,2019-11-22,26,1,0,5190576,0,0,0,0
do,Dominican Republic,North America,79,2019-11-29,27,1,0,5448492,0,0,0,0
do,Dominican Republic,North America,80,2019-12-06,28,1,0,5241536,0,0,0,0
do,Dominican Republic,North America,81,2019-12-13,29,1,0,5288150,0,0,0,0
do,Dominican Republic,North America,82,2019-12-20,30,1,0,5671118,0,0,0,0
do,Dominican Republic,North America,83,2019-12-27,31,1,0,5222045,0,0,0,0
do,Dominican Republic,North America,84,2020-01-03,32,1,0,4950097,0,0,0,0
do,Dominican Republic,North America,85,2020-01-10,33,1,0,5315639,0,0,0,0
do,Dominican Republic,North America,86,2020-01-17,34,1,0,5394302,0,0,0,0
do,Dominican Republic,North America,87,2020-01-24,35,1,0,5825626,0,0,0,0
do,Dominican Republic,North America,88,2020-01-31,36,1,0,5665947,0,0,0,0
do,Dominican Republic,North America,89,2020-02-07,37,1,0,5658497,0,0,0,0
do,Dominican Republic,North America,90,2020-02-14,38,1,0,5698394,0,0,0,0
do,Dominican Republic,North America,91,2020-02-21,39,1,0,5525622,0,0,0,0
do,Dominican Republic,North America,92,2020-02-28,40,1,0,8294622,1,0,0.094098471,0
do,Dominican Republic,North America,93,2020-03-06,41,1,1,7078702,0,0,0,0
do,Dominican Republic,North America,94,2020-03-13,42,1,1,5919303,0,0,0,0
do,Dominican Republic,North America,95,2020-03-20,43,1,1,5090938,371,10,34.910534,0.94098473
do,Dominican Republic,North America,96,2020-03-27,44,1,1,4843081,892,47,83.935837,4.4226284
do,Dominican Republic,North America,97,2020-04-03,45,1,1,4691163,827,51,77.819435,4.7990222
do,Dominican Republic,North America,98,2020-04-10,46,1,1,4701653,1503,81,141.43001,7.6219764
do,Dominican Republic,North America,99,2020-04-17,47,1,1,4826772,1686,71,158.65002,6.6809916
do,Dominican Republic,North America,100,2020-04-24,48,1,1,4648442,1352,33,127.22114,3.1052496
do,Dominican Republic,North America,101,2020-05-01,49,1,1,4618672,2155,69,202.78221,6.4927945
do,Dominican Republic,North America,102,2020-05-08,50,1,1,5496307,2389,47,224.80125,4.4226284
do,Dominican Republic,North America,103,2020-05-15,51,1,1,5375658,2281,37,214.63861,3.4816434
do,Dominican Republic,North America,104,2020-05-22,52,1,1,5054550,2246,28,211.34517,2.6347573
ec,Ecuador,South America,1,2018-06-01,1,0,0,7321454,0,0,0,0
ec,Ecuador,South America,2,2018-06-08,2,0,0,7495988,0,0,0,0
ec,Ecuador,South America,3,2018-06-15,3,0,0,6867637,0,0,0,0
ec,Ecuador,South America,4,2018-06-22,4,0,0,7097266,0,0,0,0
ec,Ecuador,South America,5,2018-06-29,5,0,0,7331622,0,0,0,0
ec,Ecuador,South America,6,2018-07-06,6,0,0,7524840,0,0,0,0
ec,Ecuador,South America,7,2018-07-13,7,0,0,7571148,0,0,0,0
ec,Ecuador,South America,8,2018-07-20,8,0,0,7628619,0,0,0,0
ec,Ecuador,South America,9,2018-07-27,9,0,0,7588594,0,0,0,0
ec,Ecuador,South America,10,2018-08-03,10,0,0,7665056,0,0,0,0
ec,Ecuador,South America,11,2018-08-10,11,0,0,7570402,0,0,0,0
ec,Ecuador,South America,12,2018-08-17,12,0,0,7591053,0,0,0,0
ec,Ecuador,South America,13,2018-08-24,13,0,0,7544495,0,0,0,0
ec,Ecuador,South America,14,2018-08-31,14,0,0,7531959,0,0,0,0
ec,Ecuador,South America,15,2018-09-07,15,0,0,7816104,0,0,0,0
ec,Ecuador,South America,16,2018-09-14,16,0,0,7868127,0,0,0,0
ec,Ecuador,South America,17,2018-09-21,17,0,0,8043482,0,0,0,0
ec,Ecuador,South America,18,2018-09-28,18,0,0,8367466,0,0,0,0
ec,Ecuador,South America,19,2018-10-05,19,0,0,8420812,0,0,0,0
ec,Ecuador,South America,20,2018-10-12,20,0,0,9049633,0,0,0,0
ec,Ecuador,South America,21,2018-10-19,21,0,0,8941588,0,0,0,0
ec,Ecuador,South America,22,2018-10-26,22,0,0,9563329,0,0,0,0
ec,Ecuador,South America,23,2018-11-02,23,0,0,9097668,0,0,0,0
ec,Ecuador,South America,24,2018-11-09,24,0,0,9659036,0,0,0,0
ec,Ecuador,South America,25,2018-11-16,25,0,0,9555722,0,0,0,0
ec,Ecuador,South America,26,2018-11-23,26,0,0,9365483,0,0,0,0
ec,Ecuador,South America,27,2018-11-30,27,0,0,9428517,0,0,0,0
ec,Ecuador,South America,28,2018-12-07,28,0,0,9261989,0,0,0,0
ec,Ecuador,South America,29,2018-12-14,29,0,0,9721044,0,0,0,0
ec,Ecuador,South America,30,2018-12-21,30,0,0,9778157,0,0,0,0
ec,Ecuador,South America,31,2018-12-28,31,0,0,9706016,0,0,0,0
ec,Ecuador,South America,32,2019-01-04,32,0,0,9475467,0,0,0,0
ec,Ecuador,South America,33,2019-01-11,33,0,0,9763443,0,0,0,0
ec,Ecuador,South America,34,2019-01-18,34,0,0,10030027,0,0,0,0
ec,Ecuador,South America,35,2019-01-25,35,0,0,9979155,0,0,0,0
ec,Ecuador,South America,36,2019-02-01,36,0,0,9924473,0,0,0,0
ec,Ecuador,South America,37,2019-02-08,37,0,0,9864299,0,0,0,0
ec,Ecuador,South America,38,2019-02-15,38,0,0,9918994,0,0,0,0
ec,Ecuador,South America,39,2019-02-22,39,0,0,9542573,0,0,0,0
ec,Ecuador,South America,40,2019-03-01,40,0,0,10007919,0,0,0,0
ec,Ecuador,South America,41,2019-03-08,41,0,1,9551946,0,0,0,0
ec,Ecuador,South America,42,2019-03-15,42,0,1,9813160,0,0,0,0
ec,Ecuador,South America,43,2019-03-22,43,0,1,9764697,0,0,0,0
ec,Ecuador,South America,44,2019-03-29,44,0,1,9888712,0,0,0,0
ec,Ecuador,South America,45,2019-04-05,45,0,1,10036171,0,0,0,0
ec,Ecuador,South America,46,2019-04-12,46,0,1,10270802,0,0,0,0
ec,Ecuador,South America,47,2019-04-19,47,0,1,9969266,0,0,0,0
ec,Ecuador,South America,48,2019-04-26,48,0,1,10234906,0,0,0,0
ec,Ecuador,South America,49,2019-05-03,49,0,1,10429772,0,0,0,0
ec,Ecuador,South America,50,2019-05-10,50,0,1,10647191,0,0,0,0
ec,Ecuador,South America,51,2019-05-17,51,0,1,10786151,0,0,0,0
ec,Ecuador,South America,52,2019-05-24,52,0,1,10953198,0,0,0,0
ec,Ecuador,South America,53,2019-05-31,1,1,0,10546394,0,0,0,0
ec,Ecuador,South America,54,2019-06-07,2,1,0,10462279,0,0,0,0
ec,Ecuador,South America,55,2019-06-14,3,1,0,10287905,0,0,0,0
ec,Ecuador,South America,56,2019-06-21,4,1,0,10437139,0,0,0,0
ec,Ecuador,South America,57,2019-06-28,5,1,0,10979670,0,0,0,0
ec,Ecuador,South America,58,2019-07-05,6,1,0,10747998,0,0,0,0
ec,Ecuador,South America,59,2019-07-12,7,1,0,10653095,0,0,0,0
ec,Ecuador,South America,60,2019-07-19,8,1,0,10747871,0,0,0,0
ec,Ecuador,South America,61,2019-07-26,9,1,0,11285524,0,0,0,0
ec,Ecuador,South America,62,2019-08-02,10,1,0,11496027,0,0,0,0
ec,Ecuador,South America,63,2019-08-09,11,1,0,11892941,0,0,0,0
ec,Ecuador,South America,64,2019-08-16,12,1,0,11535117,0,0,0,0
ec,Ecuador,South America,65,2019-08-23,13,1,0,11408990,0,0,0,0
ec,Ecuador,South America,66,2019-08-30,14,1,0,11569461,0,0,0,0
ec,Ecuador,South America,67,2019-09-06,15,1,0,11845887,0,0,0,0
ec,Ecuador,South America,68,2019-09-13,16,1,0,11981238,0,0,0,0
ec,Ecuador,South America,69,2019-09-20,17,1,0,11596229,0,0,0,0
ec,Ecuador,South America,70,2019-09-27,18,1,0,11423691,0,0,0,0
ec,Ecuador,South America,71,2019-10-04,19,1,0,9835295,0,0,0,0
ec,Ecuador,South America,72,2019-10-11,20,1,0,10576039,0,0,0,0
ec,Ecuador,South America,73,2019-10-18,21,1,0,11896977,0,0,0,0
ec,Ecuador,South America,74,2019-10-25,22,1,0,12348609,0,0,0,0
ec,Ecuador,South America,75,2019-11-01,23,1,0,12018359,0,0,0,0
ec,Ecuador,South America,76,2019-11-08,24,1,0,11946656,0,0,0,0
ec,Ecuador,South America,77,2019-11-15,25,1,0,12224369,0,0,0,0
ec,Ecuador,South America,78,2019-11-22,26,1,0,12531309,0,0,0,0
ec,Ecuador,South America,79,2019-11-29,27,1,0,12659447,0,0,0,0
ec,Ecuador,South America,80,2019-12-06,28,1,0,12517205,0,0,0,0
ec,Ecuador,South America,81,2019-12-13,29,1,0,13201851,0,0,0,0
ec,Ecuador,South America,82,2019-12-20,30,1,0,13797256,0,0,0,0
ec,Ecuador,South America,83,2019-12-27,31,1,0,13182641,0,0,0,0
ec,Ecuador,South America,84,2020-01-03,32,1,0,13130520,0,0,0,0
ec,Ecuador,South America,85,2020-01-10,33,1,0,14365086,0,0,0,0
ec,Ecuador,South America,86,2020-01-17,34,1,0,14408325,0,0,0,0
ec,Ecuador,South America,87,2020-01-24,35,1,0,13974154,0,0,0,0
ec,Ecuador,South America,88,2020-01-31,36,1,0,13842877,0,0,0,0
ec,Ecuador,South America,89,2020-02-07,37,1,0,13525118,0,0,0,0
ec,Ecuador,South America,90,2020-02-14,38,1,0,13506334,0,0,0,0
ec,Ecuador,South America,91,2020-02-21,39,1,0,13066929,0,0,0,0
ec,Ecuador,South America,92,2020-02-28,40,1,0,16667013,10,0,0.58533078,0
ec,Ecuador,South America,93,2020-03-06,41,1,1,16184786,7,0,0.40973154,0
ec,Ecuador,South America,94,2020-03-13,42,1,1,13271804,0,0,0,0
ec,Ecuador,South America,95,2020-03-20,43,1,1,12660223,1043,26,61.049999,1.52186
ec,Ecuador,South America,96,2020-03-27,44,1,1,11734626,1547,91,90.550674,5.32651
ec,Ecuador,South America,97,2020-04-03,45,1,1,11468409,1692,122,99.037971,7.1410356
ec,Ecuador,South America,98,2020-04-10,46,1,1,11340624,3408,146,199.48073,8.5458298
ec,Ecuador,South America,99,2020-04-17,47,1,1,11454862,2992,149,175.13097,8.7214289
ec,Ecuador,South America,100,2020-04-24,48,1,1,11231139,13825,346,809.21979,20.252445
ec,Ecuador,South America,101,2020-05-01,49,1,1,10885577,4745,735,277.73944,43.021812
ec,Ecuador,South America,102,2020-05-08,50,1,1,11761669,1066,716,62.396259,41.909683
ec,Ecuador,South America,103,2020-05-15,51,1,1,11344204,4368,554,255.67249,32.427326
ec,Ecuador,South America,104,2020-05-22,52,1,1,11407858,3249,387,190.17397,22.652302
ee,Estonia,Europe,1,2018-06-01,1,0,0,1296413,0,0,0,0
ee,Estonia,Europe,2,2018-06-08,2,0,0,1294938,0,0,0,0
ee,Estonia,Europe,3,2018-06-15,3,0,0,1386097,0,0,0,0
ee,Estonia,Europe,4,2018-06-22,4,0,0,1357430,0,0,0,0
ee,Estonia,Europe,5,2018-06-29,5,0,0,1466619,0,0,0,0
ee,Estonia,Europe,6,2018-07-06,6,0,0,1419681,0,0,0,0
ee,Estonia,Europe,7,2018-07-13,7,0,0,1466906,0,0,0,0
ee,Estonia,Europe,8,2018-07-20,8,0,0,1410627,0,0,0,0
ee,Estonia,Europe,9,2018-07-27,9,0,0,1358020,0,0,0,0
ee,Estonia,Europe,10,2018-08-03,10,0,0,1409487,0,0,0,0
ee,Estonia,Europe,11,2018-08-10,11,0,0,1486064,0,0,0,0
ee,Estonia,Europe,12,2018-08-17,12,0,0,1456801,0,0,0,0
ee,Estonia,Europe,13,2018-08-24,13,0,0,1438969,0,0,0,0
ee,Estonia,Europe,14,2018-08-31,14,0,0,1498797,0,0,0,0
ee,Estonia,Europe,15,2018-09-07,15,0,0,1435962,0,0,0,0
ee,Estonia,Europe,16,2018-09-14,16,0,0,1402195,0,0,0,0
ee,Estonia,Europe,17,2018-09-21,17,0,0,1377288,0,0,0,0
ee,Estonia,Europe,18,2018-09-28,18,0,0,1326548,0,0,0,0
ee,Estonia,Europe,19,2018-10-05,19,0,0,1371115,0,0,0,0
ee,Estonia,Europe,20,2018-10-12,20,0,0,1356665,0,0,0,0
ee,Estonia,Europe,21,2018-10-19,21,0,0,1365602,0,0,0,0
ee,Estonia,Europe,22,2018-10-26,22,0,0,1285596,0,0,0,0
ee,Estonia,Europe,23,2018-11-02,23,0,0,1335827,0,0,0,0
ee,Estonia,Europe,24,2018-11-09,24,0,0,1425251,0,0,0,0
ee,Estonia,Europe,25,2018-11-16,25,0,0,1494739,0,0,0,0
ee,Estonia,Europe,26,2018-11-23,26,0,0,1388958,0,0,0,0
ee,Estonia,Europe,27,2018-11-30,27,0,0,1434774,0,0,0,0
ee,Estonia,Europe,28,2018-12-07,28,0,0,1476184,0,0,0,0
ee,Estonia,Europe,29,2018-12-14,29,0,0,1493275,0,0,0,0
ee,Estonia,Europe,30,2018-12-21,30,0,0,1637981,0,0,0,0
ee,Estonia,Europe,31,2018-12-28,31,0,0,1203986,0,0,0,0
ee,Estonia,Europe,32,2019-01-04,32,0,0,1267900,0,0,0,0
ee,Estonia,Europe,33,2019-01-11,33,0,0,1320629,0,0,0,0
ee,Estonia,Europe,34,2019-01-18,34,0,0,1326659,0,0,0,0
ee,Estonia,Europe,35,2019-01-25,35,0,0,1365478,0,0,0,0
ee,Estonia,Europe,36,2019-02-01,36,0,0,1426774,0,0,0,0
ee,Estonia,Europe,37,2019-02-08,37,0,0,1489094,0,0,0,0
ee,Estonia,Europe,38,2019-02-15,38,0,0,1446543,0,0,0,0
ee,Estonia,Europe,39,2019-02-22,39,0,0,1399052,0,0,0,0
ee,Estonia,Europe,40,2019-03-01,40,0,0,1307374,0,0,0,0
ee,Estonia,Europe,41,2019-03-08,41,0,1,1309091,0,0,0,0
ee,Estonia,Europe,42,2019-03-15,42,0,1,1298049,0,0,0,0
ee,Estonia,Europe,43,2019-03-22,43,0,1,1305551,0,0,0,0
ee,Estonia,Europe,44,2019-03-29,44,0,1,1546344,0,0,0,0
ee,Estonia,Europe,45,2019-04-05,45,0,1,1447351,0,0,0,0
ee,Estonia,Europe,46,2019-04-12,46,0,1,1546520,0,0,0,0
ee,Estonia,Europe,47,2019-04-19,47,0,1,1424320,0,0,0,0
ee,Estonia,Europe,48,2019-04-26,48,0,1,1361277,0,0,0,0
ee,Estonia,Europe,49,2019-05-03,49,0,1,1356981,0,0,0,0
ee,Estonia,Europe,50,2019-05-10,50,0,1,1423850,0,0,0,0
ee,Estonia,Europe,51,2019-05-17,51,0,1,1745548,0,0,0,0
ee,Estonia,Europe,52,2019-05-24,52,0,1,1546790,0,0,0,0
ee,Estonia,Europe,53,2019-05-31,1,1,0,1519831,0,0,0,0
ee,Estonia,Europe,54,2019-06-07,2,1,0,1492803,0,0,0,0
ee,Estonia,Europe,55,2019-06-14,3,1,0,1496025,0,0,0,0
ee,Estonia,Europe,56,2019-06-21,4,1,0,1520348,0,0,0,0
ee,Estonia,Europe,57,2019-06-28,5,1,0,1635077,0,0,0,0
ee,Estonia,Europe,58,2019-07-05,6,1,0,1550847,0,0,0,0
ee,Estonia,Europe,59,2019-07-12,7,1,0,1691923,0,0,0,0
ee,Estonia,Europe,60,2019-07-19,8,1,0,1579470,0,0,0,0
ee,Estonia,Europe,61,2019-07-26,9,1,0,1502585,0,0,0,0
ee,Estonia,Europe,62,2019-08-02,10,1,0,1485202,0,0,0,0
ee,Estonia,Europe,63,2019-08-09,11,1,0,1718022,0,0,0,0
ee,Estonia,Europe,64,2019-08-16,12,1,0,1625435,0,0,0,0
ee,Estonia,Europe,65,2019-08-23,13,1,0,1586196,0,0,0,0
ee,Estonia,Europe,66,2019-08-30,14,1,0,1537693,0,0,0,0
ee,Estonia,Europe,67,2019-09-06,15,1,0,1665878,0,0,0,0
ee,Estonia,Europe,68,2019-09-13,16,1,0,1624005,0,0,0,0
ee,Estonia,Europe,69,2019-09-20,17,1,0,1549309,0,0,0,0
ee,Estonia,Europe,70,2019-09-27,18,1,0,1473656,0,0,0,0
ee,Estonia,Europe,71,2019-10-04,19,1,0,1467731,0,0,0,0
ee,Estonia,Europe,72,2019-10-11,20,1,0,1467162,0,0,0,0
ee,Estonia,Europe,73,2019-10-18,21,1,0,1480706,0,0,0,0
ee,Estonia,Europe,74,2019-10-25,22,1,0,1465995,0,0,0,0
ee,Estonia,Europe,75,2019-11-01,23,1,0,1575136,0,0,0,0
ee,Estonia,Europe,76,2019-11-08,24,1,0,1518649,0,0,0,0
ee,Estonia,Europe,77,2019-11-15,25,1,0,1548269,0,0,0,0
ee,Estonia,Europe,78,2019-11-22,26,1,0,1462961,0,0,0,0
ee,Estonia,Europe,79,2019-11-29,27,1,0,1589385,0,0,0,0
ee,Estonia,Europe,80,2019-12-06,28,1,0,1685666,0,0,0,0
ee,Estonia,Europe,81,2019-12-13,29,1,0,1733621,0,0,0,0
ee,Estonia,Europe,82,2019-12-20,30,1,0,1890539,0,0,0,0
ee,Estonia,Europe,83,2019-12-27,31,1,0,1467772,0,0,0,0
ee,Estonia,Europe,84,2020-01-03,32,1,0,1510146,0,0,0,0
ee,Estonia,Europe,85,2020-01-10,33,1,0,1621550,0,0,0,0
ee,Estonia,Europe,86,2020-01-17,34,1,0,1771294,0,0,0,0
ee,Estonia,Europe,87,2020-01-24,35,1,0,1640070,0,0,0,0
ee,Estonia,Europe,88,2020-01-31,36,1,0,1603081,0,0,0,0
ee,Estonia,Europe,89,2020-02-07,37,1,0,1600027,0,0,0,0
ee,Estonia,Europe,90,2020-02-14,38,1,0,1639034,0,0,0,0
ee,Estonia,Europe,91,2020-02-21,39,1,0,1649448,0,0,0,0
ee,Estonia,Europe,92,2020-02-28,40,1,0,1602061,2,0,1.5128856,0
ee,Estonia,Europe,93,2020-03-06,41,1,1,1595147,14,0,10.590199,0
ee,Estonia,Europe,94,2020-03-13,42,1,1,1543431,242,0,183.05916,0
ee,Estonia,Europe,95,2020-03-20,43,1,1,1574118,146,1,110.44065,0.75644279
ee,Estonia,Europe,96,2020-03-27,44,1,1,1493256,375,4,283.66605,3.0257711
ee,Estonia,Europe,97,2020-04-03,45,1,1,1520360,406,19,307.11578,14.372414
ee,Estonia,Europe,98,2020-04-10,46,1,1,1518402,217,11,164.14809,8.3208714
ee,Estonia,Europe,99,2020-04-17,47,1,1,1610909,157,9,118.76152,6.8079853
ee,Estonia,Europe,100,2020-04-24,48,1,1,1553043,107,6,80.939384,4.5386567
ee,Estonia,Europe,101,2020-05-01,49,1,1,1523701,47,5,35.552811,3.7822142
ee,Estonia,Europe,102,2020-05-08,50,1,1,1538379,38,6,28.744827,4.5386567
ee,Estonia,Europe,103,2020-05-15,51,1,1,1499244,43,2,32.527042,1.5128856
ee,Estonia,Europe,104,2020-05-22,52,1,1,1631282,46,0,34.796368,0
es,Spain,Europe,1,2018-06-01,1,0,0,88847975,0,0,0,0
es,Spain,Europe,2,2018-06-08,2,0,0,91321057,0,0,0,0
es,Spain,Europe,3,2018-06-15,3,0,0,93843113,0,0,0,0
es,Spain,Europe,4,2018-06-22,4,0,0,98049118,0,0,0,0
es,Spain,Europe,5,2018-06-29,5,0,0,100666411,0,0,0,0
es,Spain,Europe,6,2018-07-06,6,0,0,100887004,0,0,0,0
es,Spain,Europe,7,2018-07-13,7,0,0,102707188,0,0,0,0
es,Spain,Europe,8,2018-07-20,8,0,0,105987141,0,0,0,0
es,Spain,Europe,9,2018-07-27,9,0,0,111742939,0,0,0,0
es,Spain,Europe,10,2018-08-03,10,0,0,104492473,0,0,0,0
es,Spain,Europe,11,2018-08-10,11,0,0,98182014,0,0,0,0
es,Spain,Europe,12,2018-08-17,12,0,0,97567747,0,0,0,0
es,Spain,Europe,13,2018-08-24,13,0,0,98020022,0,0,0,0
es,Spain,Europe,14,2018-08-31,14,0,0,98106210,0,0,0,0
es,Spain,Europe,15,2018-09-07,15,0,0,93060881,0,0,0,0
es,Spain,Europe,16,2018-09-14,16,0,0,92130930,0,0,0,0
es,Spain,Europe,17,2018-09-21,17,0,0,92773802,0,0,0,0
es,Spain,Europe,18,2018-09-28,18,0,0,94928914,0,0,0,0
es,Spain,Europe,19,2018-10-05,19,0,0,94887484,0,0,0,0
es,Spain,Europe,20,2018-10-12,20,0,0,93552611,0,0,0,0
es,Spain,Europe,21,2018-10-19,21,0,0,95676802,0,0,0,0
es,Spain,Europe,22,2018-10-26,22,0,0,94633900,0,0,0,0
es,Spain,Europe,23,2018-11-02,23,0,0,100204143,0,0,0,0
es,Spain,Europe,24,2018-11-09,24,0,0,101193506,0,0,0,0
es,Spain,Europe,25,2018-11-16,25,0,0,99137690,0,0,0,0
es,Spain,Europe,26,2018-11-23,26,0,0,97654340,0,0,0,0
es,Spain,Europe,27,2018-11-30,27,0,0,106076134,0,0,0,0
es,Spain,Europe,28,2018-12-07,28,0,0,96575119,0,0,0,0
es,Spain,Europe,29,2018-12-14,29,0,0,99101028,0,0,0,0
es,Spain,Europe,30,2018-12-21,30,0,0,99399214,0,0,0,0
es,Spain,Europe,31,2018-12-28,31,0,0,96276132,0,0,0,0
es,Spain,Europe,32,2019-01-04,32,0,0,91400611,0,0,0,0
es,Spain,Europe,33,2019-01-11,33,0,0,96569074,0,0,0,0
es,Spain,Europe,34,2019-01-18,34,0,0,101566338,0,0,0,0
es,Spain,Europe,35,2019-01-25,35,0,0,102723113,0,0,0,0
es,Spain,Europe,36,2019-02-01,36,0,0,103396241,0,0,0,0
es,Spain,Europe,37,2019-02-08,37,0,0,105898612,0,0,0,0
es,Spain,Europe,38,2019-02-15,38,0,0,105489250,0,0,0,0
es,Spain,Europe,39,2019-02-22,39,0,0,107416384,0,0,0,0
es,Spain,Europe,40,2019-03-01,40,0,0,105903246,0,0,0,0
es,Spain,Europe,41,2019-03-08,41,0,1,104337187,0,0,0,0
es,Spain,Europe,42,2019-03-15,42,0,1,104647053,0,0,0,0
es,Spain,Europe,43,2019-03-22,43,0,1,107087733,0,0,0,0
es,Spain,Europe,44,2019-03-29,44,0,1,112666570,0,0,0,0
es,Spain,Europe,45,2019-04-05,45,0,1,106754630,0,0,0,0
es,Spain,Europe,46,2019-04-12,46,0,1,111991787,0,0,0,0
es,Spain,Europe,47,2019-04-19,47,0,1,96876531,0,0,0,0
es,Spain,Europe,48,2019-04-26,48,0,1,105826244,0,0,0,0
es,Spain,Europe,49,2019-05-03,49,0,1,104107633,0,0,0,0
es,Spain,Europe,50,2019-05-10,50,0,1,110315963,0,0,0,0
es,Spain,Europe,51,2019-05-17,51,0,1,112197569,0,0,0,0
es,Spain,Europe,52,2019-05-24,52,0,1,112164557,0,0,0,0
es,Spain,Europe,53,2019-05-31,1,1,0,117449782,0,0,0,0
es,Spain,Europe,54,2019-06-07,2,1,0,118137497,0,0,0,0
es,Spain,Europe,55,2019-06-14,3,1,0,122154066,0,0,0,0
es,Spain,Europe,56,2019-06-21,4,1,0,123862448,0,0,0,0
es,Spain,Europe,57,2019-06-28,5,1,0,124765935,0,0,0,0
es,Spain,Europe,58,2019-07-05,6,1,0,123532853,0,0,0,0
es,Spain,Europe,59,2019-07-12,7,1,0,121863765,0,0,0,0
es,Spain,Europe,60,2019-07-19,8,1,0,120758979,0,0,0,0
es,Spain,Europe,61,2019-07-26,9,1,0,121509595,0,0,0,0
es,Spain,Europe,62,2019-08-02,10,1,0,119950393,0,0,0,0
es,Spain,Europe,63,2019-08-09,11,1,0,114229434,0,0,0,0
es,Spain,Europe,64,2019-08-16,12,1,0,114915360,0,0,0,0
es,Spain,Europe,65,2019-08-23,13,1,0,113317716,0,0,0,0
es,Spain,Europe,66,2019-08-30,14,1,0,118369737,0,0,0,0
es,Spain,Europe,67,2019-09-06,15,1,0,112122587,0,0,0,0
es,Spain,Europe,68,2019-09-13,16,1,0,109222071,0,0,0,0
es,Spain,Europe,69,2019-09-20,17,1,0,111797077,0,0,0,0
es,Spain,Europe,70,2019-09-27,18,1,0,112801276,0,0,0,0
es,Spain,Europe,71,2019-10-04,19,1,0,110910376,0,0,0,0
es,Spain,Europe,72,2019-10-11,20,1,0,106776641,0,0,0,0
es,Spain,Europe,73,2019-10-18,21,1,0,104561759,0,0,0,0
es,Spain,Europe,74,2019-10-25,22,1,0,119180739,0,0,0,0
es,Spain,Europe,75,2019-11-01,23,1,0,108739221,0,0,0,0
es,Spain,Europe,76,2019-11-08,24,1,0,108447842,0,0,0,0
es,Spain,Europe,77,2019-11-15,25,1,0,107340939,0,0,0,0
es,Spain,Europe,78,2019-11-22,26,1,0,108310165,0,0,0,0
es,Spain,Europe,79,2019-11-29,27,1,0,109476656,0,0,0,0
es,Spain,Europe,80,2019-12-06,28,1,0,103267980,0,0,0,0
es,Spain,Europe,81,2019-12-13,29,1,0,107784122,0,0,0,0
es,Spain,Europe,82,2019-12-20,30,1,0,113262190,0,0,0,0
es,Spain,Europe,83,2019-12-27,31,1,0,108132097,0,0,0,0
es,Spain,Europe,84,2020-01-03,32,1,0,101367617,0,0,0,0
es,Spain,Europe,85,2020-01-10,33,1,0,109025403,0,0,0,0
es,Spain,Europe,86,2020-01-17,34,1,0,109052914,0,0,0,0
es,Spain,Europe,87,2020-01-24,35,1,0,112191388,0,0,0,0
es,Spain,Europe,88,2020-01-31,36,1,0,112600247,1,0,0.021369101,0
es,Spain,Europe,89,2020-02-07,37,1,0,113495950,1,0,0.021369101,0
es,Spain,Europe,90,2020-02-14,38,1,0,116183156,0,0,0,0
es,Spain,Europe,91,2020-02-21,39,1,0,118654762,15,0,0.32053652,0
es,Spain,Europe,92,2020-02-28,40,1,0,132859804,331,1,7.0731726,0.021369101
es,Spain,Europe,93,2020-03-06,41,1,1,124869651,4079,46,87.164566,0.98297864
es,Spain,Europe,94,2020-03-13,42,1,1,114743068,17308,551,369.85641,11.774375
es,Spain,Europe,95,2020-03-20,43,1,1,121056007,44725,2836,955.73303,60.602772
es,Spain,Europe,96,2020-03-27,44,1,1,114863331,52803,5619,1128.3527,120.07298
es,Spain,Europe,97,2020-04-03,45,1,1,112421317,39672,5502,847.755,117.57279
es,Spain,Europe,98,2020-04-10,46,1,1,109246530,27376,4338,585.00049,92.699158
es,Spain,Europe,99,2020-04-17,47,1,1,107909484,17338,3264,370.49747,69.748749
es,Spain,Europe,100,2020-04-24,48,1,1,110275113,11534,2386,246.47121,50.986675
es,Spain,Europe,101,2020-05-01,49,1,1,118917327,6862,1527,146.63477,32.630619
es,Spain,Europe,102,2020-05-08,50,1,1,121607588,7495,1251,160.16141,26.732746
es,Spain,Europe,103,2020-05-15,51,1,1,123659203,3497,619,74.727745,13.227473
es,Spain,Europe,104,2020-05-22,52,1,1,124774428,4869,0,104.04615,0
fi,Finland,Europe,1,2018-06-01,1,0,0,22581583,0,0,0,0
fi,Finland,Europe,2,2018-06-08,2,0,0,22358210,0,0,0,0
fi,Finland,Europe,3,2018-06-15,3,0,0,25589276,0,0,0,0
fi,Finland,Europe,4,2018-06-22,4,0,0,23360981,0,0,0,0
fi,Finland,Europe,5,2018-06-29,5,0,0,21983860,0,0,0,0
fi,Finland,Europe,6,2018-07-06,6,0,0,21862034,0,0,0,0
fi,Finland,Europe,7,2018-07-13,7,0,0,22397733,0,0,0,0
fi,Finland,Europe,8,2018-07-20,8,0,0,20858331,0,0,0,0
fi,Finland,Europe,9,2018-07-27,9,0,0,20497145,0,0,0,0
fi,Finland,Europe,10,2018-08-03,10,0,0,20318604,0,0,0,0
fi,Finland,Europe,11,2018-08-10,11,0,0,19924944,0,0,0,0
fi,Finland,Europe,12,2018-08-17,12,0,0,20242937,0,0,0,0
fi,Finland,Europe,13,2018-08-24,13,0,0,21122683,0,0,0,0
fi,Finland,Europe,14,2018-08-31,14,0,0,21368063,0,0,0,0
fi,Finland,Europe,15,2018-09-07,15,0,0,21121857,0,0,0,0
fi,Finland,Europe,16,2018-09-14,16,0,0,21057084,0,0,0,0
fi,Finland,Europe,17,2018-09-21,17,0,0,20912984,0,0,0,0
fi,Finland,Europe,18,2018-09-28,18,0,0,20787165,0,0,0,0
fi,Finland,Europe,19,2018-10-05,19,0,0,20390336,0,0,0,0
fi,Finland,Europe,20,2018-10-12,20,0,0,20973096,0,0,0,0
fi,Finland,Europe,21,2018-10-19,21,0,0,20110109,0,0,0,0
fi,Finland,Europe,22,2018-10-26,22,0,0,20053124,0,0,0,0
fi,Finland,Europe,23,2018-11-02,23,0,0,19463810,0,0,0,0
fi,Finland,Europe,24,2018-11-09,24,0,0,19143880,0,0,0,0
fi,Finland,Europe,25,2018-11-16,25,0,0,18461104,0,0,0,0
fi,Finland,Europe,26,2018-11-23,26,0,0,18043342,0,0,0,0
fi,Finland,Europe,27,2018-11-30,27,0,0,19019533,0,0,0,0
fi,Finland,Europe,28,2018-12-07,28,0,0,17854648,0,0,0,0
fi,Finland,Europe,29,2018-12-14,29,0,0,19241871,0,0,0,0
fi,Finland,Europe,30,2018-12-21,30,0,0,21085067,0,0,0,0
fi,Finland,Europe,31,2018-12-28,31,0,0,17145952,0,0,0,0
fi,Finland,Europe,32,2019-01-04,32,0,0,17034976,0,0,0,0
fi,Finland,Europe,33,2019-01-11,33,0,0,17872671,0,0,0,0
fi,Finland,Europe,34,2019-01-18,34,0,0,18213803,0,0,0,0
fi,Finland,Europe,35,2019-01-25,35,0,0,18870731,0,0,0,0
fi,Finland,Europe,36,2019-02-01,36,0,0,20143905,0,0,0,0
fi,Finland,Europe,37,2019-02-08,37,0,0,21156142,0,0,0,0
fi,Finland,Europe,38,2019-02-15,38,0,0,19802747,0,0,0,0
fi,Finland,Europe,39,2019-02-22,39,0,0,19445676,0,0,0,0
fi,Finland,Europe,40,2019-03-01,40,0,0,20006975,0,0,0,0
fi,Finland,Europe,41,2019-03-08,41,0,1,18821519,0,0,0,0
fi,Finland,Europe,42,2019-03-15,42,0,1,17954215,0,0,0,0
fi,Finland,Europe,43,2019-03-22,43,0,1,18151523,0,0,0,0
fi,Finland,Europe,44,2019-03-29,44,0,1,20329931,0,0,0,0
fi,Finland,Europe,45,2019-04-05,45,0,1,19642359,0,0,0,0
fi,Finland,Europe,46,2019-04-12,46,0,1,20537541,0,0,0,0
fi,Finland,Europe,47,2019-04-19,47,0,1,18439477,0,0,0,0
fi,Finland,Europe,48,2019-04-26,48,0,1,19374099,0,0,0,0
fi,Finland,Europe,49,2019-05-03,49,0,1,18401882,0,0,0,0
fi,Finland,Europe,50,2019-05-10,50,0,1,18851168,0,0,0,0
fi,Finland,Europe,51,2019-05-17,51,0,1,20510697,0,0,0,0
fi,Finland,Europe,52,2019-05-24,52,0,1,21035104,0,0,0,0
fi,Finland,Europe,53,2019-05-31,1,1,0,20482055,0,0,0,0
fi,Finland,Europe,54,2019-06-07,2,1,0,20069378,0,0,0,0
fi,Finland,Europe,55,2019-06-14,3,1,0,23079465,0,0,0,0
fi,Finland,Europe,56,2019-06-21,4,1,0,20580839,0,0,0,0
fi,Finland,Europe,57,2019-06-28,5,1,0,21699671,0,0,0,0
fi,Finland,Europe,58,2019-07-05,6,1,0,19964046,0,0,0,0
fi,Finland,Europe,59,2019-07-12,7,1,0,20479989,0,0,0,0
fi,Finland,Europe,60,2019-07-19,8,1,0,20091850,0,0,0,0
fi,Finland,Europe,61,2019-07-26,9,1,0,18526000,0,0,0,0
fi,Finland,Europe,62,2019-08-02,10,1,0,17998585,0,0,0,0
fi,Finland,Europe,63,2019-08-09,11,1,0,19146299,0,0,0,0
fi,Finland,Europe,64,2019-08-16,12,1,0,18002182,0,0,0,0
fi,Finland,Europe,65,2019-08-23,13,1,0,17733290,0,0,0,0
fi,Finland,Europe,66,2019-08-30,14,1,0,18332284,0,0,0,0
fi,Finland,Europe,67,2019-09-06,15,1,0,19981670,0,0,0,0
fi,Finland,Europe,68,2019-09-13,16,1,0,20537149,0,0,0,0
fi,Finland,Europe,69,2019-09-20,17,1,0,20006051,0,0,0,0
fi,Finland,Europe,70,2019-09-27,18,1,0,19500501,0,0,0,0
fi,Finland,Europe,71,2019-10-04,19,1,0,19375975,0,0,0,0
fi,Finland,Europe,72,2019-10-11,20,1,0,19357545,0,0,0,0
fi,Finland,Europe,73,2019-10-18,21,1,0,19556392,0,0,0,0
fi,Finland,Europe,74,2019-10-25,22,1,0,20401400,0,0,0,0
fi,Finland,Europe,75,2019-11-01,23,1,0,19031891,0,0,0,0
fi,Finland,Europe,76,2019-11-08,24,1,0,18176062,0,0,0,0
fi,Finland,Europe,77,2019-11-15,25,1,0,19075386,0,0,0,0
fi,Finland,Europe,78,2019-11-22,26,1,0,18150887,0,0,0,0
fi,Finland,Europe,79,2019-11-29,27,1,0,18566838,0,0,0,0
fi,Finland,Europe,80,2019-12-06,28,1,0,17545938,0,0,0,0
fi,Finland,Europe,81,2019-12-13,29,1,0,19831567,0,0,0,0
fi,Finland,Europe,82,2019-12-20,30,1,0,23121149,0,0,0,0
fi,Finland,Europe,83,2019-12-27,31,1,0,16919619,0,0,0,0
fi,Finland,Europe,84,2020-01-03,32,1,0,18374571,0,0,0,0
fi,Finland,Europe,85,2020-01-10,33,1,0,18580823,0,0,0,0
fi,Finland,Europe,86,2020-01-17,34,1,0,19575222,0,0,0,0
fi,Finland,Europe,87,2020-01-24,35,1,0,19094194,1,0,0.18130641,0
fi,Finland,Europe,88,2020-01-31,36,1,0,19463219,0,0,0,0
fi,Finland,Europe,89,2020-02-07,37,1,0,21332760,0,0,0,0
fi,Finland,Europe,90,2020-02-14,38,1,0,19337430,0,0,0,0
fi,Finland,Europe,91,2020-02-21,39,1,0,18695936,1,0,0.18130641,0
fi,Finland,Europe,92,2020-02-28,40,1,0,17476291,5,0,0.90653199,0
fi,Finland,Europe,93,2020-03-06,41,1,1,18266319,52,0,9.4279327,0
fi,Finland,Europe,94,2020-03-13,42,1,1,17577805,310,0,56.204987,0
fi,Finland,Europe,95,2020-03-20,43,1,1,18233380,511,3,92.647575,0.54391921
fi,Finland,Europe,96,2020-03-27,44,1,1,17327019,566,14,102.61942,2.5382895
fi,Finland,Europe,97,2020-04-03,45,1,1,17742723,1041,23,188.73996,4.1700473
fi,Finland,Europe,98,2020-04-10,46,1,1,17535856,750,32,135.9798,5.801805
fi,Finland,Europe,99,2020-04-17,47,1,1,17591243,892,77,161.72531,13.960593
fi,Finland,Europe,100,2020-04-24,48,1,1,18244058,777,57,140.87508,10.334465
fi,Finland,Europe,101,2020-05-01,49,1,1,16469734,667,46,120.93137,8.3400946
fi,Finland,Europe,102,2020-05-08,50,1,1,16922696,481,32,87.208382,5.801805
fi,Finland,Europe,103,2020-05-15,51,1,1,17407989,389,20,70.528191,3.626128
fi,Finland,Europe,104,2020-05-22,52,1,1,18555895,249,9,45.145294,1.6317576
fr,France,Europe,1,2018-06-01,1,0,0,71934989,0,0,0,0
fr,France,Europe,2,2018-06-08,2,0,0,72137152,0,0,0,0
fr,France,Europe,3,2018-06-15,3,0,0,98017133,0,0,0,0
fr,France,Europe,4,2018-06-22,4,0,0,88986942,0,0,0,0
fr,France,Europe,5,2018-06-29,5,0,0,88086351,0,0,0,0
fr,France,Europe,6,2018-07-06,6,0,0,82010296,0,0,0,0
fr,France,Europe,7,2018-07-13,7,0,0,76057833,0,0,0,0
fr,France,Europe,8,2018-07-20,8,0,0,80158430,0,0,0,0
fr,France,Europe,9,2018-07-27,9,0,0,80050365,0,0,0,0
fr,France,Europe,10,2018-08-03,10,0,0,79499489,0,0,0,0
fr,France,Europe,11,2018-08-10,11,0,0,79839254,0,0,0,0
fr,France,Europe,12,2018-08-17,12,0,0,77582395,0,0,0,0
fr,France,Europe,13,2018-08-24,13,0,0,78626728,0,0,0,0
fr,France,Europe,14,2018-08-31,14,0,0,82973112,0,0,0,0
fr,France,Europe,15,2018-09-07,15,0,0,82714252,0,0,0,0
fr,France,Europe,16,2018-09-14,16,0,0,86638958,0,0,0,0
fr,France,Europe,17,2018-09-21,17,0,0,96759887,0,0,0,0
fr,France,Europe,18,2018-09-28,18,0,0,102755118,0,0,0,0
fr,France,Europe,19,2018-10-05,19,0,0,105625811,0,0,0,0
fr,France,Europe,20,2018-10-12,20,0,0,89053192,0,0,0,0
fr,France,Europe,21,2018-10-19,21,0,0,95613027,0,0,0,0
fr,France,Europe,22,2018-10-26,22,0,0,84712211,0,0,0,0
fr,France,Europe,23,2018-11-02,23,0,0,93870088,0,0,0,0
fr,France,Europe,24,2018-11-09,24,0,0,88323177,0,0,0,0
fr,France,Europe,25,2018-11-16,25,0,0,90556648,0,0,0,0
fr,France,Europe,26,2018-11-23,26,0,0,84848074,0,0,0,0
fr,France,Europe,27,2018-11-30,27,0,0,86380389,0,0,0,0
fr,France,Europe,28,2018-12-07,28,0,0,96391995,0,0,0,0
fr,France,Europe,29,2018-12-14,29,0,0,83801348,0,0,0,0
fr,France,Europe,30,2018-12-21,30,0,0,85287104,0,0,0,0
fr,France,Europe,31,2018-12-28,31,0,0,82424124,0,0,0,0
fr,France,Europe,32,2019-01-04,32,0,0,79295622,0,0,0,0
fr,France,Europe,33,2019-01-11,33,0,0,82762441,0,0,0,0
fr,France,Europe,34,2019-01-18,34,0,0,84675989,0,0,0,0
fr,France,Europe,35,2019-01-25,35,0,0,99627421,0,0,0,0
fr,France,Europe,36,2019-02-01,36,0,0,93222083,0,0,0,0
fr,France,Europe,37,2019-02-08,37,0,0,96638243,0,0,0,0
fr,France,Europe,38,2019-02-15,38,0,0,89587866,0,0,0,0
fr,France,Europe,39,2019-02-22,39,0,0,95318468,0,0,0,0
fr,France,Europe,40,2019-03-01,40,0,0,94673586,0,0,0,0
fr,France,Europe,41,2019-03-08,41,0,1,93191172,0,0,0,0
fr,France,Europe,42,2019-03-15,42,0,1,91322235,0,0,0,0
fr,France,Europe,43,2019-03-22,43,0,1,152284526,0,0,0,0
fr,France,Europe,44,2019-03-29,44,0,1,124184704,0,0,0,0
fr,France,Europe,45,2019-04-05,45,0,1,158446013,0,0,0,0
fr,France,Europe,46,2019-04-12,46,0,1,120237925,0,0,0,0
fr,France,Europe,47,2019-04-19,47,0,1,108418703,0,0,0,0
fr,France,Europe,48,2019-04-26,48,0,1,98136311,0,0,0,0
fr,France,Europe,49,2019-05-03,49,0,1,91632313,0,0,0,0
fr,France,Europe,50,2019-05-10,50,0,1,91788233,0,0,0,0
fr,France,Europe,51,2019-05-17,51,0,1,92176751,0,0,0,0
fr,France,Europe,52,2019-05-24,52,0,1,93787429,0,0,0,0
fr,France,Europe,53,2019-05-31,1,1,0,93899217,0,0,0,0
fr,France,Europe,54,2019-06-07,2,1,0,131068035,0,0,0,0
fr,France,Europe,55,2019-06-14,3,1,0,126305938,0,0,0,0
fr,France,Europe,56,2019-06-21,4,1,0,123646358,0,0,0,0
fr,France,Europe,57,2019-06-28,5,1,0,110334082,0,0,0,0
fr,France,Europe,58,2019-07-05,6,1,0,109455891,0,0,0,0
fr,France,Europe,59,2019-07-12,7,1,0,101085415,0,0,0,0
fr,France,Europe,60,2019-07-19,8,1,0,96224362,0,0,0,0
fr,France,Europe,61,2019-07-26,9,1,0,95361761,0,0,0,0
fr,France,Europe,62,2019-08-02,10,1,0,95418935,0,0,0,0
fr,France,Europe,63,2019-08-09,11,1,0,90524685,0,0,0,0
fr,France,Europe,64,2019-08-16,12,1,0,91640979,0,0,0,0
fr,France,Europe,65,2019-08-23,13,1,0,100964595,0,0,0,0
fr,France,Europe,66,2019-08-30,14,1,0,94939472,0,0,0,0
fr,France,Europe,67,2019-09-06,15,1,0,119980310,0,0,0,0
fr,France,Europe,68,2019-09-13,16,1,0,116997652,0,0,0,0
fr,France,Europe,69,2019-09-20,17,1,0,105205297,0,0,0,0
fr,France,Europe,70,2019-09-27,18,1,0,105027957,0,0,0,0
fr,France,Europe,71,2019-10-04,19,1,0,113574983,0,0,0,0
fr,France,Europe,72,2019-10-11,20,1,0,127623674,0,0,0,0
fr,France,Europe,73,2019-10-18,21,1,0,115293248,0,0,0,0
fr,France,Europe,74,2019-10-25,22,1,0,113081542,0,0,0,0
fr,France,Europe,75,2019-11-01,23,1,0,100661009,0,0,0,0
fr,France,Europe,76,2019-11-08,24,1,0,110683086,0,0,0,0
fr,France,Europe,77,2019-11-15,25,1,0,109369800,0,0,0,0
fr,France,Europe,78,2019-11-22,26,1,0,107871060,0,0,0,0
fr,France,Europe,79,2019-11-29,27,1,0,123012331,0,0,0,0
fr,France,Europe,80,2019-12-06,28,1,0,111708176,0,0,0,0
fr,France,Europe,81,2019-12-13,29,1,0,112068079,0,0,0,0
fr,France,Europe,82,2019-12-20,30,1,0,119060359,0,0,0,0
fr,France,Europe,83,2019-12-27,31,1,0,112050417,0,0,0,0
fr,France,Europe,84,2020-01-03,32,1,0,104810601,0,0,0,0
fr,France,Europe,85,2020-01-10,33,1,0,112487387,0,0,0,0
fr,France,Europe,86,2020-01-17,34,1,0,144750716,0,0,0,0
fr,France,Europe,87,2020-01-24,35,1,0,129576256,5,0,0.074652374,0
fr,France,Europe,88,2020-01-31,36,1,0,138344830,1,0,0.014930475,0
fr,France,Europe,89,2020-02-07,37,1,0,121352958,5,0,0.074652374,0
fr,France,Europe,90,2020-02-14,38,1,0,116117727,1,1,0.014930475,0.014930475
fr,France,Europe,91,2020-02-21,39,1,0,113621245,5,1,0.074652374,0.014930475
fr,France,Europe,92,2020-02-28,40,1,0,118798724,268,2,4.0013671,0.029860949
fr,France,Europe,93,2020-03-06,41,1,1,139666997,1996,44,29.801228,0.65694088
fr,France,Europe,94,2020-03-13,42,1,1,120893087,6853,196,102.31854,2.926373
fr,France,Europe,95,2020-03-20,43,1,1,106127537,16099,1087,240.36571,16.229425
fr,France,Europe,96,2020-03-27,44,1,1,100899644,31756,2701,474.13214,40.327213
fr,France,Europe,97,2020-04-03,45,1,1,103470452,25059,6837,374.14276,102.07966
fr,France,Europe,98,2020-04-10,46,1,1,95896437,24158,6298,360.6904,94.032127
fr,France,Europe,99,2020-04-17,47,1,1,93465180,12945,4173,193.27499,62.304871
fr,France,Europe,100,2020-04-24,48,1,1,88707713,9291,2747,138.71904,41.014015
fr,France,Europe,101,2020-05-01,49,1,1,86280762,8708,1722,130.01457,25.710278
fr,France,Europe,102,2020-05-08,50,1,1,91662160,3584,1265,53.510822,18.887051
fr,France,Europe,103,2020-05-15,51,1,1,101089312,3111,1058,46.448708,15.796442
fr,France,Europe,104,2020-05-22,52,1,1,102241550,1901,464,28.382832,6.9277401
gb,United Kingdom,Europe,1,2018-06-01,1,0,0,151479810,0,0,0,0
gb,United Kingdom,Europe,2,2018-06-08,2,0,0,150407876,0,0,0,0
gb,United Kingdom,Europe,3,2018-06-15,3,0,0,150523089,0,0,0,0
gb,United Kingdom,Europe,4,2018-06-22,4,0,0,161756699,0,0,0,0
gb,United Kingdom,Europe,5,2018-06-29,5,0,0,187287422,0,0,0,0
gb,United Kingdom,Europe,6,2018-07-06,6,0,0,165939016,0,0,0,0
gb,United Kingdom,Europe,7,2018-07-13,7,0,0,165906485,0,0,0,0
gb,United Kingdom,Europe,8,2018-07-20,8,0,0,163432140,0,0,0,0
gb,United Kingdom,Europe,9,2018-07-27,9,0,0,153617311,0,0,0,0
gb,United Kingdom,Europe,10,2018-08-03,10,0,0,159409026,0,0,0,0
gb,United Kingdom,Europe,11,2018-08-10,11,0,0,142463394,0,0,0,0
gb,United Kingdom,Europe,12,2018-08-17,12,0,0,143652036,0,0,0,0
gb,United Kingdom,Europe,13,2018-08-24,13,0,0,131130736,0,0,0,0
gb,United Kingdom,Europe,14,2018-08-31,14,0,0,148326045,0,0,0,0
gb,United Kingdom,Europe,15,2018-09-07,15,0,0,140210925,0,0,0,0
gb,United Kingdom,Europe,16,2018-09-14,16,0,0,138063425,0,0,0,0
gb,United Kingdom,Europe,17,2018-09-21,17,0,0,135446489,0,0,0,0
gb,United Kingdom,Europe,18,2018-09-28,18,0,0,135256479,0,0,0,0
gb,United Kingdom,Europe,19,2018-10-05,19,0,0,139324455,0,0,0,0
gb,United Kingdom,Europe,20,2018-10-12,20,0,0,141483579,0,0,0,0
gb,United Kingdom,Europe,21,2018-10-19,21,0,0,140778261,0,0,0,0
gb,United Kingdom,Europe,22,2018-10-26,22,0,0,135654189,0,0,0,0
gb,United Kingdom,Europe,23,2018-11-02,23,0,0,138064107,0,0,0,0
gb,United Kingdom,Europe,24,2018-11-09,24,0,0,140942534,0,0,0,0
gb,United Kingdom,Europe,25,2018-11-16,25,0,0,138413007,0,0,0,0
gb,United Kingdom,Europe,26,2018-11-23,26,0,0,138091689,0,0,0,0
gb,United Kingdom,Europe,27,2018-11-30,27,0,0,164828686,0,0,0,0
gb,United Kingdom,Europe,28,2018-12-07,28,0,0,167878544,0,0,0,0
gb,United Kingdom,Europe,29,2018-12-14,29,0,0,173656604,0,0,0,0
gb,United Kingdom,Europe,30,2018-12-21,30,0,0,219737110,0,0,0,0
gb,United Kingdom,Europe,31,2018-12-28,31,0,0,126251198,0,0,0,0
gb,United Kingdom,Europe,32,2019-01-04,32,0,0,128757154,0,0,0,0
gb,United Kingdom,Europe,33,2019-01-11,33,0,0,135447666,0,0,0,0
gb,United Kingdom,Europe,34,2019-01-18,34,0,0,142175788,0,0,0,0
gb,United Kingdom,Europe,35,2019-01-25,35,0,0,141902859,0,0,0,0
gb,United Kingdom,Europe,36,2019-02-01,36,0,0,141022982,0,0,0,0
gb,United Kingdom,Europe,37,2019-02-08,37,0,0,166560076,0,0,0,0
gb,United Kingdom,Europe,38,2019-02-15,38,0,0,152365846,0,0,0,0
gb,United Kingdom,Europe,39,2019-02-22,39,0,0,146013457,0,0,0,0
gb,United Kingdom,Europe,40,2019-03-01,40,0,0,142523117,0,0,0,0
gb,United Kingdom,Europe,41,2019-03-08,41,0,1,147795704,0,0,0,0
gb,United Kingdom,Europe,42,2019-03-15,42,0,1,139060420,0,0,0,0
gb,United Kingdom,Europe,43,2019-03-22,43,0,1,141204652,0,0,0,0
gb,United Kingdom,Europe,44,2019-03-29,44,0,1,150087188,0,0,0,0
gb,United Kingdom,Europe,45,2019-04-05,45,0,1,148254148,0,0,0,0
gb,United Kingdom,Europe,46,2019-04-12,46,0,1,149458215,0,0,0,0
gb,United Kingdom,Europe,47,2019-04-19,47,0,1,149686304,0,0,0,0
gb,United Kingdom,Europe,48,2019-04-26,48,0,1,149144728,0,0,0,0
gb,United Kingdom,Europe,49,2019-05-03,49,0,1,147330641,0,0,0,0
gb,United Kingdom,Europe,50,2019-05-10,50,0,1,155757440,0,0,0,0
gb,United Kingdom,Europe,51,2019-05-17,51,0,1,165646156,0,0,0,0
gb,United Kingdom,Europe,52,2019-05-24,52,0,1,153866338,0,0,0,0
gb,United Kingdom,Europe,53,2019-05-31,1,1,0,147415295,0,0,0,0
gb,United Kingdom,Europe,54,2019-06-07,2,1,0,143441268,0,0,0,0
gb,United Kingdom,Europe,55,2019-06-14,3,1,0,141994177,0,0,0,0
gb,United Kingdom,Europe,56,2019-06-21,4,1,0,146540093,0,0,0,0
gb,United Kingdom,Europe,57,2019-06-28,5,1,0,155832212,0,0,0,0
gb,United Kingdom,Europe,58,2019-07-05,6,1,0,153195152,0,0,0,0
gb,United Kingdom,Europe,59,2019-07-12,7,1,0,171037507,0,0,0,0
gb,United Kingdom,Europe,60,2019-07-19,8,1,0,161901892,0,0,0,0
gb,United Kingdom,Europe,61,2019-07-26,9,1,0,147303297,0,0,0,0
gb,United Kingdom,Europe,62,2019-08-02,10,1,0,146349797,0,0,0,0
gb,United Kingdom,Europe,63,2019-08-09,11,1,0,139344665,0,0,0,0
gb,United Kingdom,Europe,64,2019-08-16,12,1,0,139743897,0,0,0,0
gb,United Kingdom,Europe,65,2019-08-23,13,1,0,147714601,0,0,0,0
gb,United Kingdom,Europe,66,2019-08-30,14,1,0,140877360,0,0,0,0
gb,United Kingdom,Europe,67,2019-09-06,15,1,0,154543537,0,0,0,0
gb,United Kingdom,Europe,68,2019-09-13,16,1,0,151718811,0,0,0,0
gb,United Kingdom,Europe,69,2019-09-20,17,1,0,141383414,0,0,0,0
gb,United Kingdom,Europe,70,2019-09-27,18,1,0,141334140,0,0,0,0
gb,United Kingdom,Europe,71,2019-10-04,19,1,0,143072071,0,0,0,0
gb,United Kingdom,Europe,72,2019-10-11,20,1,0,141752463,0,0,0,0
gb,United Kingdom,Europe,73,2019-10-18,21,1,0,136421199,0,0,0,0
gb,United Kingdom,Europe,74,2019-10-25,22,1,0,145847148,0,0,0,0
gb,United Kingdom,Europe,75,2019-11-01,23,1,0,136218727,0,0,0,0
gb,United Kingdom,Europe,76,2019-11-08,24,1,0,140699195,0,0,0,0
gb,United Kingdom,Europe,77,2019-11-15,25,1,0,142522555,0,0,0,0
gb,United Kingdom,Europe,78,2019-11-22,26,1,0,147697656,0,0,0,0
gb,United Kingdom,Europe,79,2019-11-29,27,1,0,166585316,0,0,0,0
gb,United Kingdom,Europe,80,2019-12-06,28,1,0,171809708,0,0,0,0
gb,United Kingdom,Europe,81,2019-12-13,29,1,0,193741196,0,0,0,0
gb,United Kingdom,Europe,82,2019-12-20,30,1,0,241575726,0,0,0,0
gb,United Kingdom,Europe,83,2019-12-27,31,1,0,134252037,0,0,0,0
gb,United Kingdom,Europe,84,2020-01-03,32,1,0,138199992,0,0,0,0
gb,United Kingdom,Europe,85,2020-01-10,33,1,0,147469239,0,0,0,0
gb,United Kingdom,Europe,86,2020-01-17,34,1,0,161906562,0,0,0,0
gb,United Kingdom,Europe,87,2020-01-24,35,1,0,158950299,0,0,0,0
gb,United Kingdom,Europe,88,2020-01-31,36,1,0,147082686,0,0,0,0
gb,United Kingdom,Europe,89,2020-02-07,37,1,0,145187895,0,0,0,0
gb,United Kingdom,Europe,90,2020-02-14,38,1,0,151627780,0,0,0,0
gb,United Kingdom,Europe,91,2020-02-21,39,1,0,145146238,0,0,0,0
gb,United Kingdom,Europe,92,2020-02-28,40,1,0,142765391,0,0,0,0
gb,United Kingdom,Europe,93,2020-03-06,41,1,1,143911608,0,0,0,0
gb,United Kingdom,Europe,94,2020-03-13,42,1,1,133608766,0,0,0,0
gb,United Kingdom,Europe,95,2020-03-20,43,1,1,140183213,0,0,0,0
gb,United Kingdom,Europe,96,2020-03-27,44,1,1,134585679,0,0,0,0
gb,United Kingdom,Europe,97,2020-04-03,45,1,1,138982503,0,0,0,0
gb,United Kingdom,Europe,98,2020-04-10,46,1,1,135836226,0,0,0,0
gb,United Kingdom,Europe,99,2020-04-17,47,1,1,132262729,0,0,0,0
gb,United Kingdom,Europe,100,2020-04-24,48,1,1,131717449,0,0,0,0
gb,United Kingdom,Europe,101,2020-05-01,49,1,1,136094425,0,0,0,0
gb,United Kingdom,Europe,102,2020-05-08,50,1,1,127007956,0,0,0,0
gb,United Kingdom,Europe,103,2020-05-15,51,1,1,129493973,0,0,0,0
gb,United Kingdom,Europe,104,2020-05-22,52,1,1,141583167,0,0,0,0
gr,Greece,Europe,1,2018-06-01,1,0,0,2249534,0,0,0,0
gr,Greece,Europe,2,2018-06-08,2,0,0,2172801,0,0,0,0
gr,Greece,Europe,3,2018-06-15,3,0,0,2315791,0,0,0,0
gr,Greece,Europe,4,2018-06-22,4,0,0,2286185,0,0,0,0
gr,Greece,Europe,5,2018-06-29,5,0,0,2505843,0,0,0,0
gr,Greece,Europe,6,2018-07-06,6,0,0,2282377,0,0,0,0
gr,Greece,Europe,7,2018-07-13,7,0,0,2448789,0,0,0,0
gr,Greece,Europe,8,2018-07-20,8,0,0,2273094,0,0,0,0
gr,Greece,Europe,9,2018-07-27,9,0,0,2273660,0,0,0,0
gr,Greece,Europe,10,2018-08-03,10,0,0,2457729,0,0,0,0
gr,Greece,Europe,11,2018-08-10,11,0,0,2149058,0,0,0,0
gr,Greece,Europe,12,2018-08-17,12,0,0,2527563,0,0,0,0
gr,Greece,Europe,13,2018-08-24,13,0,0,2373075,0,0,0,0
gr,Greece,Europe,14,2018-08-31,14,0,0,2725790,0,0,0,0
gr,Greece,Europe,15,2018-09-07,15,0,0,2463482,0,0,0,0
gr,Greece,Europe,16,2018-09-14,16,0,0,2332767,0,0,0,0
gr,Greece,Europe,17,2018-09-21,17,0,0,2275552,0,0,0,0
gr,Greece,Europe,18,2018-09-28,18,0,0,2315915,0,0,0,0
gr,Greece,Europe,19,2018-10-05,19,0,0,2388032,0,0,0,0
gr,Greece,Europe,20,2018-10-12,20,0,0,2415329,0,0,0,0
gr,Greece,Europe,21,2018-10-19,21,0,0,2379986,0,0,0,0
gr,Greece,Europe,22,2018-10-26,22,0,0,2316576,0,0,0,0
gr,Greece,Europe,23,2018-11-02,23,0,0,2384511,0,0,0,0
gr,Greece,Europe,24,2018-11-09,24,0,0,2369043,0,0,0,0
gr,Greece,Europe,25,2018-11-16,25,0,0,2317031,0,0,0,0
gr,Greece,Europe,26,2018-11-23,26,0,0,2441265,0,0,0,0
gr,Greece,Europe,27,2018-11-30,27,0,0,2622157,0,0,0,0
gr,Greece,Europe,28,2018-12-07,28,0,0,2591535,0,0,0,0
gr,Greece,Europe,29,2018-12-14,29,0,0,2637884,0,0,0,0
gr,Greece,Europe,30,2018-12-21,30,0,0,2991983,0,0,0,0
gr,Greece,Europe,31,2018-12-28,31,0,0,2311997,0,0,0,0
gr,Greece,Europe,32,2019-01-04,32,0,0,2356992,0,0,0,0
gr,Greece,Europe,33,2019-01-11,33,0,0,2563807,0,0,0,0
gr,Greece,Europe,34,2019-01-18,34,0,0,2814645,0,0,0,0
gr,Greece,Europe,35,2019-01-25,35,0,0,2955252,0,0,0,0
gr,Greece,Europe,36,2019-02-01,36,0,0,2949962,0,0,0,0
gr,Greece,Europe,37,2019-02-08,37,0,0,3356608,0,0,0,0
gr,Greece,Europe,38,2019-02-15,38,0,0,2990196,0,0,0,0
gr,Greece,Europe,39,2019-02-22,39,0,0,2868026,0,0,0,0
gr,Greece,Europe,40,2019-03-01,40,0,0,3095147,0,0,0,0
gr,Greece,Europe,41,2019-03-08,41,0,1,3312709,0,0,0,0
gr,Greece,Europe,42,2019-03-15,42,0,1,3235859,0,0,0,0
gr,Greece,Europe,43,2019-03-22,43,0,1,3210514,0,0,0,0
gr,Greece,Europe,44,2019-03-29,44,0,1,3482294,0,0,0,0
gr,Greece,Europe,45,2019-04-05,45,0,1,3308388,0,0,0,0
gr,Greece,Europe,46,2019-04-12,46,0,1,3388257,0,0,0,0
gr,Greece,Europe,47,2019-04-19,47,0,1,3387931,0,0,0,0
gr,Greece,Europe,48,2019-04-26,48,0,1,2884932,0,0,0,0
gr,Greece,Europe,49,2019-05-03,49,0,1,3083336,0,0,0,0
gr,Greece,Europe,50,2019-05-10,50,0,1,3206412,0,0,0,0
gr,Greece,Europe,51,2019-05-17,51,0,1,3669580,0,0,0,0
gr,Greece,Europe,52,2019-05-24,52,0,1,3854002,0,0,0,0
gr,Greece,Europe,53,2019-05-31,1,1,0,3953705,0,0,0,0
gr,Greece,Europe,54,2019-06-07,2,1,0,4229569,0,0,0,0
gr,Greece,Europe,55,2019-06-14,3,1,0,8535780,0,0,0,0
gr,Greece,Europe,56,2019-06-21,4,1,0,5870509,0,0,0,0
gr,Greece,Europe,57,2019-06-28,5,1,0,5210928,0,0,0,0
gr,Greece,Europe,58,2019-07-05,6,1,0,5283911,0,0,0,0
gr,Greece,Europe,59,2019-07-12,7,1,0,5242137,0,0,0,0
gr,Greece,Europe,60,2019-07-19,8,1,0,5542092,0,0,0,0
gr,Greece,Europe,61,2019-07-26,9,1,0,5725026,0,0,0,0
gr,Greece,Europe,62,2019-08-02,10,1,0,5533375,0,0,0,0
gr,Greece,Europe,63,2019-08-09,11,1,0,5080866,0,0,0,0
gr,Greece,Europe,64,2019-08-16,12,1,0,5004770,0,0,0,0
gr,Greece,Europe,65,2019-08-23,13,1,0,5135815,0,0,0,0
gr,Greece,Europe,66,2019-08-30,14,1,0,5244239,0,0,0,0
gr,Greece,Europe,67,2019-09-06,15,1,0,5282104,0,0,0,0
gr,Greece,Europe,68,2019-09-13,16,1,0,5173867,0,0,0,0
gr,Greece,Europe,69,2019-09-20,17,1,0,4812517,0,0,0,0
gr,Greece,Europe,70,2019-09-27,18,1,0,4523652,0,0,0,0
gr,Greece,Europe,71,2019-10-04,19,1,0,4602464,0,0,0,0
gr,Greece,Europe,72,2019-10-11,20,1,0,4595066,0,0,0,0
gr,Greece,Europe,73,2019-10-18,21,1,0,4749037,0,0,0,0
gr,Greece,Europe,74,2019-10-25,22,1,0,4741751,0,0,0,0
gr,Greece,Europe,75,2019-11-01,23,1,0,5122471,0,0,0,0
gr,Greece,Europe,76,2019-11-08,24,1,0,4612196,0,0,0,0
gr,Greece,Europe,77,2019-11-15,25,1,0,4513699,0,0,0,0
gr,Greece,Europe,78,2019-11-22,26,1,0,4983257,0,0,0,0
gr,Greece,Europe,79,2019-11-29,27,1,0,5088917,0,0,0,0
gr,Greece,Europe,80,2019-12-06,28,1,0,5146133,0,0,0,0
gr,Greece,Europe,81,2019-12-13,29,1,0,5315521,0,0,0,0
gr,Greece,Europe,82,2019-12-20,30,1,0,5901472,0,0,0,0
gr,Greece,Europe,83,2019-12-27,31,1,0,4981696,0,0,0,0
gr,Greece,Europe,84,2020-01-03,32,1,0,4731565,0,0,0,0
gr,Greece,Europe,85,2020-01-10,33,1,0,5119278,0,0,0,0
gr,Greece,Europe,86,2020-01-17,34,1,0,5436219,0,0,0,0
gr,Greece,Europe,87,2020-01-24,35,1,0,5206500,0,0,0,0
gr,Greece,Europe,88,2020-01-31,36,1,0,5200233,0,0,0,0
gr,Greece,Europe,89,2020-02-07,37,1,0,5379036,0,0,0,0
gr,Greece,Europe,90,2020-02-14,38,1,0,5796655,0,0,0,0
gr,Greece,Europe,91,2020-02-21,39,1,0,5387991,0,0,0,0
gr,Greece,Europe,92,2020-02-28,40,1,0,5661168,0,0,0,0
gr,Greece,Europe,93,2020-03-06,41,1,1,6597578,0,0,0,0
gr,Greece,Europe,94,2020-03-13,42,1,1,6778638,0,0,0,0
gr,Greece,Europe,95,2020-03-20,43,1,1,6623730,0,0,0,0
gr,Greece,Europe,96,2020-03-27,44,1,1,6793133,0,0,0,0
gr,Greece,Europe,97,2020-04-03,45,1,1,6744242,0,0,0,0
gr,Greece,Europe,98,2020-04-10,46,1,1,6671851,0,0,0,0
gr,Greece,Europe,99,2020-04-17,47,1,1,6065891,0,0,0,0
gr,Greece,Europe,100,2020-04-24,48,1,1,6646677,0,0,0,0
gr,Greece,Europe,101,2020-05-01,49,1,1,6658553,0,0,0,0
gr,Greece,Europe,102,2020-05-08,50,1,1,6818332,0,0,0,0
gr,Greece,Europe,103,2020-05-15,51,1,1,6761665,0,0,0,0
gr,Greece,Europe,104,2020-05-22,52,1,1,11426280,0,0,0,0
gt,Guatemala,North America,1,2018-06-01,1,0,0,3891764,0,0,0,0
gt,Guatemala,North America,2,2018-06-08,2,0,0,4057027,0,0,0,0
gt,Guatemala,North America,3,2018-06-15,3,0,0,3853264,0,0,0,0
gt,Guatemala,North America,4,2018-06-22,4,0,0,3982427,0,0,0,0
gt,Guatemala,North America,5,2018-06-29,5,0,0,4325977,0,0,0,0
gt,Guatemala,North America,6,2018-07-06,6,0,0,4357464,0,0,0,0
gt,Guatemala,North America,7,2018-07-13,7,0,0,4560902,0,0,0,0
gt,Guatemala,North America,8,2018-07-20,8,0,0,4656818,0,0,0,0
gt,Guatemala,North America,9,2018-07-27,9,0,0,4651359,0,0,0,0
gt,Guatemala,North America,10,2018-08-03,10,0,0,4511592,0,0,0,0
gt,Guatemala,North America,11,2018-08-10,11,0,0,4454835,0,0,0,0
gt,Guatemala,North America,12,2018-08-17,12,0,0,4451727,0,0,0,0
gt,Guatemala,North America,13,2018-08-24,13,0,0,4515960,0,0,0,0
gt,Guatemala,North America,14,2018-08-31,14,0,0,4395162,0,0,0,0
gt,Guatemala,North America,15,2018-09-07,15,0,0,4438270,0,0,0,0
gt,Guatemala,North America,16,2018-09-14,16,0,0,4405923,0,0,0,0
gt,Guatemala,North America,17,2018-09-21,17,0,0,4441052,0,0,0,0
gt,Guatemala,North America,18,2018-09-28,18,0,0,4562475,0,0,0,0
gt,Guatemala,North America,19,2018-10-05,19,0,0,4427690,0,0,0,0
gt,Guatemala,North America,20,2018-10-12,20,0,0,4773620,0,0,0,0
gt,Guatemala,North America,21,2018-10-19,21,0,0,4560160,0,0,0,0
gt,Guatemala,North America,22,2018-10-26,22,0,0,4784258,0,0,0,0
gt,Guatemala,North America,23,2018-11-02,23,0,0,4668990,0,0,0,0
gt,Guatemala,North America,24,2018-11-09,24,0,0,4844429,0,0,0,0
gt,Guatemala,North America,25,2018-11-16,25,0,0,4844785,0,0,0,0
gt,Guatemala,North America,26,2018-11-23,26,0,0,4884414,0,0,0,0
gt,Guatemala,North America,27,2018-11-30,27,0,0,5002506,0,0,0,0
gt,Guatemala,North America,28,2018-12-07,28,0,0,4967665,0,0,0,0
gt,Guatemala,North America,29,2018-12-14,29,0,0,5263509,0,0,0,0
gt,Guatemala,North America,30,2018-12-21,30,0,0,5334997,0,0,0,0
gt,Guatemala,North America,31,2018-12-28,31,0,0,5398386,0,0,0,0
gt,Guatemala,North America,32,2019-01-04,32,0,0,5305104,0,0,0,0
gt,Guatemala,North America,33,2019-01-11,33,0,0,5534666,0,0,0,0
gt,Guatemala,North America,34,2019-01-18,34,0,0,5956352,0,0,0,0
gt,Guatemala,North America,35,2019-01-25,35,0,0,6257560,0,0,0,0
gt,Guatemala,North America,36,2019-02-01,36,0,0,6325909,0,0,0,0
gt,Guatemala,North America,37,2019-02-08,37,0,0,6378188,0,0,0,0
gt,Guatemala,North America,38,2019-02-15,38,0,0,6620236,0,0,0,0
gt,Guatemala,North America,39,2019-02-22,39,0,0,6547882,0,0,0,0
gt,Guatemala,North America,40,2019-03-01,40,0,0,6630010,0,0,0,0
gt,Guatemala,North America,41,2019-03-08,41,0,1,6426423,0,0,0,0
gt,Guatemala,North America,42,2019-03-15,42,0,1,6467909,0,0,0,0
gt,Guatemala,North America,43,2019-03-22,43,0,1,6411323,0,0,0,0
gt,Guatemala,North America,44,2019-03-29,44,0,1,6632598,0,0,0,0
gt,Guatemala,North America,45,2019-04-05,45,0,1,6499573,0,0,0,0
gt,Guatemala,North America,46,2019-04-12,46,0,1,6685823,0,0,0,0
gt,Guatemala,North America,47,2019-04-19,47,0,1,5903116,0,0,0,0
gt,Guatemala,North America,48,2019-04-26,48,0,1,6456528,0,0,0,0
gt,Guatemala,North America,49,2019-05-03,49,0,1,6637833,0,0,0,0
gt,Guatemala,North America,50,2019-05-10,50,0,1,6791924,0,0,0,0
gt,Guatemala,North America,51,2019-05-17,51,0,1,6965153,0,0,0,0
gt,Guatemala,North America,52,2019-05-24,52,0,1,7096615,0,0,0,0
gt,Guatemala,North America,53,2019-05-31,1,1,0,6947043,0,0,0,0
gt,Guatemala,North America,54,2019-06-07,2,1,0,7003875,0,0,0,0
gt,Guatemala,North America,55,2019-06-14,3,1,0,6809818,0,0,0,0
gt,Guatemala,North America,56,2019-06-21,4,1,0,7068952,0,0,0,0
gt,Guatemala,North America,57,2019-06-28,5,1,0,7467595,0,0,0,0
gt,Guatemala,North America,58,2019-07-05,6,1,0,7289529,0,0,0,0
gt,Guatemala,North America,59,2019-07-12,7,1,0,7538950,0,0,0,0
gt,Guatemala,North America,60,2019-07-19,8,1,0,7669979,0,0,0,0
gt,Guatemala,North America,61,2019-07-26,9,1,0,8206329,0,0,0,0
gt,Guatemala,North America,62,2019-08-02,10,1,0,8106200,0,0,0,0
gt,Guatemala,North America,63,2019-08-09,11,1,0,8571121,0,0,0,0
gt,Guatemala,North America,64,2019-08-16,12,1,0,8161535,0,0,0,0
gt,Guatemala,North America,65,2019-08-23,13,1,0,8246158,0,0,0,0
gt,Guatemala,North America,66,2019-08-30,14,1,0,8298619,0,0,0,0
gt,Guatemala,North America,67,2019-09-06,15,1,0,8358865,0,0,0,0
gt,Guatemala,North America,68,2019-09-13,16,1,0,8152163,0,0,0,0
gt,Guatemala,North America,69,2019-09-20,17,1,0,8156836,0,0,0,0
gt,Guatemala,North America,70,2019-09-27,18,1,0,8044796,0,0,0,0
gt,Guatemala,North America,71,2019-10-04,19,1,0,7899732,0,0,0,0
gt,Guatemala,North America,72,2019-10-11,20,1,0,8023997,0,0,0,0
gt,Guatemala,North America,73,2019-10-18,21,1,0,8167232,0,0,0,0
gt,Guatemala,North America,74,2019-10-25,22,1,0,8473948,0,0,0,0
gt,Guatemala,North America,75,2019-11-01,23,1,0,7974040,0,0,0,0
gt,Guatemala,North America,76,2019-11-08,24,1,0,8331889,0,0,0,0
gt,Guatemala,North America,77,2019-11-15,25,1,0,8612595,0,0,0,0
gt,Guatemala,North America,78,2019-11-22,26,1,0,9067264,0,0,0,0
gt,Guatemala,North America,79,2019-11-29,27,1,0,9045610,0,0,0,0
gt,Guatemala,North America,80,2019-12-06,28,1,0,9081459,0,0,0,0
gt,Guatemala,North America,81,2019-12-13,29,1,0,9397722,0,0,0,0
gt,Guatemala,North America,82,2019-12-20,30,1,0,9601877,0,0,0,0
gt,Guatemala,North America,83,2019-12-27,31,1,0,9586060,0,0,0,0
gt,Guatemala,North America,84,2020-01-03,32,1,0,9405233,0,0,0,0
gt,Guatemala,North America,85,2020-01-10,33,1,0,10315755,0,0,0,0
gt,Guatemala,North America,86,2020-01-17,34,1,0,10800764,0,0,0,0
gt,Guatemala,North America,87,2020-01-24,35,1,0,10809778,0,0,0,0
gt,Guatemala,North America,88,2020-01-31,36,1,0,10876417,0,0,0,0
gt,Guatemala,North America,89,2020-02-07,37,1,0,11013153,0,0,0,0
gt,Guatemala,North America,90,2020-02-14,38,1,0,11312429,0,0,0,0
gt,Guatemala,North America,91,2020-02-21,39,1,0,11158509,0,0,0,0
gt,Guatemala,North America,92,2020-02-28,40,1,0,14473880,0,0,0,0
gt,Guatemala,North America,93,2020-03-06,41,1,1,13608105,0,0,0,0
gt,Guatemala,North America,94,2020-03-13,42,1,1,11634606,0,0,0,0
gt,Guatemala,North America,95,2020-03-20,43,1,1,11398762,16,0,0.92765415,0
gt,Guatemala,North America,96,2020-03-27,44,1,1,11266742,22,0,1.2755245,0
gt,Guatemala,North America,97,2020-04-03,45,1,1,10342646,41,2,2.3771138,0.11595677
gt,Guatemala,North America,98,2020-04-10,46,1,1,10170929,109,2,6.319644,0.11595677
gt,Guatemala,North America,99,2020-04-17,47,1,1,10717221,146,5,8.4648447,0.28989193
gt,Guatemala,North America,100,2020-04-24,48,1,1,10502768,243,6,14.088748,0.34787032
gt,Guatemala,North America,101,2020-05-01,49,1,1,10554166,213,5,12.349396,0.28989193
gt,Guatemala,North America,102,2020-05-08,50,1,1,11004992,544,8,31.540241,0.46382707
gt,Guatemala,North America,103,2020-05-15,51,1,1,9742884,923,16,53.51405,0.92765415
gt,Guatemala,North America,104,2020-05-22,52,1,1,9732242,1880,23,108.99937,1.3335029
hk,Hong Kong,Asia,1,2018-06-01,1,0,0,5337863,0,0,0,0
hk,Hong Kong,Asia,2,2018-06-08,2,0,0,5375343,0,0,0,0
hk,Hong Kong,Asia,3,2018-06-15,3,0,0,5488166,0,0,0,0
hk,Hong Kong,Asia,4,2018-06-22,4,0,0,5581160,0,0,0,0
hk,Hong Kong,Asia,5,2018-06-29,5,0,0,5352374,0,0,0,0
hk,Hong Kong,Asia,6,2018-07-06,6,0,0,5334960,0,0,0,0
hk,Hong Kong,Asia,7,2018-07-13,7,0,0,5443995,0,0,0,0
hk,Hong Kong,Asia,8,2018-07-20,8,0,0,5510543,0,0,0,0
hk,Hong Kong,Asia,9,2018-07-27,9,0,0,5443901,0,0,0,0
hk,Hong Kong,Asia,10,2018-08-03,10,0,0,5431368,0,0,0,0
hk,Hong Kong,Asia,11,2018-08-10,11,0,0,5329202,0,0,0,0
hk,Hong Kong,Asia,12,2018-08-17,12,0,0,5579714,0,0,0,0
hk,Hong Kong,Asia,13,2018-08-24,13,0,0,5492874,0,0,0,0
hk,Hong Kong,Asia,14,2018-08-31,14,0,0,5582981,0,0,0,0
hk,Hong Kong,Asia,15,2018-09-07,15,0,0,5433628,0,0,0,0
hk,Hong Kong,Asia,16,2018-09-14,16,0,0,5056347,0,0,0,0
hk,Hong Kong,Asia,17,2018-09-21,17,0,0,5309806,0,0,0,0
hk,Hong Kong,Asia,18,2018-09-28,18,0,0,5300491,0,0,0,0
hk,Hong Kong,Asia,19,2018-10-05,19,0,0,5383560,0,0,0,0
hk,Hong Kong,Asia,20,2018-10-12,20,0,0,5304815,0,0,0,0
hk,Hong Kong,Asia,21,2018-10-19,21,0,0,5679769,0,0,0,0
hk,Hong Kong,Asia,22,2018-10-26,22,0,0,5813437,0,0,0,0
hk,Hong Kong,Asia,23,2018-11-02,23,0,0,5983048,0,0,0,0
hk,Hong Kong,Asia,24,2018-11-09,24,0,0,6119401,0,0,0,0
hk,Hong Kong,Asia,25,2018-11-16,25,0,0,5964571,0,0,0,0
hk,Hong Kong,Asia,26,2018-11-23,26,0,0,5854719,0,0,0,0
hk,Hong Kong,Asia,27,2018-11-30,27,0,0,5880286,0,0,0,0
hk,Hong Kong,Asia,28,2018-12-07,28,0,0,5821120,0,0,0,0
hk,Hong Kong,Asia,29,2018-12-14,29,0,0,5909120,0,0,0,0
hk,Hong Kong,Asia,30,2018-12-21,30,0,0,5956828,0,0,0,0
hk,Hong Kong,Asia,31,2018-12-28,31,0,0,5386887,0,0,0,0
hk,Hong Kong,Asia,32,2019-01-04,32,0,0,6104838,0,0,0,0
hk,Hong Kong,Asia,33,2019-01-11,33,0,0,6113859,0,0,0,0
hk,Hong Kong,Asia,34,2019-01-18,34,0,0,6206405,0,0,0,0
hk,Hong Kong,Asia,35,2019-01-25,35,0,0,6327542,0,0,0,0
hk,Hong Kong,Asia,36,2019-02-01,36,0,0,5509393,0,0,0,0
hk,Hong Kong,Asia,37,2019-02-08,37,0,0,6339003,0,0,0,0
hk,Hong Kong,Asia,38,2019-02-15,38,0,0,6377246,0,0,0,0
hk,Hong Kong,Asia,39,2019-02-22,39,0,0,6183483,0,0,0,0
hk,Hong Kong,Asia,40,2019-03-01,40,0,0,6168313,0,0,0,0
hk,Hong Kong,Asia,41,2019-03-08,41,0,1,6116190,0,0,0,0
hk,Hong Kong,Asia,42,2019-03-15,42,0,1,6198695,0,0,0,0
hk,Hong Kong,Asia,43,2019-03-22,43,0,1,6143204,0,0,0,0
hk,Hong Kong,Asia,44,2019-03-29,44,0,1,6411731,0,0,0,0
hk,Hong Kong,Asia,45,2019-04-05,45,0,1,6443760,0,0,0,0
hk,Hong Kong,Asia,46,2019-04-12,46,0,1,6545732,0,0,0,0
hk,Hong Kong,Asia,47,2019-04-19,47,0,1,5896799,0,0,0,0
hk,Hong Kong,Asia,48,2019-04-26,48,0,1,6029605,0,0,0,0
hk,Hong Kong,Asia,49,2019-05-03,49,0,1,5989748,0,0,0,0
hk,Hong Kong,Asia,50,2019-05-10,50,0,1,5967264,0,0,0,0
hk,Hong Kong,Asia,51,2019-05-17,51,0,1,5929359,0,0,0,0
hk,Hong Kong,Asia,52,2019-05-24,52,0,1,5982476,0,0,0,0
hk,Hong Kong,Asia,53,2019-05-31,1,1,0,6055767,0,0,0,0
hk,Hong Kong,Asia,54,2019-06-07,2,1,0,5358224,0,0,0,0
hk,Hong Kong,Asia,55,2019-06-14,3,1,0,5710170,0,0,0,0
hk,Hong Kong,Asia,56,2019-06-21,4,1,0,6337580,0,0,0,0
hk,Hong Kong,Asia,57,2019-06-28,5,1,0,6251780,0,0,0,0
hk,Hong Kong,Asia,58,2019-07-05,6,1,0,6416106,0,0,0,0
hk,Hong Kong,Asia,59,2019-07-12,7,1,0,6790003,0,0,0,0
hk,Hong Kong,Asia,60,2019-07-19,8,1,0,6328160,0,0,0,0
hk,Hong Kong,Asia,61,2019-07-26,9,1,0,6023346,0,0,0,0
hk,Hong Kong,Asia,62,2019-08-02,10,1,0,5940565,0,0,0,0
hk,Hong Kong,Asia,63,2019-08-09,11,1,0,5974205,0,0,0,0
hk,Hong Kong,Asia,64,2019-08-16,12,1,0,6267713,0,0,0,0
hk,Hong Kong,Asia,65,2019-08-23,13,1,0,6766261,0,0,0,0
hk,Hong Kong,Asia,66,2019-08-30,14,1,0,6394497,0,0,0,0
hk,Hong Kong,Asia,67,2019-09-06,15,1,0,6747062,0,0,0,0
hk,Hong Kong,Asia,68,2019-09-13,16,1,0,7080627,0,0,0,0
hk,Hong Kong,Asia,69,2019-09-20,17,1,0,7110155,0,0,0,0
hk,Hong Kong,Asia,70,2019-09-27,18,1,0,6342740,0,0,0,0
hk,Hong Kong,Asia,71,2019-10-04,19,1,0,6292341,0,0,0,0
hk,Hong Kong,Asia,72,2019-10-11,20,1,0,7016891,0,0,0,0
hk,Hong Kong,Asia,73,2019-10-18,21,1,0,7021861,0,0,0,0
hk,Hong Kong,Asia,74,2019-10-25,22,1,0,7170507,0,0,0,0
hk,Hong Kong,Asia,75,2019-11-01,23,1,0,7212510,0,0,0,0
hk,Hong Kong,Asia,76,2019-11-08,24,1,0,5972302,0,0,0,0
hk,Hong Kong,Asia,77,2019-11-15,25,1,0,6334477,0,0,0,0
hk,Hong Kong,Asia,78,2019-11-22,26,1,0,6788948,0,0,0,0
hk,Hong Kong,Asia,79,2019-11-29,27,1,0,6915778,0,0,0,0
hk,Hong Kong,Asia,80,2019-12-06,28,1,0,7183575,0,0,0,0
hk,Hong Kong,Asia,81,2019-12-13,29,1,0,7333223,0,0,0,0
hk,Hong Kong,Asia,82,2019-12-20,30,1,0,7191723,0,0,0,0
hk,Hong Kong,Asia,83,2019-12-27,31,1,0,6679844,0,0,0,0
hk,Hong Kong,Asia,84,2020-01-03,32,1,0,7382449,0,0,0,0
hk,Hong Kong,Asia,85,2020-01-10,33,1,0,7475419,0,0,0,0
hk,Hong Kong,Asia,86,2020-01-17,34,1,0,7509443,2,0,0.26842034,0
hk,Hong Kong,Asia,87,2020-01-24,35,1,0,5580327,10,0,1.3421017,0
hk,Hong Kong,Asia,88,2020-01-31,36,1,0,5869277,12,1,1.610522,0.13421017
hk,Hong Kong,Asia,89,2020-02-07,37,1,0,6106938,29,0,3.8920951,0
hk,Hong Kong,Asia,90,2020-02-14,38,1,0,6422076,16,1,2.1473627,0.13421017
hk,Hong Kong,Asia,91,2020-02-21,39,1,0,7020522,24,0,3.2210441,0
hk,Hong Kong,Asia,92,2020-02-28,40,1,0,6676816,12,0,1.610522,0
hk,Hong Kong,Asia,93,2020-03-06,41,1,1,6505807,27,1,3.6236746,0.13421017
hk,Hong Kong,Asia,94,2020-03-13,42,1,1,6348360,77,1,10.334184,0.13421017
hk,Hong Kong,Asia,95,2020-03-20,43,1,1,6230597,245,0,32.881493,0
hk,Hong Kong,Asia,96,2020-03-27,44,1,1,6197766,349,0,46.839352,0
hk,Hong Kong,Asia,97,2020-04-03,45,1,1,6091118,171,0,22.94994,0
hk,Hong Kong,Asia,98,2020-04-10,46,1,1,6055997,44,0,5.9052477,0
hk,Hong Kong,Asia,99,2020-04-17,47,1,1,6218492,18,0,2.4157832,0
hk,Hong Kong,Asia,100,2020-04-24,48,1,1,6037156,2,0,0.26842034,0
hk,Hong Kong,Asia,101,2020-05-01,49,1,1,6143389,7,0,0.93947119,0
hk,Hong Kong,Asia,102,2020-05-08,50,1,1,6891350,7,0,0.93947119,0
hk,Hong Kong,Asia,103,2020-05-15,51,1,1,7854530,12,0,1.610522,0
hk,Hong Kong,Asia,104,2020-05-22,52,1,1,7775682,3,0,0.40263051,0
hn,Honduras,North America,1,2018-06-01,1,0,0,2162924,0,0,0,0
hn,Honduras,North America,2,2018-06-08,2,0,0,2128928,0,0,0,0
hn,Honduras,North America,3,2018-06-15,3,0,0,2030417,0,0,0,0
hn,Honduras,North America,4,2018-06-22,4,0,0,2072516,0,0,0,0
hn,Honduras,North America,5,2018-06-29,5,0,0,2261124,0,0,0,0
hn,Honduras,North America,6,2018-07-06,6,0,0,2186208,0,0,0,0
hn,Honduras,North America,7,2018-07-13,7,0,0,2270525,0,0,0,0
hn,Honduras,North America,8,2018-07-20,8,0,0,2330836,0,0,0,0
hn,Honduras,North America,9,2018-07-27,9,0,0,2300784,0,0,0,0
hn,Honduras,North America,10,2018-08-03,10,0,0,2256671,0,0,0,0
hn,Honduras,North America,11,2018-08-10,11,0,0,2255295,0,0,0,0
hn,Honduras,North America,12,2018-08-17,12,0,0,2269755,0,0,0,0
hn,Honduras,North America,13,2018-08-24,13,0,0,2274756,0,0,0,0
hn,Honduras,North America,14,2018-08-31,14,0,0,2248824,0,0,0,0
hn,Honduras,North America,15,2018-09-07,15,0,0,2226262,0,0,0,0
hn,Honduras,North America,16,2018-09-14,16,0,0,2195647,0,0,0,0
hn,Honduras,North America,17,2018-09-21,17,0,0,2175720,0,0,0,0
hn,Honduras,North America,18,2018-09-28,18,0,0,2285455,0,0,0,0
hn,Honduras,North America,19,2018-10-05,19,0,0,2092034,0,0,0,0
hn,Honduras,North America,20,2018-10-12,20,0,0,2413904,0,0,0,0
hn,Honduras,North America,21,2018-10-19,21,0,0,2361352,0,0,0,0
hn,Honduras,North America,22,2018-10-26,22,0,0,2382128,0,0,0,0
hn,Honduras,North America,23,2018-11-02,23,0,0,2436027,0,0,0,0
hn,Honduras,North America,24,2018-11-09,24,0,0,2505634,0,0,0,0
hn,Honduras,North America,25,2018-11-16,25,0,0,2440917,0,0,0,0
hn,Honduras,North America,26,2018-11-23,26,0,0,2388304,0,0,0,0
hn,Honduras,North America,27,2018-11-30,27,0,0,2434354,0,0,0,0
hn,Honduras,North America,28,2018-12-07,28,0,0,2371256,0,0,0,0
hn,Honduras,North America,29,2018-12-14,29,0,0,2476554,0,0,0,0
hn,Honduras,North America,30,2018-12-21,30,0,0,2631195,0,0,0,0
hn,Honduras,North America,31,2018-12-28,31,0,0,2613581,0,0,0,0
hn,Honduras,North America,32,2019-01-04,32,0,0,2489943,0,0,0,0
hn,Honduras,North America,33,2019-01-11,33,0,0,2572964,0,0,0,0
hn,Honduras,North America,34,2019-01-18,34,0,0,2721015,0,0,0,0
hn,Honduras,North America,35,2019-01-25,35,0,0,2809917,0,0,0,0
hn,Honduras,North America,36,2019-02-01,36,0,0,2898102,0,0,0,0
hn,Honduras,North America,37,2019-02-08,37,0,0,2899544,0,0,0,0
hn,Honduras,North America,38,2019-02-15,38,0,0,2973257,0,0,0,0
hn,Honduras,North America,39,2019-02-22,39,0,0,2919407,0,0,0,0
hn,Honduras,North America,40,2019-03-01,40,0,0,2965790,0,0,0,0
hn,Honduras,North America,41,2019-03-08,41,0,1,2889698,0,0,0,0
hn,Honduras,North America,42,2019-03-15,42,0,1,2899528,0,0,0,0
hn,Honduras,North America,43,2019-03-22,43,0,1,2884088,0,0,0,0
hn,Honduras,North America,44,2019-03-29,44,0,1,2913746,0,0,0,0
hn,Honduras,North America,45,2019-04-05,45,0,1,2833852,0,0,0,0
hn,Honduras,North America,46,2019-04-12,46,0,1,3065591,0,0,0,0
hn,Honduras,North America,47,2019-04-19,47,0,1,2630317,0,0,0,0
hn,Honduras,North America,48,2019-04-26,48,0,1,2755567,0,0,0,0
hn,Honduras,North America,49,2019-05-03,49,0,1,2851333,0,0,0,0
hn,Honduras,North America,50,2019-05-10,50,0,1,2937880,0,0,0,0
hn,Honduras,North America,51,2019-05-17,51,0,1,2917257,0,0,0,0
hn,Honduras,North America,52,2019-05-24,52,0,1,2862411,0,0,0,0
hn,Honduras,North America,53,2019-05-31,1,1,0,2876682,0,0,0,0
hn,Honduras,North America,54,2019-06-07,2,1,0,2996036,0,0,0,0
hn,Honduras,North America,55,2019-06-14,3,1,0,2936565,0,0,0,0
hn,Honduras,North America,56,2019-06-21,4,1,0,2913675,0,0,0,0
hn,Honduras,North America,57,2019-06-28,5,1,0,3356861,0,0,0,0
hn,Honduras,North America,58,2019-07-05,6,1,0,3103989,0,0,0,0
hn,Honduras,North America,59,2019-07-12,7,1,0,3101571,0,0,0,0
hn,Honduras,North America,60,2019-07-19,8,1,0,3174890,0,0,0,0
hn,Honduras,North America,61,2019-07-26,9,1,0,3335778,0,0,0,0
hn,Honduras,North America,62,2019-08-02,10,1,0,3282431,0,0,0,0
hn,Honduras,North America,63,2019-08-09,11,1,0,3292952,0,0,0,0
hn,Honduras,North America,64,2019-08-16,12,1,0,3246465,0,0,0,0
hn,Honduras,North America,65,2019-08-23,13,1,0,3207704,0,0,0,0
hn,Honduras,North America,66,2019-08-30,14,1,0,3221303,0,0,0,0
hn,Honduras,North America,67,2019-09-06,15,1,0,3240384,0,0,0,0
hn,Honduras,North America,68,2019-09-13,16,1,0,3178707,0,0,0,0
hn,Honduras,North America,69,2019-09-20,17,1,0,3104895,0,0,0,0
hn,Honduras,North America,70,2019-09-27,18,1,0,3178897,0,0,0,0
hn,Honduras,North America,71,2019-10-04,19,1,0,2931172,0,0,0,0
hn,Honduras,North America,72,2019-10-11,20,1,0,3030366,0,0,0,0
hn,Honduras,North America,73,2019-10-18,21,1,0,3159767,0,0,0,0
hn,Honduras,North America,74,2019-10-25,22,1,0,3274179,0,0,0,0
hn,Honduras,North America,75,2019-11-01,23,1,0,3192125,0,0,0,0
hn,Honduras,North America,76,2019-11-08,24,1,0,3209205,0,0,0,0
hn,Honduras,North America,77,2019-11-15,25,1,0,3337591,0,0,0,0
hn,Honduras,North America,78,2019-11-22,26,1,0,3560308,0,0,0,0
hn,Honduras,North America,79,2019-11-29,27,1,0,3524111,0,0,0,0
hn,Honduras,North America,80,2019-12-06,28,1,0,3548716,0,0,0,0
hn,Honduras,North America,81,2019-12-13,29,1,0,3717963,0,0,0,0
hn,Honduras,North America,82,2019-12-20,30,1,0,3788374,0,0,0,0
hn,Honduras,North America,83,2019-12-27,31,1,0,3698769,0,0,0,0
hn,Honduras,North America,84,2020-01-03,32,1,0,3489563,0,0,0,0
hn,Honduras,North America,85,2020-01-10,33,1,0,3883032,0,0,0,0
hn,Honduras,North America,86,2020-01-17,34,1,0,3950031,0,0,0,0
hn,Honduras,North America,87,2020-01-24,35,1,0,4128170,0,0,0,0
hn,Honduras,North America,88,2020-01-31,36,1,0,4063137,0,0,0,0
hn,Honduras,North America,89,2020-02-07,37,1,0,4075313,0,0,0,0
hn,Honduras,North America,90,2020-02-14,38,1,0,4282398,0,0,0,0
hn,Honduras,North America,91,2020-02-21,39,1,0,4143317,0,0,0,0
hn,Honduras,North America,92,2020-02-28,40,1,0,6153337,0,0,0,0
hn,Honduras,North America,93,2020-03-06,41,1,1,5432367,0,0,0,0
hn,Honduras,North America,94,2020-03-13,42,1,1,4653396,0,0,0,0
hn,Honduras,North America,95,2020-03-20,43,1,1,4399387,40,0,4.1720896,0
hn,Honduras,North America,96,2020-03-27,44,1,1,4014617,167,14,17.418474,1.4602313
hn,Honduras,North America,97,2020-04-03,45,1,1,3776993,124,9,12.933477,0.93872017
hn,Honduras,North America,98,2020-04-10,46,1,1,3854830,83,12,8.6570854,1.2516268
hn,Honduras,North America,99,2020-04-17,47,1,1,3929601,93,12,9.7001085,1.2516268
hn,Honduras,North America,100,2020-04-24,48,1,1,3813560,252,24,26.284164,2.5032537
hn,Honduras,North America,101,2020-05-01,49,1,1,3715172,690,28,71.968544,2.9204626
hn,Honduras,North America,102,2020-05-08,50,1,1,4192247,794,24,82.815979,2.5032537
hn,Honduras,North America,103,2020-05-15,51,1,1,3746888,845,28,88.135391,2.9204626
hn,Honduras,North America,104,2020-05-22,52,1,1,3581715,1540,43,160.62544,4.4849963
hu,Hungary,Europe,1,2018-06-01,1,0,0,3584589,0,0,0,0
hu,Hungary,Europe,2,2018-06-08,2,0,0,3531848,0,0,0,0
hu,Hungary,Europe,3,2018-06-15,3,0,0,3758481,0,0,0,0
hu,Hungary,Europe,4,2018-06-22,4,0,0,3725530,0,0,0,0
hu,Hungary,Europe,5,2018-06-29,5,0,0,3708673,0,0,0,0
hu,Hungary,Europe,6,2018-07-06,6,0,0,3650631,0,0,0,0
hu,Hungary,Europe,7,2018-07-13,7,0,0,3859767,0,0,0,0
hu,Hungary,Europe,8,2018-07-20,8,0,0,3740351,0,0,0,0
hu,Hungary,Europe,9,2018-07-27,9,0,0,3759798,0,0,0,0
hu,Hungary,Europe,10,2018-08-03,10,0,0,3878665,0,0,0,0
hu,Hungary,Europe,11,2018-08-10,11,0,0,3721747,0,0,0,0
hu,Hungary,Europe,12,2018-08-17,12,0,0,3729073,0,0,0,0
hu,Hungary,Europe,13,2018-08-24,13,0,0,3747850,0,0,0,0
hu,Hungary,Europe,14,2018-08-31,14,0,0,4059240,0,0,0,0
hu,Hungary,Europe,15,2018-09-07,15,0,0,4049810,0,0,0,0
hu,Hungary,Europe,16,2018-09-14,16,0,0,4126421,0,0,0,0
hu,Hungary,Europe,17,2018-09-21,17,0,0,4081063,0,0,0,0
hu,Hungary,Europe,18,2018-09-28,18,0,0,4060245,0,0,0,0
hu,Hungary,Europe,19,2018-10-05,19,0,0,4262727,0,0,0,0
hu,Hungary,Europe,20,2018-10-12,20,0,0,4195456,0,0,0,0
hu,Hungary,Europe,21,2018-10-19,21,0,0,4005850,0,0,0,0
hu,Hungary,Europe,22,2018-10-26,22,0,0,4169326,0,0,0,0
hu,Hungary,Europe,23,2018-11-02,23,0,0,4020122,0,0,0,0
hu,Hungary,Europe,24,2018-11-09,24,0,0,4401274,0,0,0,0
hu,Hungary,Europe,25,2018-11-16,25,0,0,4101903,0,0,0,0
hu,Hungary,Europe,26,2018-11-23,26,0,0,4095576,0,0,0,0
hu,Hungary,Europe,27,2018-11-30,27,0,0,4453775,0,0,0,0
hu,Hungary,Europe,28,2018-12-07,28,0,0,4533395,0,0,0,0
hu,Hungary,Europe,29,2018-12-14,29,0,0,5138617,0,0,0,0
hu,Hungary,Europe,30,2018-12-21,30,0,0,7041123,0,0,0,0
hu,Hungary,Europe,31,2018-12-28,31,0,0,3911061,0,0,0,0
hu,Hungary,Europe,32,2019-01-04,32,0,0,4103456,0,0,0,0
hu,Hungary,Europe,33,2019-01-11,33,0,0,4314067,0,0,0,0
hu,Hungary,Europe,34,2019-01-18,34,0,0,4469118,0,0,0,0
hu,Hungary,Europe,35,2019-01-25,35,0,0,4540966,0,0,0,0
hu,Hungary,Europe,36,2019-02-01,36,0,0,4769727,0,0,0,0
hu,Hungary,Europe,37,2019-02-08,37,0,0,4997778,0,0,0,0
hu,Hungary,Europe,38,2019-02-15,38,0,0,4830606,0,0,0,0
hu,Hungary,Europe,39,2019-02-22,39,0,0,4755895,0,0,0,0
hu,Hungary,Europe,40,2019-03-01,40,0,0,4797652,0,0,0,0
hu,Hungary,Europe,41,2019-03-08,41,0,1,4683206,0,0,0,0
hu,Hungary,Europe,42,2019-03-15,42,0,1,4418487,0,0,0,0
hu,Hungary,Europe,43,2019-03-22,43,0,1,4567742,0,0,0,0
hu,Hungary,Europe,44,2019-03-29,44,0,1,4936525,0,0,0,0
hu,Hungary,Europe,45,2019-04-05,45,0,1,4805341,0,0,0,0
hu,Hungary,Europe,46,2019-04-12,46,0,1,4876527,0,0,0,0
hu,Hungary,Europe,47,2019-04-19,47,0,1,4365279,0,0,0,0
hu,Hungary,Europe,48,2019-04-26,48,0,1,4514030,0,0,0,0
hu,Hungary,Europe,49,2019-05-03,49,0,1,4503901,0,0,0,0
hu,Hungary,Europe,50,2019-05-10,50,0,1,4665953,0,0,0,0
hu,Hungary,Europe,51,2019-05-17,51,0,1,4799240,0,0,0,0
hu,Hungary,Europe,52,2019-05-24,52,0,1,4731160,0,0,0,0
hu,Hungary,Europe,53,2019-05-31,1,1,0,4762121,0,0,0,0
hu,Hungary,Europe,54,2019-06-07,2,1,0,4708922,0,0,0,0
hu,Hungary,Europe,55,2019-06-14,3,1,0,4747275,0,0,0,0
hu,Hungary,Europe,56,2019-06-21,4,1,0,5094195,0,0,0,0
hu,Hungary,Europe,57,2019-06-28,5,1,0,5210694,0,0,0,0
hu,Hungary,Europe,58,2019-07-05,6,1,0,5113168,0,0,0,0
hu,Hungary,Europe,59,2019-07-12,7,1,0,5327014,0,0,0,0
hu,Hungary,Europe,60,2019-07-19,8,1,0,5101913,0,0,0,0
hu,Hungary,Europe,61,2019-07-26,9,1,0,4837894,0,0,0,0
hu,Hungary,Europe,62,2019-08-02,10,1,0,4962055,0,0,0,0
hu,Hungary,Europe,63,2019-08-09,11,1,0,4969810,0,0,0,0
hu,Hungary,Europe,64,2019-08-16,12,1,0,4714789,0,0,0,0
hu,Hungary,Europe,65,2019-08-23,13,1,0,4775367,0,0,0,0
hu,Hungary,Europe,66,2019-08-30,14,1,0,4887066,0,0,0,0
hu,Hungary,Europe,67,2019-09-06,15,1,0,5457918,0,0,0,0
hu,Hungary,Europe,68,2019-09-13,16,1,0,5559983,0,0,0,0
hu,Hungary,Europe,69,2019-09-20,17,1,0,5257228,0,0,0,0
hu,Hungary,Europe,70,2019-09-27,18,1,0,5164758,0,0,0,0
hu,Hungary,Europe,71,2019-10-04,19,1,0,5313897,0,0,0,0
hu,Hungary,Europe,72,2019-10-11,20,1,0,5464193,0,0,0,0
hu,Hungary,Europe,73,2019-10-18,21,1,0,5377762,0,0,0,0
hu,Hungary,Europe,74,2019-10-25,22,1,0,5832640,0,0,0,0
hu,Hungary,Europe,75,2019-11-01,23,1,0,5263829,0,0,0,0
hu,Hungary,Europe,76,2019-11-08,24,1,0,5491417,0,0,0,0
hu,Hungary,Europe,77,2019-11-15,25,1,0,5880811,0,0,0,0
hu,Hungary,Europe,78,2019-11-22,26,1,0,5974284,0,0,0,0
hu,Hungary,Europe,79,2019-11-29,27,1,0,6459058,0,0,0,0
hu,Hungary,Europe,80,2019-12-06,28,1,0,7051048,0,0,0,0
hu,Hungary,Europe,81,2019-12-13,29,1,0,7128763,0,0,0,0
hu,Hungary,Europe,82,2019-12-20,30,1,0,10217256,0,0,0,0
hu,Hungary,Europe,83,2019-12-27,31,1,0,5694940,0,0,0,0
hu,Hungary,Europe,84,2020-01-03,32,1,0,5908376,0,0,0,0
hu,Hungary,Europe,85,2020-01-10,33,1,0,6462037,0,0,0,0
hu,Hungary,Europe,86,2020-01-17,34,1,0,6761659,0,0,0,0
hu,Hungary,Europe,87,2020-01-24,35,1,0,6494525,0,0,0,0
hu,Hungary,Europe,88,2020-01-31,36,1,0,6398402,0,0,0,0
hu,Hungary,Europe,89,2020-02-07,37,1,0,6469919,0,0,0,0
hu,Hungary,Europe,90,2020-02-14,38,1,0,6539468,0,0,0,0
hu,Hungary,Europe,91,2020-02-21,39,1,0,6430826,0,0,0,0
hu,Hungary,Europe,92,2020-02-28,40,1,0,6289856,0,0,0,0
hu,Hungary,Europe,93,2020-03-06,41,1,1,6113371,0,0,0,0
hu,Hungary,Europe,94,2020-03-13,42,1,1,5945527,60,1,6.1377535,0.10229589
hu,Hungary,Europe,95,2020-03-20,43,1,1,5906222,188,9,19.231627,0.920663
hu,Hungary,Europe,96,2020-03-27,44,1,1,6079669,324,11,33.143867,1.1252548
hu,Hungary,Europe,97,2020-04-03,45,1,1,6095010,395,45,40.406876,4.6033149
hu,Hungary,Europe,98,2020-04-10,46,1,1,5640845,672,76,68.742836,7.7744875
hu,Hungary,Europe,99,2020-04-17,47,1,1,5825857,632,83,64.651001,8.4905586
hu,Hungary,Europe,100,2020-04-24,48,1,1,5983264,491,87,50.22728,8.8997421
hu,Hungary,Europe,101,2020-05-01,49,1,1,5652097,375,71,38.360958,7.2630081
hu,Hungary,Europe,102,2020-05-08,50,1,1,5984949,230,53,23.528055,5.4216819
hu,Hungary,Europe,103,2020-05-15,51,1,1,6088025,261,37,26.699226,3.7849479
hu,Hungary,Europe,104,2020-05-22,52,1,1,6096512,175,36,17.901781,3.682652
id,Indonesia,Asia,1,2018-06-01,1,0,0,30719777,0,0,0,0
id,Indonesia,Asia,2,2018-06-08,2,0,0,30679063,0,0,0,0
id,Indonesia,Asia,3,2018-06-15,3,0,0,28542904,0,0,0,0
id,Indonesia,Asia,4,2018-06-22,4,0,0,32970193,0,0,0,0
id,Indonesia,Asia,5,2018-06-29,5,0,0,33869334,0,0,0,0
id,Indonesia,Asia,6,2018-07-06,6,0,0,34480689,0,0,0,0
id,Indonesia,Asia,7,2018-07-13,7,0,0,34876637,0,0,0,0
id,Indonesia,Asia,8,2018-07-20,8,0,0,37042544,0,0,0,0
id,Indonesia,Asia,9,2018-07-27,9,0,0,37198177,0,0,0,0
id,Indonesia,Asia,10,2018-08-03,10,0,0,37201752,0,0,0,0
id,Indonesia,Asia,11,2018-08-10,11,0,0,36495936,0,0,0,0
id,Indonesia,Asia,12,2018-08-17,12,0,0,34019316,0,0,0,0
id,Indonesia,Asia,13,2018-08-24,13,0,0,38934715,0,0,0,0
id,Indonesia,Asia,14,2018-08-31,14,0,0,38360979,0,0,0,0
id,Indonesia,Asia,15,2018-09-07,15,0,0,38950699,0,0,0,0
id,Indonesia,Asia,16,2018-09-14,16,0,0,39759221,0,0,0,0
id,Indonesia,Asia,17,2018-09-21,17,0,0,40339084,0,0,0,0
id,Indonesia,Asia,18,2018-09-28,18,0,0,39261656,0,0,0,0
id,Indonesia,Asia,19,2018-10-05,19,0,0,39628636,0,0,0,0
id,Indonesia,Asia,20,2018-10-12,20,0,0,39760671,0,0,0,0
id,Indonesia,Asia,21,2018-10-19,21,0,0,40993572,0,0,0,0
id,Indonesia,Asia,22,2018-10-26,22,0,0,41137830,0,0,0,0
id,Indonesia,Asia,23,2018-11-02,23,0,0,43724169,0,0,0,0
id,Indonesia,Asia,24,2018-11-09,24,0,0,45076611,0,0,0,0
id,Indonesia,Asia,25,2018-11-16,25,0,0,44375699,0,0,0,0
id,Indonesia,Asia,26,2018-11-23,26,0,0,45856655,0,0,0,0
id,Indonesia,Asia,27,2018-11-30,27,0,0,45905142,0,0,0,0
id,Indonesia,Asia,28,2018-12-07,28,0,0,46026464,0,0,0,0
id,Indonesia,Asia,29,2018-12-14,29,0,0,46444478,0,0,0,0
id,Indonesia,Asia,30,2018-12-21,30,0,0,42587408,0,0,0,0
id,Indonesia,Asia,31,2018-12-28,31,0,0,42817267,0,0,0,0
id,Indonesia,Asia,32,2019-01-04,32,0,0,46068123,0,0,0,0
id,Indonesia,Asia,33,2019-01-11,33,0,0,45735688,0,0,0,0
id,Indonesia,Asia,34,2019-01-18,34,0,0,46172032,0,0,0,0
id,Indonesia,Asia,35,2019-01-25,35,0,0,46529843,0,0,0,0
id,Indonesia,Asia,36,2019-02-01,36,0,0,46648764,0,0,0,0
id,Indonesia,Asia,37,2019-02-08,37,0,0,47601901,0,0,0,0
id,Indonesia,Asia,38,2019-02-15,38,0,0,47754522,0,0,0,0
id,Indonesia,Asia,39,2019-02-22,39,0,0,48173917,0,0,0,0
id,Indonesia,Asia,40,2019-03-01,40,0,0,49603093,0,0,0,0
id,Indonesia,Asia,41,2019-03-08,41,0,1,51125633,0,0,0,0
id,Indonesia,Asia,42,2019-03-15,42,0,1,51193799,0,0,0,0
id,Indonesia,Asia,43,2019-03-22,43,0,1,53709155,0,0,0,0
id,Indonesia,Asia,44,2019-03-29,44,0,1,57317907,0,0,0,0
id,Indonesia,Asia,45,2019-04-05,45,0,1,61010281,0,0,0,0
id,Indonesia,Asia,46,2019-04-12,46,0,1,61810662,0,0,0,0
id,Indonesia,Asia,47,2019-04-19,47,0,1,61114910,0,0,0,0
id,Indonesia,Asia,48,2019-04-26,48,0,1,63036082,0,0,0,0
id,Indonesia,Asia,49,2019-05-03,49,0,1,64206662,0,0,0,0
id,Indonesia,Asia,50,2019-05-10,50,0,1,65516689,0,0,0,0
id,Indonesia,Asia,51,2019-05-17,51,0,1,64303190,0,0,0,0
id,Indonesia,Asia,52,2019-05-24,52,0,1,64899332,0,0,0,0
id,Indonesia,Asia,53,2019-05-31,1,1,0,57346082,0,0,0,0
id,Indonesia,Asia,54,2019-06-07,2,1,0,62334782,0,0,0,0
id,Indonesia,Asia,55,2019-06-14,3,1,0,66886321,0,0,0,0
id,Indonesia,Asia,56,2019-06-21,4,1,0,73018642,0,0,0,0
id,Indonesia,Asia,57,2019-06-28,5,1,0,78045747,0,0,0,0
id,Indonesia,Asia,58,2019-07-05,6,1,0,81368916,0,0,0,0
id,Indonesia,Asia,59,2019-07-12,7,1,0,79542773,0,0,0,0
id,Indonesia,Asia,60,2019-07-19,8,1,0,77266199,0,0,0,0
id,Indonesia,Asia,61,2019-07-26,9,1,0,76357163,0,0,0,0
id,Indonesia,Asia,62,2019-08-02,10,1,0,71196167,0,0,0,0
id,Indonesia,Asia,63,2019-08-09,11,1,0,71580501,0,0,0,0
id,Indonesia,Asia,64,2019-08-16,12,1,0,71990719,0,0,0,0
id,Indonesia,Asia,65,2019-08-23,13,1,0,72710426,0,0,0,0
id,Indonesia,Asia,66,2019-08-30,14,1,0,74336760,0,0,0,0
id,Indonesia,Asia,67,2019-09-06,15,1,0,75713231,0,0,0,0
id,Indonesia,Asia,68,2019-09-13,16,1,0,76852064,0,0,0,0
id,Indonesia,Asia,69,2019-09-20,17,1,0,72594817,0,0,0,0
id,Indonesia,Asia,70,2019-09-27,18,1,0,74860973,0,0,0,0
id,Indonesia,Asia,71,2019-10-04,19,1,0,78972576,0,0,0,0
id,Indonesia,Asia,72,2019-10-11,20,1,0,82161441,0,0,0,0
id,Indonesia,Asia,73,2019-10-18,21,1,0,83205021,0,0,0,0
id,Indonesia,Asia,74,2019-10-25,22,1,0,84645107,0,0,0,0
id,Indonesia,Asia,75,2019-11-01,23,1,0,86422678,0,0,0,0
id,Indonesia,Asia,76,2019-11-08,24,1,0,86130245,0,0,0,0
id,Indonesia,Asia,77,2019-11-15,25,1,0,87215774,0,0,0,0
id,Indonesia,Asia,78,2019-11-22,26,1,0,88534330,0,0,0,0
id,Indonesia,Asia,79,2019-11-29,27,1,0,92097711,0,0,0,0
id,Indonesia,Asia,80,2019-12-06,28,1,0,93886615,0,0,0,0
id,Indonesia,Asia,81,2019-12-13,29,1,0,92534949,0,0,0,0
id,Indonesia,Asia,82,2019-12-20,30,1,0,91519286,0,0,0,0
id,Indonesia,Asia,83,2019-12-27,31,1,0,87093628,0,0,0,0
id,Indonesia,Asia,84,2020-01-03,32,1,0,89450731,0,0,0,0
id,Indonesia,Asia,85,2020-01-10,33,1,0,94102713,0,0,0,0
id,Indonesia,Asia,86,2020-01-17,34,1,0,96372820,0,0,0,0
id,Indonesia,Asia,87,2020-01-24,35,1,0,95739304,0,0,0,0
id,Indonesia,Asia,88,2020-01-31,36,1,0,97578770,0,0,0,0
id,Indonesia,Asia,89,2020-02-07,37,1,0,97385385,0,0,0,0
id,Indonesia,Asia,90,2020-02-14,38,1,0,96864596,0,0,0,0
id,Indonesia,Asia,91,2020-02-21,39,1,0,102833859,0,0,0,0
id,Indonesia,Asia,92,2020-02-28,40,1,0,99711995,2,0,0.00747207,0
id,Indonesia,Asia,93,2020-03-06,41,1,1,100014931,0,0,0,0
id,Indonesia,Asia,94,2020-03-13,42,1,1,101411501,0,0,0,0
id,Indonesia,Asia,95,2020-03-20,43,1,1,95130959,618,53,2.3088696,0.19800986
id,Indonesia,Asia,96,2020-03-27,44,1,1,93277523,887,99,3.3138633,0.36986747
id,Indonesia,Asia,97,2020-04-03,45,1,1,92348324,1279,83,4.778389,0.31009093
id,Indonesia,Asia,98,2020-04-10,46,1,1,89626184,2180,229,8.144557,0.85555208
id,Indonesia,Asia,99,2020-04-17,47,1,1,84436494,2282,166,8.5256319,0.62018186
id,Indonesia,Asia,100,2020-04-24,48,1,1,75114959,2353,149,8.7908907,0.55666924
id,Indonesia,Asia,101,2020-05-01,49,1,1,75858911,2667,111,9.9640055,0.41469991
id,Indonesia,Asia,102,2020-05-08,50,1,1,78653266,3000,133,11.208105,0.49689266
id,Indonesia,Asia,103,2020-05-15,51,1,1,75968813,3751,214,14.013867,0.79951149
id,Indonesia,Asia,104,2020-05-22,52,1,1,71054478,4662,231,17.417397,0.86302412
ie,Ireland,Europe,1,2018-06-01,1,0,0,15769294,0,0,0,0
ie,Ireland,Europe,2,2018-06-08,2,0,0,15120749,0,0,0,0
ie,Ireland,Europe,3,2018-06-15,3,0,0,15565032,0,0,0,0
ie,Ireland,Europe,4,2018-06-22,4,0,0,16978891,0,0,0,0
ie,Ireland,Europe,5,2018-06-29,5,0,0,17993069,0,0,0,0
ie,Ireland,Europe,6,2018-07-06,6,0,0,16236468,0,0,0,0
ie,Ireland,Europe,7,2018-07-13,7,0,0,16234582,0,0,0,0
ie,Ireland,Europe,8,2018-07-20,8,0,0,15760058,0,0,0,0
ie,Ireland,Europe,9,2018-07-27,9,0,0,15223173,0,0,0,0
ie,Ireland,Europe,10,2018-08-03,10,0,0,15451014,0,0,0,0
ie,Ireland,Europe,11,2018-08-10,11,0,0,14641747,0,0,0,0
ie,Ireland,Europe,12,2018-08-17,12,0,0,15321010,0,0,0,0
ie,Ireland,Europe,13,2018-08-24,13,0,0,14368180,0,0,0,0
ie,Ireland,Europe,14,2018-08-31,14,0,0,14879909,0,0,0,0
ie,Ireland,Europe,15,2018-09-07,15,0,0,15400842,0,0,0,0
ie,Ireland,Europe,16,2018-09-14,16,0,0,14926427,0,0,0,0
ie,Ireland,Europe,17,2018-09-21,17,0,0,14631872,0,0,0,0
ie,Ireland,Europe,18,2018-09-28,18,0,0,14455982,0,0,0,0
ie,Ireland,Europe,19,2018-10-05,19,0,0,14680505,0,0,0,0
ie,Ireland,Europe,20,2018-10-12,20,0,0,15206206,0,0,0,0
ie,Ireland,Europe,21,2018-10-19,21,0,0,15682606,0,0,0,0
ie,Ireland,Europe,22,2018-10-26,22,0,0,15690370,0,0,0,0
ie,Ireland,Europe,23,2018-11-02,23,0,0,15360934,0,0,0,0
ie,Ireland,Europe,24,2018-11-09,24,0,0,15845491,0,0,0,0
ie,Ireland,Europe,25,2018-11-16,25,0,0,15262562,0,0,0,0
ie,Ireland,Europe,26,2018-11-23,26,0,0,15299357,0,0,0,0
ie,Ireland,Europe,27,2018-11-30,27,0,0,16930568,0,0,0,0
ie,Ireland,Europe,28,2018-12-07,28,0,0,17793206,0,0,0,0
ie,Ireland,Europe,29,2018-12-14,29,0,0,18179215,0,0,0,0
ie,Ireland,Europe,30,2018-12-21,30,0,0,21155160,0,0,0,0
ie,Ireland,Europe,31,2018-12-28,31,0,0,14722223,0,0,0,0
ie,Ireland,Europe,32,2019-01-04,32,0,0,14661966,0,0,0,0
ie,Ireland,Europe,33,2019-01-11,33,0,0,15499070,0,0,0,0
ie,Ireland,Europe,34,2019-01-18,34,0,0,16415938,0,0,0,0
ie,Ireland,Europe,35,2019-01-25,35,0,0,16373767,0,0,0,0
ie,Ireland,Europe,36,2019-02-01,36,0,0,16719566,0,0,0,0
ie,Ireland,Europe,37,2019-02-08,37,0,0,19387185,0,0,0,0
ie,Ireland,Europe,38,2019-02-15,38,0,0,18954879,0,0,0,0
ie,Ireland,Europe,39,2019-02-22,39,0,0,16889512,0,0,0,0
ie,Ireland,Europe,40,2019-03-01,40,0,0,16714205,0,0,0,0
ie,Ireland,Europe,41,2019-03-08,41,0,1,16451891,0,0,0,0
ie,Ireland,Europe,42,2019-03-15,42,0,1,15569688,0,0,0,0
ie,Ireland,Europe,43,2019-03-22,43,0,1,16142569,0,0,0,0
ie,Ireland,Europe,44,2019-03-29,44,0,1,17899900,0,0,0,0
ie,Ireland,Europe,45,2019-04-05,45,0,1,17802365,0,0,0,0
ie,Ireland,Europe,46,2019-04-12,46,0,1,18544011,0,0,0,0
ie,Ireland,Europe,47,2019-04-19,47,0,1,18455775,0,0,0,0
ie,Ireland,Europe,48,2019-04-26,48,0,1,16819128,0,0,0,0
ie,Ireland,Europe,49,2019-05-03,49,0,1,17894924,0,0,0,0
ie,Ireland,Europe,50,2019-05-10,50,0,1,18376822,0,0,0,0
ie,Ireland,Europe,51,2019-05-17,51,0,1,19970292,0,0,0,0
ie,Ireland,Europe,52,2019-05-24,52,0,1,18507287,0,0,0,0
ie,Ireland,Europe,53,2019-05-31,1,1,0,17140231,0,0,0,0
ie,Ireland,Europe,54,2019-06-07,2,1,0,16332154,0,0,0,0
ie,Ireland,Europe,55,2019-06-14,3,1,0,16976179,0,0,0,0
ie,Ireland,Europe,56,2019-06-21,4,1,0,17773783,0,0,0,0
ie,Ireland,Europe,57,2019-06-28,5,1,0,18246378,0,0,0,0
ie,Ireland,Europe,58,2019-07-05,6,1,0,17911480,0,0,0,0
ie,Ireland,Europe,59,2019-07-12,7,1,0,19170925,0,0,0,0
ie,Ireland,Europe,60,2019-07-19,8,1,0,17504570,0,0,0,0
ie,Ireland,Europe,61,2019-07-26,9,1,0,17061240,0,0,0,0
ie,Ireland,Europe,62,2019-08-02,10,1,0,16616720,0,0,0,0
ie,Ireland,Europe,63,2019-08-09,11,1,0,16152257,0,0,0,0
ie,Ireland,Europe,64,2019-08-16,12,1,0,16273512,0,0,0,0
ie,Ireland,Europe,65,2019-08-23,13,1,0,17198766,0,0,0,0
ie,Ireland,Europe,66,2019-08-30,14,1,0,16143225,0,0,0,0
ie,Ireland,Europe,67,2019-09-06,15,1,0,18135628,0,0,0,0
ie,Ireland,Europe,68,2019-09-13,16,1,0,17823185,0,0,0,0
ie,Ireland,Europe,69,2019-09-20,17,1,0,17070707,0,0,0,0
ie,Ireland,Europe,70,2019-09-27,18,1,0,16668041,0,0,0,0
ie,Ireland,Europe,71,2019-10-04,19,1,0,18806509,0,0,0,0
ie,Ireland,Europe,72,2019-10-11,20,1,0,17471206,0,0,0,0
ie,Ireland,Europe,73,2019-10-18,21,1,0,16841135,0,0,0,0
ie,Ireland,Europe,74,2019-10-25,22,1,0,18328659,0,0,0,0
ie,Ireland,Europe,75,2019-11-01,23,1,0,16718095,0,0,0,0
ie,Ireland,Europe,76,2019-11-08,24,1,0,16845077,0,0,0,0
ie,Ireland,Europe,77,2019-11-15,25,1,0,17311116,0,0,0,0
ie,Ireland,Europe,78,2019-11-22,26,1,0,17776120,0,0,0,0
ie,Ireland,Europe,79,2019-11-29,27,1,0,18487812,0,0,0,0
ie,Ireland,Europe,80,2019-12-06,28,1,0,19648266,0,0,0,0
ie,Ireland,Europe,81,2019-12-13,29,1,0,21300755,0,0,0,0
ie,Ireland,Europe,82,2019-12-20,30,1,0,25335067,0,0,0,0
ie,Ireland,Europe,83,2019-12-27,31,1,0,15961983,0,0,0,0
ie,Ireland,Europe,84,2020-01-03,32,1,0,16418508,0,0,0,0
ie,Ireland,Europe,85,2020-01-10,33,1,0,17337629,0,0,0,0
ie,Ireland,Europe,86,2020-01-17,34,1,0,18327371,0,0,0,0
ie,Ireland,Europe,87,2020-01-24,35,1,0,17484696,0,0,0,0
ie,Ireland,Europe,88,2020-01-31,36,1,0,17174974,0,0,0,0
ie,Ireland,Europe,89,2020-02-07,37,1,0,16895427,0,0,0,0
ie,Ireland,Europe,90,2020-02-14,38,1,0,18043548,0,0,0,0
ie,Ireland,Europe,91,2020-02-21,39,1,0,16959343,0,0,0,0
ie,Ireland,Europe,92,2020-02-28,40,1,0,16867633,6,0,1.2327141,0
ie,Ireland,Europe,93,2020-03-06,41,1,1,16689180,37,1,7.6017365,0.20545234
ie,Ireland,Europe,94,2020-03-13,42,1,1,17720847,323,1,66.361107,0.20545234
ie,Ireland,Europe,95,2020-03-20,43,1,1,17656264,1198,7,246.1319,1.4381664
ie,Ireland,Europe,96,2020-03-27,44,1,1,17273326,1883,76,386.86676,15.614377
ie,Ireland,Europe,97,2020-04-03,45,1,1,17479925,2777,150,570.54114,30.81785
ie,Ireland,Europe,98,2020-04-10,46,1,1,17566028,6323,209,1299.0751,42.939537
ie,Ireland,Europe,99,2020-04-17,47,1,1,16484389,4124,325,847.2854,66.772011
ie,Ireland,Europe,100,2020-04-24,48,1,1,16586527,3582,421,735.93024,86.49543
ie,Ireland,Europe,101,2020-05-01,49,1,1,16871259,1995,185,409.87741,38.008682
ie,Ireland,Europe,102,2020-05-08,50,1,1,16664454,1153,122,236.88654,25.065186
ie,Ireland,Europe,103,2020-05-15,51,1,1,15846760,914,74,187.78343,15.203473
ie,Ireland,Europe,104,2020-05-22,52,1,1,17564346,488,60,100.26074,12.32714
il,Israel,Asia,1,2018-06-01,1,0,0,2455550,0,0,0,0
il,Israel,Asia,2,2018-06-08,2,0,0,2478786,0,0,0,0
il,Israel,Asia,3,2018-06-15,3,0,0,2508524,0,0,0,0
il,Israel,Asia,4,2018-06-22,4,0,0,2538469,0,0,0,0
il,Israel,Asia,5,2018-06-29,5,0,0,2776629,0,0,0,0
il,Israel,Asia,6,2018-07-06,6,0,0,2617090,0,0,0,0
il,Israel,Asia,7,2018-07-13,7,0,0,2627101,0,0,0,0
il,Israel,Asia,8,2018-07-20,8,0,0,2677486,0,0,0,0
il,Israel,Asia,9,2018-07-27,9,0,0,2809054,0,0,0,0
il,Israel,Asia,10,2018-08-03,10,0,0,2861434,0,0,0,0
il,Israel,Asia,11,2018-08-10,11,0,0,2848630,0,0,0,0
il,Israel,Asia,12,2018-08-17,12,0,0,2901606,0,0,0,0
il,Israel,Asia,13,2018-08-24,13,0,0,2857076,0,0,0,0
il,Israel,Asia,14,2018-08-31,14,0,0,2950255,0,0,0,0
il,Israel,Asia,15,2018-09-07,15,0,0,2836015,0,0,0,0
il,Israel,Asia,16,2018-09-14,16,0,0,2633145,0,0,0,0
il,Israel,Asia,17,2018-09-21,17,0,0,2876808,0,0,0,0
il,Israel,Asia,18,2018-09-28,18,0,0,2793324,0,0,0,0
il,Israel,Asia,19,2018-10-05,19,0,0,2994629,0,0,0,0
il,Israel,Asia,20,2018-10-12,20,0,0,3099248,0,0,0,0
il,Israel,Asia,21,2018-10-19,21,0,0,3110624,0,0,0,0
il,Israel,Asia,22,2018-10-26,22,0,0,3142657,0,0,0,0
il,Israel,Asia,23,2018-11-02,23,0,0,3264423,0,0,0,0
il,Israel,Asia,24,2018-11-09,24,0,0,3249595,0,0,0,0
il,Israel,Asia,25,2018-11-16,25,0,0,3318025,0,0,0,0
il,Israel,Asia,26,2018-11-23,26,0,0,3286191,0,0,0,0
il,Israel,Asia,27,2018-11-30,27,0,0,3381781,0,0,0,0
il,Israel,Asia,28,2018-12-07,28,0,0,3319379,0,0,0,0
il,Israel,Asia,29,2018-12-14,29,0,0,3496366,0,0,0,0
il,Israel,Asia,30,2018-12-21,30,0,0,3549625,0,0,0,0
il,Israel,Asia,31,2018-12-28,31,0,0,3592356,0,0,0,0
il,Israel,Asia,32,2019-01-04,32,0,0,3610517,0,0,0,0
il,Israel,Asia,33,2019-01-11,33,0,0,3677891,0,0,0,0
il,Israel,Asia,34,2019-01-18,34,0,0,4002859,0,0,0,0
il,Israel,Asia,35,2019-01-25,35,0,0,4098278,0,0,0,0
il,Israel,Asia,36,2019-02-01,36,0,0,4284039,0,0,0,0
il,Israel,Asia,37,2019-02-08,37,0,0,4476389,0,0,0,0
il,Israel,Asia,38,2019-02-15,38,0,0,4376334,0,0,0,0
il,Israel,Asia,39,2019-02-22,39,0,0,4403371,0,0,0,0
il,Israel,Asia,40,2019-03-01,40,0,0,4362694,0,0,0,0
il,Israel,Asia,41,2019-03-08,41,0,1,4417449,0,0,0,0
il,Israel,Asia,42,2019-03-15,42,0,1,4411323,0,0,0,0
il,Israel,Asia,43,2019-03-22,43,0,1,4297462,0,0,0,0
il,Israel,Asia,44,2019-03-29,44,0,1,4724426,0,0,0,0
il,Israel,Asia,45,2019-04-05,45,0,1,4892272,0,0,0,0
il,Israel,Asia,46,2019-04-12,46,0,1,5116538,0,0,0,0
il,Israel,Asia,47,2019-04-19,47,0,1,4799157,0,0,0,0
il,Israel,Asia,48,2019-04-26,48,0,1,4419024,0,0,0,0
il,Israel,Asia,49,2019-05-03,49,0,1,4392209,0,0,0,0
il,Israel,Asia,50,2019-05-10,50,0,1,4806563,0,0,0,0
il,Israel,Asia,51,2019-05-17,51,0,1,5292254,0,0,0,0
il,Israel,Asia,52,2019-05-24,52,0,1,5410118,0,0,0,0
il,Israel,Asia,53,2019-05-31,1,1,0,5280929,0,0,0,0
il,Israel,Asia,54,2019-06-07,2,1,0,5205351,0,0,0,0
il,Israel,Asia,55,2019-06-14,3,1,0,5332040,0,0,0,0
il,Israel,Asia,56,2019-06-21,4,1,0,5588555,0,0,0,0
il,Israel,Asia,57,2019-06-28,5,1,0,5824165,0,0,0,0
il,Israel,Asia,58,2019-07-05,6,1,0,5809898,0,0,0,0
il,Israel,Asia,59,2019-07-12,7,1,0,5755156,0,0,0,0
il,Israel,Asia,60,2019-07-19,8,1,0,5510145,0,0,0,0
il,Israel,Asia,61,2019-07-26,9,1,0,5388949,0,0,0,0
il,Israel,Asia,62,2019-08-02,10,1,0,5346577,0,0,0,0
il,Israel,Asia,63,2019-08-09,11,1,0,5436381,0,0,0,0
il,Israel,Asia,64,2019-08-16,12,1,0,5545725,0,0,0,0
il,Israel,Asia,65,2019-08-23,13,1,0,5340539,0,0,0,0
il,Israel,Asia,66,2019-08-30,14,1,0,5320745,0,0,0,0
il,Israel,Asia,67,2019-09-06,15,1,0,5913645,0,0,0,0
il,Israel,Asia,68,2019-09-13,16,1,0,6115151,0,0,0,0
il,Israel,Asia,69,2019-09-20,17,1,0,6044946,0,0,0,0
il,Israel,Asia,70,2019-09-27,18,1,0,5697147,0,0,0,0
il,Israel,Asia,71,2019-10-04,19,1,0,5366242,0,0,0,0
il,Israel,Asia,72,2019-10-11,20,1,0,5888667,0,0,0,0
il,Israel,Asia,73,2019-10-18,21,1,0,5633259,0,0,0,0
il,Israel,Asia,74,2019-10-25,22,1,0,5978962,0,0,0,0
il,Israel,Asia,75,2019-11-01,23,1,0,5999146,0,0,0,0
il,Israel,Asia,76,2019-11-08,24,1,0,5701039,0,0,0,0
il,Israel,Asia,77,2019-11-15,25,1,0,5960498,0,0,0,0
il,Israel,Asia,78,2019-11-22,26,1,0,6109311,0,0,0,0
il,Israel,Asia,79,2019-11-29,27,1,0,6268797,0,0,0,0
il,Israel,Asia,80,2019-12-06,28,1,0,6447672,0,0,0,0
il,Israel,Asia,81,2019-12-13,29,1,0,6846314,0,0,0,0
il,Israel,Asia,82,2019-12-20,30,1,0,6883621,0,0,0,0
il,Israel,Asia,83,2019-12-27,31,1,0,6445197,0,0,0,0
il,Israel,Asia,84,2020-01-03,32,1,0,6356346,0,0,0,0
il,Israel,Asia,85,2020-01-10,33,1,0,6818231,0,0,0,0
il,Israel,Asia,86,2020-01-17,34,1,0,6946267,0,0,0,0
il,Israel,Asia,87,2020-01-24,35,1,0,6743716,0,0,0,0
il,Israel,Asia,88,2020-01-31,36,1,0,6698612,0,0,0,0
il,Israel,Asia,89,2020-02-07,37,1,0,6581969,0,0,0,0
il,Israel,Asia,90,2020-02-14,38,1,0,6883572,0,0,0,0
il,Israel,Asia,91,2020-02-21,39,1,0,6821533,2,0,0.22515424,0
il,Israel,Asia,92,2020-02-28,40,1,0,6904280,13,0,1.4635025,0
il,Israel,Asia,93,2020-03-06,41,1,1,6657871,67,0,7.5426669,0
il,Israel,Asia,94,2020-03-13,42,1,1,5833946,351,0,39.514568,0
il,Israel,Asia,95,2020-03-20,43,1,1,5646158,1936,5,217.9493,0.56288558
il,Israel,Asia,96,2020-03-27,44,1,1,5657053,3222,16,362.72348,1.8012339
il,Israel,Asia,97,2020-04-03,45,1,1,5857281,3813,50,429.25653,5.6288557
il,Israel,Asia,98,2020-04-10,46,1,1,5385130,3097,59,348.65134,6.6420498
il,Israel,Asia,99,2020-04-17,47,1,1,5527928,2091,61,235.39874,6.8672042
il,Israel,Asia,100,2020-04-24,48,1,1,5606566,1242,24,139.82077,2.7018507
il,Israel,Asia,101,2020-05-01,49,1,1,6032442,476,24,53.586708,2.7018507
il,Israel,Asia,102,2020-05-08,50,1,1,6469494,238,25,26.793354,2.8144279
il,Israel,Asia,103,2020-05-15,51,1,1,6447205,122,15,13.734408,1.6886567
il,Israel,Asia,104,2020-05-22,52,1,1,6852915,123,2,13.846985,0.22515424
is,Iceland,Europe,1,2018-06-01,1,0,0,2317581,0,0,0,0
is,Iceland,Europe,2,2018-06-08,2,0,0,2324540,0,0,0,0
is,Iceland,Europe,3,2018-06-15,3,0,0,2344894,0,0,0,0
is,Iceland,Europe,4,2018-06-22,4,0,0,2221400,0,0,0,0
is,Iceland,Europe,5,2018-06-29,5,0,0,2538640,0,0,0,0
is,Iceland,Europe,6,2018-07-06,6,0,0,2425294,0,0,0,0
is,Iceland,Europe,7,2018-07-13,7,0,0,2489238,0,0,0,0
is,Iceland,Europe,8,2018-07-20,8,0,0,2497203,0,0,0,0
is,Iceland,Europe,9,2018-07-27,9,0,0,2615687,0,0,0,0
is,Iceland,Europe,10,2018-08-03,10,0,0,2661107,0,0,0,0
is,Iceland,Europe,11,2018-08-10,11,0,0,2383687,0,0,0,0
is,Iceland,Europe,12,2018-08-17,12,0,0,2500032,0,0,0,0
is,Iceland,Europe,13,2018-08-24,13,0,0,2413621,0,0,0,0
is,Iceland,Europe,14,2018-08-31,14,0,0,2435126,0,0,0,0
is,Iceland,Europe,15,2018-09-07,15,0,0,2366376,0,0,0,0
is,Iceland,Europe,16,2018-09-14,16,0,0,2282639,0,0,0,0
is,Iceland,Europe,17,2018-09-21,17,0,0,2218643,0,0,0,0
is,Iceland,Europe,18,2018-09-28,18,0,0,2245492,0,0,0,0
is,Iceland,Europe,19,2018-10-05,19,0,0,2247542,0,0,0,0
is,Iceland,Europe,20,2018-10-12,20,0,0,2284655,0,0,0,0
is,Iceland,Europe,21,2018-10-19,21,0,0,2352275,0,0,0,0
is,Iceland,Europe,22,2018-10-26,22,0,0,2706781,0,0,0,0
is,Iceland,Europe,23,2018-11-02,23,0,0,2673973,0,0,0,0
is,Iceland,Europe,24,2018-11-09,24,0,0,2628585,0,0,0,0
is,Iceland,Europe,25,2018-11-16,25,0,0,2489297,0,0,0,0
is,Iceland,Europe,26,2018-11-23,26,0,0,2537836,0,0,0,0
is,Iceland,Europe,27,2018-11-30,27,0,0,2758976,0,0,0,0
is,Iceland,Europe,28,2018-12-07,28,0,0,2754317,0,0,0,0
is,Iceland,Europe,29,2018-12-14,29,0,0,2912121,0,0,0,0
is,Iceland,Europe,30,2018-12-21,30,0,0,2918700,0,0,0,0
is,Iceland,Europe,31,2018-12-28,31,0,0,1880295,0,0,0,0
is,Iceland,Europe,32,2019-01-04,32,0,0,2172139,0,0,0,0
is,Iceland,Europe,33,2019-01-11,33,0,0,2267349,0,0,0,0
is,Iceland,Europe,34,2019-01-18,34,0,0,2296093,0,0,0,0
is,Iceland,Europe,35,2019-01-25,35,0,0,2354574,0,0,0,0
is,Iceland,Europe,36,2019-02-01,36,0,0,2668199,0,0,0,0
is,Iceland,Europe,37,2019-02-08,37,0,0,2638306,0,0,0,0
is,Iceland,Europe,38,2019-02-15,38,0,0,2458163,0,0,0,0
is,Iceland,Europe,39,2019-02-22,39,0,0,2334481,0,0,0,0
is,Iceland,Europe,40,2019-03-01,40,0,0,2431548,0,0,0,0
is,Iceland,Europe,41,2019-03-08,41,0,1,2285316,0,0,0,0
is,Iceland,Europe,42,2019-03-15,42,0,1,2380394,0,0,0,0
is,Iceland,Europe,43,2019-03-22,43,0,1,2162914,0,0,0,0
is,Iceland,Europe,44,2019-03-29,44,0,1,2472532,0,0,0,0
is,Iceland,Europe,45,2019-04-05,45,0,1,2471764,0,0,0,0
is,Iceland,Europe,46,2019-04-12,46,0,1,2326401,0,0,0,0
is,Iceland,Europe,47,2019-04-19,47,0,1,2208690,0,0,0,0
is,Iceland,Europe,48,2019-04-26,48,0,1,2338858,0,0,0,0
is,Iceland,Europe,49,2019-05-03,49,0,1,2355100,0,0,0,0
is,Iceland,Europe,50,2019-05-10,50,0,1,2353444,0,0,0,0
is,Iceland,Europe,51,2019-05-17,51,0,1,2791019,0,0,0,0
is,Iceland,Europe,52,2019-05-24,52,0,1,2853189,0,0,0,0
is,Iceland,Europe,53,2019-05-31,1,1,0,2458018,0,0,0,0
is,Iceland,Europe,54,2019-06-07,2,1,0,2546894,0,0,0,0
is,Iceland,Europe,55,2019-06-14,3,1,0,2379484,0,0,0,0
is,Iceland,Europe,56,2019-06-21,4,1,0,2404008,0,0,0,0
is,Iceland,Europe,57,2019-06-28,5,1,0,2382928,0,0,0,0
is,Iceland,Europe,58,2019-07-05,6,1,0,2600768,0,0,0,0
is,Iceland,Europe,59,2019-07-12,7,1,0,2693976,0,0,0,0
is,Iceland,Europe,60,2019-07-19,8,1,0,2689827,0,0,0,0
is,Iceland,Europe,61,2019-07-26,9,1,0,2773577,0,0,0,0
is,Iceland,Europe,62,2019-08-02,10,1,0,2513624,0,0,0,0
is,Iceland,Europe,63,2019-08-09,11,1,0,2506743,0,0,0,0
is,Iceland,Europe,64,2019-08-16,12,1,0,2183135,0,0,0,0
is,Iceland,Europe,65,2019-08-23,13,1,0,2139039,0,0,0,0
is,Iceland,Europe,66,2019-08-30,14,1,0,2352393,0,0,0,0
is,Iceland,Europe,67,2019-09-06,15,1,0,2488060,0,0,0,0
is,Iceland,Europe,68,2019-09-13,16,1,0,2410176,0,0,0,0
is,Iceland,Europe,69,2019-09-20,17,1,0,2259049,0,0,0,0
is,Iceland,Europe,70,2019-09-27,18,1,0,2221136,0,0,0,0
is,Iceland,Europe,71,2019-10-04,19,1,0,2176662,0,0,0,0
is,Iceland,Europe,72,2019-10-11,20,1,0,2235731,0,0,0,0
is,Iceland,Europe,73,2019-10-18,21,1,0,2106995,0,0,0,0
is,Iceland,Europe,74,2019-10-25,22,1,0,2529647,0,0,0,0
is,Iceland,Europe,75,2019-11-01,23,1,0,2212356,0,0,0,0
is,Iceland,Europe,76,2019-11-08,24,1,0,2145043,0,0,0,0
is,Iceland,Europe,77,2019-11-15,25,1,0,2201070,0,0,0,0
is,Iceland,Europe,78,2019-11-22,26,1,0,2286885,0,0,0,0
is,Iceland,Europe,79,2019-11-29,27,1,0,2916150,0,0,0,0
is,Iceland,Europe,80,2019-12-06,28,1,0,2919461,0,0,0,0
is,Iceland,Europe,81,2019-12-13,29,1,0,3007496,0,0,0,0
is,Iceland,Europe,82,2019-12-20,30,1,0,3399759,0,0,0,0
is,Iceland,Europe,83,2019-12-27,31,1,0,1916233,0,0,0,0
is,Iceland,Europe,84,2020-01-03,32,1,0,2073637,0,0,0,0
is,Iceland,Europe,85,2020-01-10,33,1,0,2146194,0,0,0,0
is,Iceland,Europe,86,2020-01-17,34,1,0,2246913,0,0,0,0
is,Iceland,Europe,87,2020-01-24,35,1,0,2128594,0,0,0,0
is,Iceland,Europe,88,2020-01-31,36,1,0,2076896,0,0,0,0
is,Iceland,Europe,89,2020-02-07,37,1,0,2118619,0,0,0,0
is,Iceland,Europe,90,2020-02-14,38,1,0,2213847,0,0,0,0
is,Iceland,Europe,91,2020-02-21,39,1,0,2243863,0,0,0,0
is,Iceland,Europe,92,2020-02-28,40,1,0,2249498,26,0,73.712654,0
is,Iceland,Europe,93,2020-03-06,41,1,1,2318396,59,0,167.27101,0
is,Iceland,Europe,94,2020-03-13,42,1,1,2236610,165,0,467.79181,0
is,Iceland,Europe,95,2020-03-20,43,1,1,2280962,487,2,1380.6947,5.6702042
is,Iceland,Europe,96,2020-03-27,44,1,1,2130886,483,0,1369.3542,0
is,Iceland,Europe,97,2020-04-03,45,1,1,2119187,396,4,1122.7003,11.340408
is,Iceland,Europe,98,2020-04-10,46,1,1,1950409,111,2,314.69632,5.6702042
is,Iceland,Europe,99,2020-04-17,47,1,1,2303392,58,2,164.43591,5.6702042
is,Iceland,Europe,100,2020-04-24,48,1,1,2244496,12,0,34.021225,0
is,Iceland,Europe,101,2020-05-01,49,1,1,2092975,2,0,5.6702042,0
is,Iceland,Europe,102,2020-05-08,50,1,1,2179238,3,0,8.5053062,0
is,Iceland,Europe,103,2020-05-15,51,1,1,2177223,1,0,2.8351021,0
is,Iceland,Europe,104,2020-05-22,52,1,1,2157062,2,0,5.6702042,0
it,Italy,Europe,1,2018-06-01,1,0,0,94084043,0,0,0,0
it,Italy,Europe,2,2018-06-08,2,0,0,96589164,0,0,0,0
it,Italy,Europe,3,2018-06-15,3,0,0,96917840,0,0,0,0
it,Italy,Europe,4,2018-06-22,4,0,0,103243680,0,0,0,0
it,Italy,Europe,5,2018-06-29,5,0,0,101835882,0,0,0,0
it,Italy,Europe,6,2018-07-06,6,0,0,102039264,0,0,0,0
it,Italy,Europe,7,2018-07-13,7,0,0,103599854,0,0,0,0
it,Italy,Europe,8,2018-07-20,8,0,0,106808774,0,0,0,0
it,Italy,Europe,9,2018-07-27,9,0,0,103226474,0,0,0,0
it,Italy,Europe,10,2018-08-03,10,0,0,101286871,0,0,0,0
it,Italy,Europe,11,2018-08-10,11,0,0,93401475,0,0,0,0
it,Italy,Europe,12,2018-08-17,12,0,0,90375883,0,0,0,0
it,Italy,Europe,13,2018-08-24,13,0,0,90166128,0,0,0,0
it,Italy,Europe,14,2018-08-31,14,0,0,91402156,0,0,0,0
it,Italy,Europe,15,2018-09-07,15,0,0,94729362,0,0,0,0
it,Italy,Europe,16,2018-09-14,16,0,0,101696079,0,0,0,0
it,Italy,Europe,17,2018-09-21,17,0,0,100314585,0,0,0,0
it,Italy,Europe,18,2018-09-28,18,0,0,102621346,0,0,0,0
it,Italy,Europe,19,2018-10-05,19,0,0,100232938,0,0,0,0
it,Italy,Europe,20,2018-10-12,20,0,0,105527850,0,0,0,0
it,Italy,Europe,21,2018-10-19,21,0,0,97516621,0,0,0,0
it,Italy,Europe,22,2018-10-26,22,0,0,97484274,0,0,0,0
it,Italy,Europe,23,2018-11-02,23,0,0,96043323,0,0,0,0
it,Italy,Europe,24,2018-11-09,24,0,0,128006607,0,0,0,0
it,Italy,Europe,25,2018-11-16,25,0,0,107749145,0,0,0,0
it,Italy,Europe,26,2018-11-23,26,0,0,107438668,0,0,0,0
it,Italy,Europe,27,2018-11-30,27,0,0,114594619,0,0,0,0
it,Italy,Europe,28,2018-12-07,28,0,0,107163031,0,0,0,0
it,Italy,Europe,29,2018-12-14,29,0,0,102908945,0,0,0,0
it,Italy,Europe,30,2018-12-21,30,0,0,102335520,0,0,0,0
it,Italy,Europe,31,2018-12-28,31,0,0,95411811,0,0,0,0
it,Italy,Europe,32,2019-01-04,32,0,0,94847512,0,0,0,0
it,Italy,Europe,33,2019-01-11,33,0,0,101081933,0,0,0,0
it,Italy,Europe,34,2019-01-18,34,0,0,105204132,0,0,0,0
it,Italy,Europe,35,2019-01-25,35,0,0,107171176,0,0,0,0
it,Italy,Europe,36,2019-02-01,36,0,0,116234010,0,0,0,0
it,Italy,Europe,37,2019-02-08,37,0,0,136245718,0,0,0,0
it,Italy,Europe,38,2019-02-15,38,0,0,120414253,0,0,0,0
it,Italy,Europe,39,2019-02-22,39,0,0,111602300,0,0,0,0
it,Italy,Europe,40,2019-03-01,40,0,0,115518468,0,0,0,0
it,Italy,Europe,41,2019-03-08,41,0,1,114924704,0,0,0,0
it,Italy,Europe,42,2019-03-15,42,0,1,117316851,0,0,0,0
it,Italy,Europe,43,2019-03-22,43,0,1,124511264,0,0,0,0
it,Italy,Europe,44,2019-03-29,44,0,1,121598290,0,0,0,0
it,Italy,Europe,45,2019-04-05,45,0,1,110831674,0,0,0,0
it,Italy,Europe,46,2019-04-12,46,0,1,103460622,0,0,0,0
it,Italy,Europe,47,2019-04-19,47,0,1,94590732,0,0,0,0
it,Italy,Europe,48,2019-04-26,48,0,1,95375218,0,0,0,0
it,Italy,Europe,49,2019-05-03,49,0,1,100239545,0,0,0,0
it,Italy,Europe,50,2019-05-10,50,0,1,113537378,0,0,0,0
it,Italy,Europe,51,2019-05-17,51,0,1,107396741,0,0,0,0
it,Italy,Europe,52,2019-05-24,52,0,1,110039697,0,0,0,0
it,Italy,Europe,53,2019-05-31,1,1,0,118773348,0,0,0,0
it,Italy,Europe,54,2019-06-07,2,1,0,136425101,0,0,0,0
it,Italy,Europe,55,2019-06-14,3,1,0,132538894,0,0,0,0
it,Italy,Europe,56,2019-06-21,4,1,0,133310315,0,0,0,0
it,Italy,Europe,57,2019-06-28,5,1,0,130861550,0,0,0,0
it,Italy,Europe,58,2019-07-05,6,1,0,174786776,0,0,0,0
it,Italy,Europe,59,2019-07-12,7,1,0,150291984,0,0,0,0
it,Italy,Europe,60,2019-07-19,8,1,0,141555897,0,0,0,0
it,Italy,Europe,61,2019-07-26,9,1,0,137557554,0,0,0,0
it,Italy,Europe,62,2019-08-02,10,1,0,136386844,0,0,0,0
it,Italy,Europe,63,2019-08-09,11,1,0,127083157,0,0,0,0
it,Italy,Europe,64,2019-08-16,12,1,0,121504077,0,0,0,0
it,Italy,Europe,65,2019-08-23,13,1,0,114061277,0,0,0,0
it,Italy,Europe,66,2019-08-30,14,1,0,124106060,0,0,0,0
it,Italy,Europe,67,2019-09-06,15,1,0,124809120,0,0,0,0
it,Italy,Europe,68,2019-09-13,16,1,0,136702922,0,0,0,0
it,Italy,Europe,69,2019-09-20,17,1,0,141267218,0,0,0,0
it,Italy,Europe,70,2019-09-27,18,1,0,131602334,0,0,0,0
it,Italy,Europe,71,2019-10-04,19,1,0,135672788,0,0,0,0
it,Italy,Europe,72,2019-10-11,20,1,0,134542532,0,0,0,0
it,Italy,Europe,73,2019-10-18,21,1,0,129011122,0,0,0,0
it,Italy,Europe,74,2019-10-25,22,1,0,134927845,0,0,0,0
it,Italy,Europe,75,2019-11-01,23,1,0,143663304,0,0,0,0
it,Italy,Europe,76,2019-11-08,24,1,0,145582895,0,0,0,0
it,Italy,Europe,77,2019-11-15,25,1,0,172358458,0,0,0,0
it,Italy,Europe,78,2019-11-22,26,1,0,145534691,0,0,0,0
it,Italy,Europe,79,2019-11-29,27,1,0,135066161,0,0,0,0
it,Italy,Europe,80,2019-12-06,28,1,0,130120334,0,0,0,0
it,Italy,Europe,81,2019-12-13,29,1,0,131590886,0,0,0,0
it,Italy,Europe,82,2019-12-20,30,1,0,123577231,0,0,0,0
it,Italy,Europe,83,2019-12-27,31,1,0,108740578,0,0,0,0
it,Italy,Europe,84,2020-01-03,32,1,0,104334251,0,0,0,0
it,Italy,Europe,85,2020-01-10,33,1,0,113817033,0,0,0,0
it,Italy,Europe,86,2020-01-17,34,1,0,117848211,0,0,0,0
it,Italy,Europe,87,2020-01-24,35,1,0,116290220,0,0,0,0
it,Italy,Europe,88,2020-01-31,36,1,0,119061442,3,0,0.049650986,0
it,Italy,Europe,89,2020-02-07,37,1,0,142460247,0,0,0,0
it,Italy,Europe,90,2020-02-14,38,1,0,128678337,0,0,0,0
it,Italy,Europe,91,2020-02-21,39,1,0,123290484,397,12,6.5704803,0.19860394
it,Italy,Europe,92,2020-02-28,40,1,0,121072134,2689,95,44.503834,1.5722812
it,Italy,Europe,93,2020-03-06,41,1,1,109811420,9373,720,155.12624,11.916237
it,Italy,Europe,94,2020-03-13,42,1,1,96414101,23251,2151,384.81171,35.599758
it,Italy,Europe,95,2020-03-20,43,1,1,91704486,38673,4527,640.05084,74.92334
it,Italy,Europe,96,2020-03-27,44,1,1,97418792,36188,5652,598.92328,93.542458
it,Italy,Europe,97,2020-04-03,45,1,1,93129213,28848,4512,477.44388,74.675087
it,Italy,Europe,98,2020-04-10,46,1,1,93894760,25733,3978,425.88962,65.837212
it,Italy,Europe,99,2020-04-17,47,1,1,88304818,22172,3438,366.95389,56.900032
it,Italy,Europe,100,2020-04-24,48,1,1,92763456,16264,2597,269.17456,42.981205
it,Italy,Europe,101,2020-05-01,49,1,1,92562170,10866,2002,179.83588,33.133759
it,Italy,Europe,102,2020-05-08,50,1,1,101291554,7647,1422,126.56036,23.534567
it,Italy,Europe,103,2020-05-15,51,1,1,100493476,5260,1224,87.054733,20.257603
it,Italy,Europe,104,2020-05-22,52,1,1,110397287,3775,742,62.477493,12.280344
jp,Japan,Asia,1,2018-06-01,1,0,0,11553232,0,0,0,0
jp,Japan,Asia,2,2018-06-08,2,0,0,11367641,0,0,0,0
jp,Japan,Asia,3,2018-06-15,3,0,0,11401313,0,0,0,0
jp,Japan,Asia,4,2018-06-22,4,0,0,11669634,0,0,0,0
jp,Japan,Asia,5,2018-06-29,5,0,0,11820520,0,0,0,0
jp,Japan,Asia,6,2018-07-06,6,0,0,11547561,0,0,0,0
jp,Japan,Asia,7,2018-07-13,7,0,0,11894389,0,0,0,0
jp,Japan,Asia,8,2018-07-20,8,0,0,11843683,0,0,0,0
jp,Japan,Asia,9,2018-07-27,9,0,0,11793494,0,0,0,0
jp,Japan,Asia,10,2018-08-03,10,0,0,11807613,0,0,0,0
jp,Japan,Asia,11,2018-08-10,11,0,0,12075892,0,0,0,0
jp,Japan,Asia,12,2018-08-17,12,0,0,12113403,0,0,0,0
jp,Japan,Asia,13,2018-08-24,13,0,0,12515075,0,0,0,0
jp,Japan,Asia,14,2018-08-31,14,0,0,11953565,0,0,0,0
jp,Japan,Asia,15,2018-09-07,15,0,0,12448691,0,0,0,0
jp,Japan,Asia,16,2018-09-14,16,0,0,13100463,0,0,0,0
jp,Japan,Asia,17,2018-09-21,17,0,0,13659163,0,0,0,0
jp,Japan,Asia,18,2018-09-28,18,0,0,12910047,0,0,0,0
jp,Japan,Asia,19,2018-10-05,19,0,0,13192033,0,0,0,0
jp,Japan,Asia,20,2018-10-12,20,0,0,13302590,0,0,0,0
jp,Japan,Asia,21,2018-10-19,21,0,0,13149384,0,0,0,0
jp,Japan,Asia,22,2018-10-26,22,0,0,13120216,0,0,0,0
jp,Japan,Asia,23,2018-11-02,23,0,0,13580602,0,0,0,0
jp,Japan,Asia,24,2018-11-09,24,0,0,14712504,0,0,0,0
jp,Japan,Asia,25,2018-11-16,25,0,0,14600291,0,0,0,0
jp,Japan,Asia,26,2018-11-23,26,0,0,15219013,0,0,0,0
jp,Japan,Asia,27,2018-11-30,27,0,0,15245844,0,0,0,0
jp,Japan,Asia,28,2018-12-07,28,0,0,15264836,0,0,0,0
jp,Japan,Asia,29,2018-12-14,29,0,0,15831462,0,0,0,0
jp,Japan,Asia,30,2018-12-21,30,0,0,17308886,0,0,0,0
jp,Japan,Asia,31,2018-12-28,31,0,0,15211162,0,0,0,0
jp,Japan,Asia,32,2019-01-04,32,0,0,16176481,0,0,0,0
jp,Japan,Asia,33,2019-01-11,33,0,0,16457069,0,0,0,0
jp,Japan,Asia,34,2019-01-18,34,0,0,17107714,0,0,0,0
jp,Japan,Asia,35,2019-01-25,35,0,0,16754956,0,0,0,0
jp,Japan,Asia,36,2019-02-01,36,0,0,17173319,0,0,0,0
jp,Japan,Asia,37,2019-02-08,37,0,0,17659384,0,0,0,0
jp,Japan,Asia,38,2019-02-15,38,0,0,19363775,0,0,0,0
jp,Japan,Asia,39,2019-02-22,39,0,0,19040691,0,0,0,0
jp,Japan,Asia,40,2019-03-01,40,0,0,18363852,0,0,0,0
jp,Japan,Asia,41,2019-03-08,41,0,1,18193743,0,0,0,0
jp,Japan,Asia,42,2019-03-15,42,0,1,18369782,0,0,0,0
jp,Japan,Asia,43,2019-03-22,43,0,1,18482936,0,0,0,0
jp,Japan,Asia,44,2019-03-29,44,0,1,18400450,0,0,0,0
jp,Japan,Asia,45,2019-04-05,45,0,1,19223449,0,0,0,0
jp,Japan,Asia,46,2019-04-12,46,0,1,20416798,0,0,0,0
jp,Japan,Asia,47,2019-04-19,47,0,1,20331514,0,0,0,0
jp,Japan,Asia,48,2019-04-26,48,0,1,20399430,0,0,0,0
jp,Japan,Asia,49,2019-05-03,49,0,1,20046952,0,0,0,0
jp,Japan,Asia,50,2019-05-10,50,0,1,20696808,0,0,0,0
jp,Japan,Asia,51,2019-05-17,51,0,1,20779223,0,0,0,0
jp,Japan,Asia,52,2019-05-24,52,0,1,20718917,0,0,0,0
jp,Japan,Asia,53,2019-05-31,1,1,0,20883108,0,0,0,0
jp,Japan,Asia,54,2019-06-07,2,1,0,22180169,0,0,0,0
jp,Japan,Asia,55,2019-06-14,3,1,0,23704709,0,0,0,0
jp,Japan,Asia,56,2019-06-21,4,1,0,25165345,0,0,0,0
jp,Japan,Asia,57,2019-06-28,5,1,0,25608604,0,0,0,0
jp,Japan,Asia,58,2019-07-05,6,1,0,25524056,0,0,0,0
jp,Japan,Asia,59,2019-07-12,7,1,0,26599860,0,0,0,0
jp,Japan,Asia,60,2019-07-19,8,1,0,26820228,0,0,0,0
jp,Japan,Asia,61,2019-07-26,9,1,0,27317981,0,0,0,0
jp,Japan,Asia,62,2019-08-02,10,1,0,27663439,0,0,0,0
jp,Japan,Asia,63,2019-08-09,11,1,0,27511648,0,0,0,0
jp,Japan,Asia,64,2019-08-16,12,1,0,27241926,0,0,0,0
jp,Japan,Asia,65,2019-08-23,13,1,0,27758360,0,0,0,0
jp,Japan,Asia,66,2019-08-30,14,1,0,28676375,0,0,0,0
jp,Japan,Asia,67,2019-09-06,15,1,0,28999810,0,0,0,0
jp,Japan,Asia,68,2019-09-13,16,1,0,32358342,0,0,0,0
jp,Japan,Asia,69,2019-09-20,17,1,0,31462106,0,0,0,0
jp,Japan,Asia,70,2019-09-27,18,1,0,31444843,0,0,0,0
jp,Japan,Asia,71,2019-10-04,19,1,0,32634013,0,0,0,0
jp,Japan,Asia,72,2019-10-11,20,1,0,32072595,0,0,0,0
jp,Japan,Asia,73,2019-10-18,21,1,0,33886643,0,0,0,0
jp,Japan,Asia,74,2019-10-25,22,1,0,33240897,0,0,0,0
jp,Japan,Asia,75,2019-11-01,23,1,0,34801175,0,0,0,0
jp,Japan,Asia,76,2019-11-08,24,1,0,34468279,0,0,0,0
jp,Japan,Asia,77,2019-11-15,25,1,0,34677405,0,0,0,0
jp,Japan,Asia,78,2019-11-22,26,1,0,35101029,0,0,0,0
jp,Japan,Asia,79,2019-11-29,27,1,0,37302769,0,0,0,0
jp,Japan,Asia,80,2019-12-06,28,1,0,37197958,0,0,0,0
jp,Japan,Asia,81,2019-12-13,29,1,0,38442257,0,0,0,0
jp,Japan,Asia,82,2019-12-20,30,1,0,40440009,0,0,0,0
jp,Japan,Asia,83,2019-12-27,31,1,0,38379148,0,0,0,0
jp,Japan,Asia,84,2020-01-03,32,1,0,41616845,0,0,0,0
jp,Japan,Asia,85,2020-01-10,33,1,0,43864051,1,0,0.007903321,0
jp,Japan,Asia,86,2020-01-17,34,1,0,46641723,0,0,0,0
jp,Japan,Asia,87,2020-01-24,35,1,0,45391838,10,0,0.079033203,0
jp,Japan,Asia,88,2020-01-31,36,1,0,44706597,14,0,0.11064649,0
jp,Japan,Asia,89,2020-02-07,37,1,0,46459564,4,1,0.031613283,0.007903321
jp,Japan,Asia,90,2020-02-14,38,1,0,48220914,55,0,0.43468261,0
jp,Japan,Asia,91,2020-02-21,39,1,0,49840570,102,2,0.80613869,0.015806641
jp,Japan,Asia,92,2020-02-28,40,1,0,47738110,131,3,1.0353349,0.02370996
jp,Japan,Asia,93,2020-03-06,41,1,1,48488977,302,9,2.3868027,0.071129881
jp,Japan,Asia,94,2020-03-13,42,1,1,48942067,254,14,2.0074434,0.11064649
jp,Japan,Asia,95,2020-03-20,43,1,1,50003088,395,16,3.1218114,0.12645313
jp,Japan,Asia,96,2020-03-27,44,1,1,47779482,910,12,7.1920214,0.094839841
jp,Japan,Asia,97,2020-04-03,45,1,1,48037201,2590,28,20.469599,0.22129297
jp,Japan,Asia,98,2020-04-10,46,1,1,48286721,3814,51,30.143263,0.40306935
jp,Japan,Asia,99,2020-04-17,47,1,1,48534390,3190,151,25.211592,1.1934013
jp,Japan,Asia,100,2020-04-24,48,1,1,50099835,2316,128,18.30409,1.0116251
jp,Japan,Asia,101,2020-05-01,49,1,1,49471642,1375,136,10.867065,1.0748515
jp,Japan,Asia,102,2020-05-08,50,1,1,50407131,616,136,4.8684454,1.0748515
jp,Japan,Asia,103,2020-05-15,51,1,1,51875244,345,90,2.7266455,0.71129882
jp,Japan,Asia,104,2020-05-22,52,1,1,53519906,227,81,1.7940537,0.64016896
lt,Lithuania,Europe,1,2018-06-01,1,0,0,1402992,0,0,0,0
lt,Lithuania,Europe,2,2018-06-08,2,0,0,1387139,0,0,0,0
lt,Lithuania,Europe,3,2018-06-15,3,0,0,1476794,0,0,0,0
lt,Lithuania,Europe,4,2018-06-22,4,0,0,1455823,0,0,0,0
lt,Lithuania,Europe,5,2018-06-29,5,0,0,1532619,0,0,0,0
lt,Lithuania,Europe,6,2018-07-06,6,0,0,1396417,0,0,0,0
lt,Lithuania,Europe,7,2018-07-13,7,0,0,1465872,0,0,0,0
lt,Lithuania,Europe,8,2018-07-20,8,0,0,1430491,0,0,0,0
lt,Lithuania,Europe,9,2018-07-27,9,0,0,1403947,0,0,0,0
lt,Lithuania,Europe,10,2018-08-03,10,0,0,1436052,0,0,0,0
lt,Lithuania,Europe,11,2018-08-10,11,0,0,1344110,0,0,0,0
lt,Lithuania,Europe,12,2018-08-17,12,0,0,1460466,0,0,0,0
lt,Lithuania,Europe,13,2018-08-24,13,0,0,1420563,0,0,0,0
lt,Lithuania,Europe,14,2018-08-31,14,0,0,1465384,0,0,0,0
lt,Lithuania,Europe,15,2018-09-07,15,0,0,1428749,0,0,0,0
lt,Lithuania,Europe,16,2018-09-14,16,0,0,1434227,0,0,0,0
lt,Lithuania,Europe,17,2018-09-21,17,0,0,1381935,0,0,0,0
lt,Lithuania,Europe,18,2018-09-28,18,0,0,1378941,0,0,0,0
lt,Lithuania,Europe,19,2018-10-05,19,0,0,1412854,0,0,0,0
lt,Lithuania,Europe,20,2018-10-12,20,0,0,1373358,0,0,0,0
lt,Lithuania,Europe,21,2018-10-19,21,0,0,1368318,0,0,0,0
lt,Lithuania,Europe,22,2018-10-26,22,0,0,1380087,0,0,0,0
lt,Lithuania,Europe,23,2018-11-02,23,0,0,1376464,0,0,0,0
lt,Lithuania,Europe,24,2018-11-09,24,0,0,1474008,0,0,0,0
lt,Lithuania,Europe,25,2018-11-16,25,0,0,1450165,0,0,0,0
lt,Lithuania,Europe,26,2018-11-23,26,0,0,1423023,0,0,0,0
lt,Lithuania,Europe,27,2018-11-30,27,0,0,1573610,0,0,0,0
lt,Lithuania,Europe,28,2018-12-07,28,0,0,1578519,0,0,0,0
lt,Lithuania,Europe,29,2018-12-14,29,0,0,1637442,0,0,0,0
lt,Lithuania,Europe,30,2018-12-21,30,0,0,1925106,0,0,0,0
lt,Lithuania,Europe,31,2018-12-28,31,0,0,1296156,0,0,0,0
lt,Lithuania,Europe,32,2019-01-04,32,0,0,1331264,0,0,0,0
lt,Lithuania,Europe,33,2019-01-11,33,0,0,1421933,0,0,0,0
lt,Lithuania,Europe,34,2019-01-18,34,0,0,1470622,0,0,0,0
lt,Lithuania,Europe,35,2019-01-25,35,0,0,1495491,0,0,0,0
lt,Lithuania,Europe,36,2019-02-01,36,0,0,1555768,0,0,0,0
lt,Lithuania,Europe,37,2019-02-08,37,0,0,1669170,0,0,0,0
lt,Lithuania,Europe,38,2019-02-15,38,0,0,1582957,0,0,0,0
lt,Lithuania,Europe,39,2019-02-22,39,0,0,1446496,0,0,0,0
lt,Lithuania,Europe,40,2019-03-01,40,0,0,1456301,0,0,0,0
lt,Lithuania,Europe,41,2019-03-08,41,0,1,1415367,0,0,0,0
lt,Lithuania,Europe,42,2019-03-15,42,0,1,1381362,0,0,0,0
lt,Lithuania,Europe,43,2019-03-22,43,0,1,1395107,0,0,0,0
lt,Lithuania,Europe,44,2019-03-29,44,0,1,1650681,0,0,0,0
lt,Lithuania,Europe,45,2019-04-05,45,0,1,1563408,0,0,0,0
lt,Lithuania,Europe,46,2019-04-12,46,0,1,1599330,0,0,0,0
lt,Lithuania,Europe,47,2019-04-19,47,0,1,1513961,0,0,0,0
lt,Lithuania,Europe,48,2019-04-26,48,0,1,1465858,0,0,0,0
lt,Lithuania,Europe,49,2019-05-03,49,0,1,1426942,0,0,0,0
lt,Lithuania,Europe,50,2019-05-10,50,0,1,1464756,0,0,0,0
lt,Lithuania,Europe,51,2019-05-17,51,0,1,1921421,0,0,0,0
lt,Lithuania,Europe,52,2019-05-24,52,0,1,1672974,0,0,0,0
lt,Lithuania,Europe,53,2019-05-31,1,1,0,1598777,0,0,0,0
lt,Lithuania,Europe,54,2019-06-07,2,1,0,1582144,0,0,0,0
lt,Lithuania,Europe,55,2019-06-14,3,1,0,1620192,0,0,0,0
lt,Lithuania,Europe,56,2019-06-21,4,1,0,1686813,0,0,0,0
lt,Lithuania,Europe,57,2019-06-28,5,1,0,1735171,0,0,0,0
lt,Lithuania,Europe,58,2019-07-05,6,1,0,1690497,0,0,0,0
lt,Lithuania,Europe,59,2019-07-12,7,1,0,1714749,0,0,0,0
lt,Lithuania,Europe,60,2019-07-19,8,1,0,1655558,0,0,0,0
lt,Lithuania,Europe,61,2019-07-26,9,1,0,1599724,0,0,0,0
lt,Lithuania,Europe,62,2019-08-02,10,1,0,1569353,0,0,0,0
lt,Lithuania,Europe,63,2019-08-09,11,1,0,1576894,0,0,0,0
lt,Lithuania,Europe,64,2019-08-16,12,1,0,1575762,0,0,0,0
lt,Lithuania,Europe,65,2019-08-23,13,1,0,1554713,0,0,0,0
lt,Lithuania,Europe,66,2019-08-30,14,1,0,1557955,0,0,0,0
lt,Lithuania,Europe,67,2019-09-06,15,1,0,1648345,0,0,0,0
lt,Lithuania,Europe,68,2019-09-13,16,1,0,1690078,0,0,0,0
lt,Lithuania,Europe,69,2019-09-20,17,1,0,1590566,0,0,0,0
lt,Lithuania,Europe,70,2019-09-27,18,1,0,1543038,0,0,0,0
lt,Lithuania,Europe,71,2019-10-04,19,1,0,1606318,0,0,0,0
lt,Lithuania,Europe,72,2019-10-11,20,1,0,1627067,0,0,0,0
lt,Lithuania,Europe,73,2019-10-18,21,1,0,1655268,0,0,0,0
lt,Lithuania,Europe,74,2019-10-25,22,1,0,1982127,0,0,0,0
lt,Lithuania,Europe,75,2019-11-01,23,1,0,1695818,0,0,0,0
lt,Lithuania,Europe,76,2019-11-08,24,1,0,1664925,0,0,0,0
lt,Lithuania,Europe,77,2019-11-15,25,1,0,1706505,0,0,0,0
lt,Lithuania,Europe,78,2019-11-22,26,1,0,1634108,0,0,0,0
lt,Lithuania,Europe,79,2019-11-29,27,1,0,1819204,0,0,0,0
lt,Lithuania,Europe,80,2019-12-06,28,1,0,1948932,0,0,0,0
lt,Lithuania,Europe,81,2019-12-13,29,1,0,2091907,0,0,0,0
lt,Lithuania,Europe,82,2019-12-20,30,1,0,2430701,0,0,0,0
lt,Lithuania,Europe,83,2019-12-27,31,1,0,1695166,0,0,0,0
lt,Lithuania,Europe,84,2020-01-03,32,1,0,1730727,0,0,0,0
lt,Lithuania,Europe,85,2020-01-10,33,1,0,1873913,0,0,0,0
lt,Lithuania,Europe,86,2020-01-17,34,1,0,2045313,0,0,0,0
lt,Lithuania,Europe,87,2020-01-24,35,1,0,1904429,0,0,0,0
lt,Lithuania,Europe,88,2020-01-31,36,1,0,1944064,0,0,0,0
lt,Lithuania,Europe,89,2020-02-07,37,1,0,1976482,0,0,0,0
lt,Lithuania,Europe,90,2020-02-14,38,1,0,2127992,0,0,0,0
lt,Lithuania,Europe,91,2020-02-21,39,1,0,2148545,0,0,0,0
lt,Lithuania,Europe,92,2020-02-28,40,1,0,1972503,1,0,0.35694614,0
lt,Lithuania,Europe,93,2020-03-06,41,1,1,1955978,0,0,0,0
lt,Lithuania,Europe,94,2020-03-13,42,1,1,1799443,0,0,0,0
lt,Lithuania,Europe,95,2020-03-20,43,1,1,1863418,241,4,86.024025,1.4277846
lt,Lithuania,Europe,96,2020-03-27,44,1,1,1921603,307,4,109.58247,1.4277846
lt,Lithuania,Europe,97,2020-04-03,45,1,1,1885396,331,7,118.14918,2.4986231
lt,Lithuania,Europe,98,2020-04-10,46,1,1,1768539,179,14,63.89336,4.9972463
lt,Lithuania,Europe,99,2020-04-17,47,1,1,1889213,307,9,109.58247,3.2125154
lt,Lithuania,Europe,100,2020-04-24,48,1,1,1921199,0,7,0,2.4986231
lt,Lithuania,Europe,101,2020-05-01,49,1,1,1873079,53,3,18.918146,1.0708385
lt,Lithuania,Europe,102,2020-05-08,50,1,1,1917123,77,6,27.484854,2.1416769
lt,Lithuania,Europe,103,2020-05-15,51,1,1,1873507,72,6,25.700123,2.1416769
lt,Lithuania,Europe,104,2020-05-22,52,1,1,1992334,70,6,24.986231,2.1416769
lu,Luxembourg,Europe,1,2018-06-01,1,0,0,765006,0,0,0,0
lu,Luxembourg,Europe,2,2018-06-08,2,0,0,740573,0,0,0,0
lu,Luxembourg,Europe,3,2018-06-15,3,0,0,842197,0,0,0,0
lu,Luxembourg,Europe,4,2018-06-22,4,0,0,815929,0,0,0,0
lu,Luxembourg,Europe,5,2018-06-29,5,0,0,916390,0,0,0,0
lu,Luxembourg,Europe,6,2018-07-06,6,0,0,846430,0,0,0,0
lu,Luxembourg,Europe,7,2018-07-13,7,0,0,861471,0,0,0,0
lu,Luxembourg,Europe,8,2018-07-20,8,0,0,824718,0,0,0,0
lu,Luxembourg,Europe,9,2018-07-27,9,0,0,811629,0,0,0,0
lu,Luxembourg,Europe,10,2018-08-03,10,0,0,861239,0,0,0,0
lu,Luxembourg,Europe,11,2018-08-10,11,0,0,756960,0,0,0,0
lu,Luxembourg,Europe,12,2018-08-17,12,0,0,761747,0,0,0,0
lu,Luxembourg,Europe,13,2018-08-24,13,0,0,736943,0,0,0,0
lu,Luxembourg,Europe,14,2018-08-31,14,0,0,796085,0,0,0,0
lu,Luxembourg,Europe,15,2018-09-07,15,0,0,775400,0,0,0,0
lu,Luxembourg,Europe,16,2018-09-14,16,0,0,800165,0,0,0,0
lu,Luxembourg,Europe,17,2018-09-21,17,0,0,812493,0,0,0,0
lu,Luxembourg,Europe,18,2018-09-28,18,0,0,855043,0,0,0,0
lu,Luxembourg,Europe,19,2018-10-05,19,0,0,908707,0,0,0,0
lu,Luxembourg,Europe,20,2018-10-12,20,0,0,862677,0,0,0,0
lu,Luxembourg,Europe,21,2018-10-19,21,0,0,831738,0,0,0,0
lu,Luxembourg,Europe,22,2018-10-26,22,0,0,808415,0,0,0,0
lu,Luxembourg,Europe,23,2018-11-02,23,0,0,787339,0,0,0,0
lu,Luxembourg,Europe,24,2018-11-09,24,0,0,825752,0,0,0,0
lu,Luxembourg,Europe,25,2018-11-16,25,0,0,801757,0,0,0,0
lu,Luxembourg,Europe,26,2018-11-23,26,0,0,843993,0,0,0,0
lu,Luxembourg,Europe,27,2018-11-30,27,0,0,862052,0,0,0,0
lu,Luxembourg,Europe,28,2018-12-07,28,0,0,850028,0,0,0,0
lu,Luxembourg,Europe,29,2018-12-14,29,0,0,897860,0,0,0,0
lu,Luxembourg,Europe,30,2018-12-21,30,0,0,1187170,0,0,0,0
lu,Luxembourg,Europe,31,2018-12-28,31,0,0,760588,0,0,0,0
lu,Luxembourg,Europe,32,2019-01-04,32,0,0,780760,0,0,0,0
lu,Luxembourg,Europe,33,2019-01-11,33,0,0,826142,0,0,0,0
lu,Luxembourg,Europe,34,2019-01-18,34,0,0,866919,0,0,0,0
lu,Luxembourg,Europe,35,2019-01-25,35,0,0,862226,0,0,0,0
lu,Luxembourg,Europe,36,2019-02-01,36,0,0,868970,0,0,0,0
lu,Luxembourg,Europe,37,2019-02-08,37,0,0,916694,0,0,0,0
lu,Luxembourg,Europe,38,2019-02-15,38,0,0,870145,0,0,0,0
lu,Luxembourg,Europe,39,2019-02-22,39,0,0,872477,0,0,0,0
lu,Luxembourg,Europe,40,2019-03-01,40,0,0,852618,0,0,0,0
lu,Luxembourg,Europe,41,2019-03-08,41,0,1,873383,0,0,0,0
lu,Luxembourg,Europe,42,2019-03-15,42,0,1,939575,0,0,0,0
lu,Luxembourg,Europe,43,2019-03-22,43,0,1,1003604,0,0,0,0
lu,Luxembourg,Europe,44,2019-03-29,44,0,1,975415,0,0,0,0
lu,Luxembourg,Europe,45,2019-04-05,45,0,1,1010776,0,0,0,0
lu,Luxembourg,Europe,46,2019-04-12,46,0,1,945648,0,0,0,0
lu,Luxembourg,Europe,47,2019-04-19,47,0,1,905885,0,0,0,0
lu,Luxembourg,Europe,48,2019-04-26,48,0,1,882621,0,0,0,0
lu,Luxembourg,Europe,49,2019-05-03,49,0,1,867807,0,0,0,0
lu,Luxembourg,Europe,50,2019-05-10,50,0,1,911888,0,0,0,0
lu,Luxembourg,Europe,51,2019-05-17,51,0,1,961722,0,0,0,0
lu,Luxembourg,Europe,52,2019-05-24,52,0,1,945823,0,0,0,0
lu,Luxembourg,Europe,53,2019-05-31,1,1,0,941148,0,0,0,0
lu,Luxembourg,Europe,54,2019-06-07,2,1,0,961161,0,0,0,0
lu,Luxembourg,Europe,55,2019-06-14,3,1,0,956347,0,0,0,0
lu,Luxembourg,Europe,56,2019-06-21,4,1,0,1023308,0,0,0,0
lu,Luxembourg,Europe,57,2019-06-28,5,1,0,1109492,0,0,0,0
lu,Luxembourg,Europe,58,2019-07-05,6,1,0,1038806,0,0,0,0
lu,Luxembourg,Europe,59,2019-07-12,7,1,0,1017610,0,0,0,0
lu,Luxembourg,Europe,60,2019-07-19,8,1,0,985220,0,0,0,0
lu,Luxembourg,Europe,61,2019-07-26,9,1,0,901149,0,0,0,0
lu,Luxembourg,Europe,62,2019-08-02,10,1,0,878622,0,0,0,0
lu,Luxembourg,Europe,63,2019-08-09,11,1,0,855975,0,0,0,0
lu,Luxembourg,Europe,64,2019-08-16,12,1,0,881444,0,0,0,0
lu,Luxembourg,Europe,65,2019-08-23,13,1,0,847892,0,0,0,0
lu,Luxembourg,Europe,66,2019-08-30,14,1,0,981332,0,0,0,0
lu,Luxembourg,Europe,67,2019-09-06,15,1,0,1044629,0,0,0,0
lu,Luxembourg,Europe,68,2019-09-13,16,1,0,934556,0,0,0,0
lu,Luxembourg,Europe,69,2019-09-20,17,1,0,946308,0,0,0,0
lu,Luxembourg,Europe,70,2019-09-27,18,1,0,918371,0,0,0,0
lu,Luxembourg,Europe,71,2019-10-04,19,1,0,1067031,0,0,0,0
lu,Luxembourg,Europe,72,2019-10-11,20,1,0,1051263,0,0,0,0
lu,Luxembourg,Europe,73,2019-10-18,21,1,0,1133479,0,0,0,0
lu,Luxembourg,Europe,74,2019-10-25,22,1,0,1566009,0,0,0,0
lu,Luxembourg,Europe,75,2019-11-01,23,1,0,1067427,0,0,0,0
lu,Luxembourg,Europe,76,2019-11-08,24,1,0,1034656,0,0,0,0
lu,Luxembourg,Europe,77,2019-11-15,25,1,0,934056,0,0,0,0
lu,Luxembourg,Europe,78,2019-11-22,26,1,0,936541,0,0,0,0
lu,Luxembourg,Europe,79,2019-11-29,27,1,0,1053652,0,0,0,0
lu,Luxembourg,Europe,80,2019-12-06,28,1,0,1092631,0,0,0,0
lu,Luxembourg,Europe,81,2019-12-13,29,1,0,1098928,0,0,0,0
lu,Luxembourg,Europe,82,2019-12-20,30,1,0,1451314,0,0,0,0
lu,Luxembourg,Europe,83,2019-12-27,31,1,0,935797,0,0,0,0
lu,Luxembourg,Europe,84,2020-01-03,32,1,0,971456,0,0,0,0
lu,Luxembourg,Europe,85,2020-01-10,33,1,0,1050028,0,0,0,0
lu,Luxembourg,Europe,86,2020-01-17,34,1,0,1123232,0,0,0,0
lu,Luxembourg,Europe,87,2020-01-24,35,1,0,1079456,0,0,0,0
lu,Luxembourg,Europe,88,2020-01-31,36,1,0,1048852,0,0,0,0
lu,Luxembourg,Europe,89,2020-02-07,37,1,0,1047979,0,0,0,0
lu,Luxembourg,Europe,90,2020-02-14,38,1,0,1072146,0,0,0,0
lu,Luxembourg,Europe,91,2020-02-21,39,1,0,1030158,0,0,0,0
lu,Luxembourg,Europe,92,2020-02-28,40,1,0,1036938,1,0,1.6448721,0
lu,Luxembourg,Europe,93,2020-03-06,41,1,1,1057353,0,0,0,0
lu,Luxembourg,Europe,94,2020-03-13,42,1,1,956372,203,2,333.90903,3.2897441
lu,Luxembourg,Europe,95,2020-03-20,43,1,1,892117,1123,6,1847.1914,9.8692331
lu,Luxembourg,Europe,96,2020-03-27,44,1,1,916830,986,21,1621.8439,34.542313
lu,Luxembourg,Europe,97,2020-04-03,45,1,1,930521,715,17,1176.0836,27.962826
lu,Luxembourg,Europe,98,2020-04-10,46,1,1,909296,339,23,557.61163,37.832058
lu,Luxembourg,Europe,99,2020-04-17,47,1,1,906814,281,11,462.20908,18.093594
lu,Luxembourg,Europe,100,2020-04-24,48,1,1,951629,115,9,189.16029,14.803849
lu,Luxembourg,Europe,101,2020-05-01,49,1,1,923775,82,9,134.87952,14.803849
lu,Luxembourg,Europe,102,2020-05-08,50,1,1,962702,53,5,87.178223,8.2243605
lu,Luxembourg,Europe,103,2020-05-15,51,1,1,1034509,67,6,110.20643,9.8692331
lu,Luxembourg,Europe,104,2020-05-22,52,1,1,988673,30,1,49.346165,1.6448721
lv,Latvia,Europe,1,2018-06-01,1,0,0,1476451,0,0,0,0
lv,Latvia,Europe,2,2018-06-08,2,0,0,1444399,0,0,0,0
lv,Latvia,Europe,3,2018-06-15,3,0,0,1530965,0,0,0,0
lv,Latvia,Europe,4,2018-06-22,4,0,0,1485444,0,0,0,0
lv,Latvia,Europe,5,2018-06-29,5,0,0,1580502,0,0,0,0
lv,Latvia,Europe,6,2018-07-06,6,0,0,1498294,0,0,0,0
lv,Latvia,Europe,7,2018-07-13,7,0,0,1586455,0,0,0,0
lv,Latvia,Europe,8,2018-07-20,8,0,0,1581095,0,0,0,0
lv,Latvia,Europe,9,2018-07-27,9,0,0,1546551,0,0,0,0
lv,Latvia,Europe,10,2018-08-03,10,0,0,1597084,0,0,0,0
lv,Latvia,Europe,11,2018-08-10,11,0,0,1551105,0,0,0,0
lv,Latvia,Europe,12,2018-08-17,12,0,0,1602739,0,0,0,0
lv,Latvia,Europe,13,2018-08-24,13,0,0,1507392,0,0,0,0
lv,Latvia,Europe,14,2018-08-31,14,0,0,1629058,0,0,0,0
lv,Latvia,Europe,15,2018-09-07,15,0,0,1602453,0,0,0,0
lv,Latvia,Europe,16,2018-09-14,16,0,0,1603317,0,0,0,0
lv,Latvia,Europe,17,2018-09-21,17,0,0,1558056,0,0,0,0
lv,Latvia,Europe,18,2018-09-28,18,0,0,1540181,0,0,0,0
lv,Latvia,Europe,19,2018-10-05,19,0,0,1578153,0,0,0,0
lv,Latvia,Europe,20,2018-10-12,20,0,0,1513240,0,0,0,0
lv,Latvia,Europe,21,2018-10-19,21,0,0,1507267,0,0,0,0
lv,Latvia,Europe,22,2018-10-26,22,0,0,1440885,0,0,0,0
lv,Latvia,Europe,23,2018-11-02,23,0,0,1470718,0,0,0,0
lv,Latvia,Europe,24,2018-11-09,24,0,0,1571213,0,0,0,0
lv,Latvia,Europe,25,2018-11-16,25,0,0,1410150,0,0,0,0
lv,Latvia,Europe,26,2018-11-23,26,0,0,1459286,0,0,0,0
lv,Latvia,Europe,27,2018-11-30,27,0,0,1566746,0,0,0,0
lv,Latvia,Europe,28,2018-12-07,28,0,0,1639380,0,0,0,0
lv,Latvia,Europe,29,2018-12-14,29,0,0,1702020,0,0,0,0
lv,Latvia,Europe,30,2018-12-21,30,0,0,2069663,0,0,0,0
lv,Latvia,Europe,31,2018-12-28,31,0,0,1350797,0,0,0,0
lv,Latvia,Europe,32,2019-01-04,32,0,0,1431936,0,0,0,0
lv,Latvia,Europe,33,2019-01-11,33,0,0,1523738,0,0,0,0
lv,Latvia,Europe,34,2019-01-18,34,0,0,1563297,0,0,0,0
lv,Latvia,Europe,35,2019-01-25,35,0,0,1562356,0,0,0,0
lv,Latvia,Europe,36,2019-02-01,36,0,0,1637416,0,0,0,0
lv,Latvia,Europe,37,2019-02-08,37,0,0,1683269,0,0,0,0
lv,Latvia,Europe,38,2019-02-15,38,0,0,1616744,0,0,0,0
lv,Latvia,Europe,39,2019-02-22,39,0,0,1546316,0,0,0,0
lv,Latvia,Europe,40,2019-03-01,40,0,0,1545445,0,0,0,0
lv,Latvia,Europe,41,2019-03-08,41,0,1,1558567,0,0,0,0
lv,Latvia,Europe,42,2019-03-15,42,0,1,1493191,0,0,0,0
lv,Latvia,Europe,43,2019-03-22,43,0,1,1508417,0,0,0,0
lv,Latvia,Europe,44,2019-03-29,44,0,1,1752311,0,0,0,0
lv,Latvia,Europe,45,2019-04-05,45,0,1,1632271,0,0,0,0
lv,Latvia,Europe,46,2019-04-12,46,0,1,1633969,0,0,0,0
lv,Latvia,Europe,47,2019-04-19,47,0,1,1478013,0,0,0,0
lv,Latvia,Europe,48,2019-04-26,48,0,1,1555935,0,0,0,0
lv,Latvia,Europe,49,2019-05-03,49,0,1,1471255,0,0,0,0
lv,Latvia,Europe,50,2019-05-10,50,0,1,1463143,0,0,0,0
lv,Latvia,Europe,51,2019-05-17,51,0,1,1677205,0,0,0,0
lv,Latvia,Europe,52,2019-05-24,52,0,1,1595501,0,0,0,0
lv,Latvia,Europe,53,2019-05-31,1,1,0,1563491,0,0,0,0
lv,Latvia,Europe,54,2019-06-07,2,1,0,1492461,0,0,0,0
lv,Latvia,Europe,55,2019-06-14,3,1,0,1513979,0,0,0,0
lv,Latvia,Europe,56,2019-06-21,4,1,0,1566022,0,0,0,0
lv,Latvia,Europe,57,2019-06-28,5,1,0,1618032,0,0,0,0
lv,Latvia,Europe,58,2019-07-05,6,1,0,1617909,0,0,0,0
lv,Latvia,Europe,59,2019-07-12,7,1,0,1731853,0,0,0,0
lv,Latvia,Europe,60,2019-07-19,8,1,0,1613663,0,0,0,0
lv,Latvia,Europe,61,2019-07-26,9,1,0,1550391,0,0,0,0
lv,Latvia,Europe,62,2019-08-02,10,1,0,1557844,0,0,0,0
lv,Latvia,Europe,63,2019-08-09,11,1,0,1554889,0,0,0,0
lv,Latvia,Europe,64,2019-08-16,12,1,0,1514440,0,0,0,0
lv,Latvia,Europe,65,2019-08-23,13,1,0,1507043,0,0,0,0
lv,Latvia,Europe,66,2019-08-30,14,1,0,1546958,0,0,0,0
lv,Latvia,Europe,67,2019-09-06,15,1,0,1698988,0,0,0,0
lv,Latvia,Europe,68,2019-09-13,16,1,0,1704870,0,0,0,0
lv,Latvia,Europe,69,2019-09-20,17,1,0,1604981,0,0,0,0
lv,Latvia,Europe,70,2019-09-27,18,1,0,1568888,0,0,0,0
lv,Latvia,Europe,71,2019-10-04,19,1,0,1612627,0,0,0,0
lv,Latvia,Europe,72,2019-10-11,20,1,0,1631489,0,0,0,0
lv,Latvia,Europe,73,2019-10-18,21,1,0,1648754,0,0,0,0
lv,Latvia,Europe,74,2019-10-25,22,1,0,1687822,0,0,0,0
lv,Latvia,Europe,75,2019-11-01,23,1,0,1603599,0,0,0,0
lv,Latvia,Europe,76,2019-11-08,24,1,0,1584102,0,0,0,0
lv,Latvia,Europe,77,2019-11-15,25,1,0,1596389,0,0,0,0
lv,Latvia,Europe,78,2019-11-22,26,1,0,1584636,0,0,0,0
lv,Latvia,Europe,79,2019-11-29,27,1,0,1740762,0,0,0,0
lv,Latvia,Europe,80,2019-12-06,28,1,0,1868821,0,0,0,0
lv,Latvia,Europe,81,2019-12-13,29,1,0,1961901,0,0,0,0
lv,Latvia,Europe,82,2019-12-20,30,1,0,2359866,0,0,0,0
lv,Latvia,Europe,83,2019-12-27,31,1,0,1630351,0,0,0,0
lv,Latvia,Europe,84,2020-01-03,32,1,0,1711983,0,0,0,0
lv,Latvia,Europe,85,2020-01-10,33,1,0,1851170,0,0,0,0
lv,Latvia,Europe,86,2020-01-17,34,1,0,2034094,0,0,0,0
lv,Latvia,Europe,87,2020-01-24,35,1,0,1858006,0,0,0,0
lv,Latvia,Europe,88,2020-01-31,36,1,0,1814672,0,0,0,0
lv,Latvia,Europe,89,2020-02-07,37,1,0,1809120,0,0,0,0
lv,Latvia,Europe,90,2020-02-14,38,1,0,1774030,0,0,0,0
lv,Latvia,Europe,91,2020-02-21,39,1,0,1841018,0,0,0,0
lv,Latvia,Europe,92,2020-02-28,40,1,0,1775143,0,0,0,0
lv,Latvia,Europe,93,2020-03-06,41,1,1,1797836,0,0,0,0
lv,Latvia,Europe,94,2020-03-13,42,1,1,1751652,61,0,31.652565,0
lv,Latvia,Europe,95,2020-03-20,43,1,1,1843341,150,0,77.834175,0
lv,Latvia,Europe,96,2020-03-27,44,1,1,1750953,225,0,116.75127,0
lv,Latvia,Europe,97,2020-04-03,45,1,1,1782999,131,2,67.975182,1.037789
lv,Latvia,Europe,98,2020-04-10,46,1,1,1671534,89,3,46.18161,1.5566835
lv,Latvia,Europe,99,2020-04-17,47,1,1,1789521,95,6,49.294979,3.1133671
lv,Latvia,Europe,100,2020-04-24,48,1,1,1775571,88,4,45.662716,2.075578
lv,Latvia,Europe,101,2020-05-01,49,1,1,1685276,51,2,26.463619,1.037789
lv,Latvia,Europe,102,2020-05-08,50,1,1,1752075,51,2,26.463619,1.037789
lv,Latvia,Europe,103,2020-05-15,51,1,1,1708411,65,2,33.728142,1.037789
lv,Latvia,Europe,104,2020-05-22,52,1,1,1778378,41,2,21.274675,1.037789
mt,Malta,Europe,1,2018-06-01,1,0,0,989838,0,0,0,0
mt,Malta,Europe,2,2018-06-08,2,0,0,968452,0,0,0,0
mt,Malta,Europe,3,2018-06-15,3,0,0,1017078,0,0,0,0
mt,Malta,Europe,4,2018-06-22,4,0,0,1000010,0,0,0,0
mt,Malta,Europe,5,2018-06-29,5,0,0,1016896,0,0,0,0
mt,Malta,Europe,6,2018-07-06,6,0,0,963268,0,0,0,0
mt,Malta,Europe,7,2018-07-13,7,0,0,963984,0,0,0,0
mt,Malta,Europe,8,2018-07-20,8,0,0,951386,0,0,0,0
mt,Malta,Europe,9,2018-07-27,9,0,0,928650,0,0,0,0
mt,Malta,Europe,10,2018-08-03,10,0,0,943318,0,0,0,0
mt,Malta,Europe,11,2018-08-10,11,0,0,888809,0,0,0,0
mt,Malta,Europe,12,2018-08-17,12,0,0,932601,0,0,0,0
mt,Malta,Europe,13,2018-08-24,13,0,0,944561,0,0,0,0
mt,Malta,Europe,14,2018-08-31,14,0,0,1025455,0,0,0,0
mt,Malta,Europe,15,2018-09-07,15,0,0,1030530,0,0,0,0
mt,Malta,Europe,16,2018-09-14,16,0,0,1009698,0,0,0,0
mt,Malta,Europe,17,2018-09-21,17,0,0,1010563,0,0,0,0
mt,Malta,Europe,18,2018-09-28,18,0,0,1044766,0,0,0,0
mt,Malta,Europe,19,2018-10-05,19,0,0,1066174,0,0,0,0
mt,Malta,Europe,20,2018-10-12,20,0,0,1106695,0,0,0,0
mt,Malta,Europe,21,2018-10-19,21,0,0,1139638,0,0,0,0
mt,Malta,Europe,22,2018-10-26,22,0,0,1144080,0,0,0,0
mt,Malta,Europe,23,2018-11-02,23,0,0,1158963,0,0,0,0
mt,Malta,Europe,24,2018-11-09,24,0,0,1195517,0,0,0,0
mt,Malta,Europe,25,2018-11-16,25,0,0,1131201,0,0,0,0
mt,Malta,Europe,26,2018-11-23,26,0,0,1080762,0,0,0,0
mt,Malta,Europe,27,2018-11-30,27,0,0,1113988,0,0,0,0
mt,Malta,Europe,28,2018-12-07,28,0,0,1100875,0,0,0,0
mt,Malta,Europe,29,2018-12-14,29,0,0,1128843,0,0,0,0
mt,Malta,Europe,30,2018-12-21,30,0,0,1245070,0,0,0,0
mt,Malta,Europe,31,2018-12-28,31,0,0,901819,0,0,0,0
mt,Malta,Europe,32,2019-01-04,32,0,0,946181,0,0,0,0
mt,Malta,Europe,33,2019-01-11,33,0,0,992090,0,0,0,0
mt,Malta,Europe,34,2019-01-18,34,0,0,1063020,0,0,0,0
mt,Malta,Europe,35,2019-01-25,35,0,0,1055599,0,0,0,0
mt,Malta,Europe,36,2019-02-01,36,0,0,1102133,0,0,0,0
mt,Malta,Europe,37,2019-02-08,37,0,0,1208576,0,0,0,0
mt,Malta,Europe,38,2019-02-15,38,0,0,1172752,0,0,0,0
mt,Malta,Europe,39,2019-02-22,39,0,0,1116050,0,0,0,0
mt,Malta,Europe,40,2019-03-01,40,0,0,1119892,0,0,0,0
mt,Malta,Europe,41,2019-03-08,41,0,1,1103320,0,0,0,0
mt,Malta,Europe,42,2019-03-15,42,0,1,993984,0,0,0,0
mt,Malta,Europe,43,2019-03-22,43,0,1,999127,0,0,0,0
mt,Malta,Europe,44,2019-03-29,44,0,1,1039410,0,0,0,0
mt,Malta,Europe,45,2019-04-05,45,0,1,956559,0,0,0,0
mt,Malta,Europe,46,2019-04-12,46,0,1,908389,0,0,0,0
mt,Malta,Europe,47,2019-04-19,47,0,1,801367,0,0,0,0
mt,Malta,Europe,48,2019-04-26,48,0,1,796997,0,0,0,0
mt,Malta,Europe,49,2019-05-03,49,0,1,770842,0,0,0,0
mt,Malta,Europe,50,2019-05-10,50,0,1,778426,0,0,0,0
mt,Malta,Europe,51,2019-05-17,51,0,1,938028,0,0,0,0
mt,Malta,Europe,52,2019-05-24,52,0,1,865373,0,0,0,0
mt,Malta,Europe,53,2019-05-31,1,1,0,853108,0,0,0,0
mt,Malta,Europe,54,2019-06-07,2,1,0,803705,0,0,0,0
mt,Malta,Europe,55,2019-06-14,3,1,0,819186,0,0,0,0
mt,Malta,Europe,56,2019-06-21,4,1,0,890588,0,0,0,0
mt,Malta,Europe,57,2019-06-28,5,1,0,898558,0,0,0,0
mt,Malta,Europe,58,2019-07-05,6,1,0,883758,0,0,0,0
mt,Malta,Europe,59,2019-07-12,7,1,0,889440,0,0,0,0
mt,Malta,Europe,60,2019-07-19,8,1,0,852336,0,0,0,0
mt,Malta,Europe,61,2019-07-26,9,1,0,826092,0,0,0,0
mt,Malta,Europe,62,2019-08-02,10,1,0,831546,0,0,0,0
mt,Malta,Europe,63,2019-08-09,11,1,0,780564,0,0,0,0
mt,Malta,Europe,64,2019-08-16,12,1,0,799956,0,0,0,0
mt,Malta,Europe,65,2019-08-23,13,1,0,778229,0,0,0,0
mt,Malta,Europe,66,2019-08-30,14,1,0,799189,0,0,0,0
mt,Malta,Europe,67,2019-09-06,15,1,0,885465,0,0,0,0
mt,Malta,Europe,68,2019-09-13,16,1,0,846153,0,0,0,0
mt,Malta,Europe,69,2019-09-20,17,1,0,780194,0,0,0,0
mt,Malta,Europe,70,2019-09-27,18,1,0,787529,0,0,0,0
mt,Malta,Europe,71,2019-10-04,19,1,0,828172,0,0,0,0
mt,Malta,Europe,72,2019-10-11,20,1,0,888455,0,0,0,0
mt,Malta,Europe,73,2019-10-18,21,1,0,904049,0,0,0,0
mt,Malta,Europe,74,2019-10-25,22,1,0,985047,0,0,0,0
mt,Malta,Europe,75,2019-11-01,23,1,0,947347,0,0,0,0
mt,Malta,Europe,76,2019-11-08,24,1,0,875652,0,0,0,0
mt,Malta,Europe,77,2019-11-15,25,1,0,915838,0,0,0,0
mt,Malta,Europe,78,2019-11-22,26,1,0,877068,0,0,0,0
mt,Malta,Europe,79,2019-11-29,27,1,0,951601,0,0,0,0
mt,Malta,Europe,80,2019-12-06,28,1,0,1028417,0,0,0,0
mt,Malta,Europe,81,2019-12-13,29,1,0,1067666,0,0,0,0
mt,Malta,Europe,82,2019-12-20,30,1,0,1203774,0,0,0,0
mt,Malta,Europe,83,2019-12-27,31,1,0,805141,0,0,0,0
mt,Malta,Europe,84,2020-01-03,32,1,0,863123,0,0,0,0
mt,Malta,Europe,85,2020-01-10,33,1,0,905510,0,0,0,0
mt,Malta,Europe,86,2020-01-17,34,1,0,976881,0,0,0,0
mt,Malta,Europe,87,2020-01-24,35,1,0,932288,0,0,0,0
mt,Malta,Europe,88,2020-01-31,36,1,0,916527,0,0,0,0
mt,Malta,Europe,89,2020-02-07,37,1,0,891742,0,0,0,0
mt,Malta,Europe,90,2020-02-14,38,1,0,933928,0,0,0,0
mt,Malta,Europe,91,2020-02-21,39,1,0,904734,0,0,0,0
mt,Malta,Europe,92,2020-02-28,40,1,0,901951,0,0,0,0
mt,Malta,Europe,93,2020-03-06,41,1,1,859629,0,0,0,0
mt,Malta,Europe,94,2020-03-13,42,1,1,824920,42,0,86.664055,0
mt,Malta,Europe,95,2020-03-20,43,1,1,893165,81,0,167.13782,0
mt,Malta,Europe,96,2020-03-27,44,1,1,828938,59,0,121.74236,0
mt,Malta,Europe,97,2020-04-03,45,1,1,789607,111,0,229.04071,0
mt,Malta,Europe,98,2020-04-10,46,1,1,804628,100,3,206.34299,6.1902895
mt,Malta,Europe,99,2020-04-17,47,1,1,807149,45,0,92.85434,0
mt,Malta,Europe,100,2020-04-24,48,1,1,840300,18,1,37.141739,2.0634298
mt,Malta,Europe,101,2020-05-01,49,1,1,841060,21,1,43.332027,2.0634298
mt,Malta,Europe,102,2020-05-08,50,1,1,829681,24,1,49.522316,2.0634298
mt,Malta,Europe,103,2020-05-15,51,1,1,824972,76,0,156.82066,0
mt,Malta,Europe,104,2020-05-22,52,1,1,902869,28,0,57.776035,0
mx,Mexico,North America,1,2018-06-01,1,0,0,137692547,0,0,0,0
mx,Mexico,North America,2,2018-06-08,2,0,0,135593138,0,0,0,0
mx,Mexico,North America,3,2018-06-15,3,0,0,129946921,0,0,0,0
mx,Mexico,North America,4,2018-06-22,4,0,0,130318286,0,0,0,0
mx,Mexico,North America,5,2018-06-29,5,0,0,136841204,0,0,0,0
mx,Mexico,North America,6,2018-07-06,6,0,0,136124184,0,0,0,0
mx,Mexico,North America,7,2018-07-13,7,0,0,137749107,0,0,0,0
mx,Mexico,North America,8,2018-07-20,8,0,0,135994069,0,0,0,0
mx,Mexico,North America,9,2018-07-27,9,0,0,134501164,0,0,0,0
mx,Mexico,North America,10,2018-08-03,10,0,0,132654751,0,0,0,0
mx,Mexico,North America,11,2018-08-10,11,0,0,132734645,0,0,0,0
mx,Mexico,North America,12,2018-08-17,12,0,0,132024782,0,0,0,0
mx,Mexico,North America,13,2018-08-24,13,0,0,131757505,0,0,0,0
mx,Mexico,North America,14,2018-08-31,14,0,0,133323669,0,0,0,0
mx,Mexico,North America,15,2018-09-07,15,0,0,131872203,0,0,0,0
mx,Mexico,North America,16,2018-09-14,16,0,0,131120223,0,0,0,0
mx,Mexico,North America,17,2018-09-21,17,0,0,132465420,0,0,0,0
mx,Mexico,North America,18,2018-09-28,18,0,0,136099288,0,0,0,0
mx,Mexico,North America,19,2018-10-05,19,0,0,137255303,0,0,0,0
mx,Mexico,North America,20,2018-10-12,20,0,0,142491794,0,0,0,0
mx,Mexico,North America,21,2018-10-19,21,0,0,138691531,0,0,0,0
mx,Mexico,North America,22,2018-10-26,22,0,0,143115668,0,0,0,0
mx,Mexico,North America,23,2018-11-02,23,0,0,140750876,0,0,0,0
mx,Mexico,North America,24,2018-11-09,24,0,0,146735902,0,0,0,0
mx,Mexico,North America,25,2018-11-16,25,0,0,144206530,0,0,0,0
mx,Mexico,North America,26,2018-11-23,26,0,0,148911271,0,0,0,0
mx,Mexico,North America,27,2018-11-30,27,0,0,148893211,0,0,0,0
mx,Mexico,North America,28,2018-12-07,28,0,0,149490278,0,0,0,0
mx,Mexico,North America,29,2018-12-14,29,0,0,149409537,0,0,0,0
mx,Mexico,North America,30,2018-12-21,30,0,0,147487283,0,0,0,0
mx,Mexico,North America,31,2018-12-28,31,0,0,144559116,0,0,0,0
mx,Mexico,North America,32,2019-01-04,32,0,0,147707204,0,0,0,0
mx,Mexico,North America,33,2019-01-11,33,0,0,153290714,0,0,0,0
mx,Mexico,North America,34,2019-01-18,34,0,0,164159757,0,0,0,0
mx,Mexico,North America,35,2019-01-25,35,0,0,163592752,0,0,0,0
mx,Mexico,North America,36,2019-02-01,36,0,0,166814387,0,0,0,0
mx,Mexico,North America,37,2019-02-08,37,0,0,171979691,0,0,0,0
mx,Mexico,North America,38,2019-02-15,38,0,0,175357457,0,0,0,0
mx,Mexico,North America,39,2019-02-22,39,0,0,174015782,0,0,0,0
mx,Mexico,North America,40,2019-03-01,40,0,0,178092348,0,0,0,0
mx,Mexico,North America,41,2019-03-08,41,0,1,176234314,0,0,0,0
mx,Mexico,North America,42,2019-03-15,42,0,1,170648852,0,0,0,0
mx,Mexico,North America,43,2019-03-22,43,0,1,172390927,0,0,0,0
mx,Mexico,North America,44,2019-03-29,44,0,1,173724643,0,0,0,0
mx,Mexico,North America,45,2019-04-05,45,0,1,172474998,0,0,0,0
mx,Mexico,North America,46,2019-04-12,46,0,1,171366964,0,0,0,0
mx,Mexico,North America,47,2019-04-19,47,0,1,158590611,0,0,0,0
mx,Mexico,North America,48,2019-04-26,48,0,1,159424831,0,0,0,0
mx,Mexico,North America,49,2019-05-03,49,0,1,162202223,0,0,0,0
mx,Mexico,North America,50,2019-05-10,50,0,1,163443686,0,0,0,0
mx,Mexico,North America,51,2019-05-17,51,0,1,169343595,0,0,0,0
mx,Mexico,North America,52,2019-05-24,52,0,1,174382074,0,0,0,0
mx,Mexico,North America,53,2019-05-31,1,1,0,172023618,0,0,0,0
mx,Mexico,North America,54,2019-06-07,2,1,0,173459506,0,0,0,0
mx,Mexico,North America,55,2019-06-14,3,1,0,171854831,0,0,0,0
mx,Mexico,North America,56,2019-06-21,4,1,0,173359061,0,0,0,0
mx,Mexico,North America,57,2019-06-28,5,1,0,184391895,0,0,0,0
mx,Mexico,North America,58,2019-07-05,6,1,0,176745504,0,0,0,0
mx,Mexico,North America,59,2019-07-12,7,1,0,177229431,0,0,0,0
mx,Mexico,North America,60,2019-07-19,8,1,0,175284360,0,0,0,0
mx,Mexico,North America,61,2019-07-26,9,1,0,179577467,0,0,0,0
mx,Mexico,North America,62,2019-08-02,10,1,0,180672072,0,0,0,0
mx,Mexico,North America,63,2019-08-09,11,1,0,182994660,0,0,0,0
mx,Mexico,North America,64,2019-08-16,12,1,0,187785416,0,0,0,0
mx,Mexico,North America,65,2019-08-23,13,1,0,183854156,0,0,0,0
mx,Mexico,North America,66,2019-08-30,14,1,0,189562962,0,0,0,0
mx,Mexico,North America,67,2019-09-06,15,1,0,187396298,0,0,0,0
mx,Mexico,North America,68,2019-09-13,16,1,0,188444797,0,0,0,0
mx,Mexico,North America,69,2019-09-20,17,1,0,187076267,0,0,0,0
mx,Mexico,North America,70,2019-09-27,18,1,0,188665840,0,0,0,0
mx,Mexico,North America,71,2019-10-04,19,1,0,182189973,0,0,0,0
mx,Mexico,North America,72,2019-10-11,20,1,0,182493706,0,0,0,0
mx,Mexico,North America,73,2019-10-18,21,1,0,183971956,0,0,0,0
mx,Mexico,North America,74,2019-10-25,22,1,0,186290823,0,0,0,0
mx,Mexico,North America,75,2019-11-01,23,1,0,182572137,0,0,0,0
mx,Mexico,North America,76,2019-11-08,24,1,0,186344680,0,0,0,0
mx,Mexico,North America,77,2019-11-15,25,1,0,190466792,0,0,0,0
mx,Mexico,North America,78,2019-11-22,26,1,0,203940596,0,0,0,0
mx,Mexico,North America,79,2019-11-29,27,1,0,206091557,0,0,0,0
mx,Mexico,North America,80,2019-12-06,28,1,0,205745788,0,0,0,0
mx,Mexico,North America,81,2019-12-13,29,1,0,205002705,0,0,0,0
mx,Mexico,North America,82,2019-12-20,30,1,0,206504788,0,0,0,0
mx,Mexico,North America,83,2019-12-27,31,1,0,200248627,0,0,0,0
mx,Mexico,North America,84,2020-01-03,32,1,0,203110437,0,0,0,0
mx,Mexico,North America,85,2020-01-10,33,1,0,222785430,0,0,0,0
mx,Mexico,North America,86,2020-01-17,34,1,0,227338669,0,0,0,0
mx,Mexico,North America,87,2020-01-24,35,1,0,225817458,1,0,0.007924508,0
mx,Mexico,North America,88,2020-01-31,36,1,0,218736980,0,0,0,0
mx,Mexico,North America,89,2020-02-07,37,1,0,230740554,1,0,0.007924508,0
mx,Mexico,North America,90,2020-02-14,38,1,0,236487491,0,0,0,0
mx,Mexico,North America,91,2020-02-21,39,1,0,229719701,3,0,0.023773527,0
mx,Mexico,North America,92,2020-02-28,40,1,0,300113759,16,0,0.12679213,0
mx,Mexico,North America,93,2020-03-06,41,1,1,285089187,48,0,0.38037643,0
mx,Mexico,North America,94,2020-03-13,42,1,1,257766299,446,0,3.5343308,0
mx,Mexico,North America,95,2020-03-20,43,1,1,259494732,861,5,6.8230019,0.039622545
mx,Mexico,North America,96,2020-03-27,44,1,1,242115809,1692,32,13.408269,0.25358427
mx,Mexico,North America,97,2020-04-03,45,1,1,218434921,2714,137,21.507116,1.0856577
mx,Mexico,North America,98,2020-04-10,46,1,1,205905848,4472,275,35.438404,2.17924
mx,Mexico,North America,99,2020-04-17,47,1,1,214867696,7595,521,60.186646,4.1286693
mx,Mexico,North America,100,2020-04-24,48,1,1,208402165,10372,762,82.193001,6.0384755
mx,Mexico,North America,101,2020-05-01,49,1,1,206292412,12591,972,99.777489,7.7026224
mx,Mexico,North America,102,2020-05-08,50,1,1,213379960,16622,1516,131.72119,12.013556
mx,Mexico,North America,103,2020-05-15,51,1,1,204646038,21712,1870,172.05693,14.818831
mx,Mexico,North America,104,2020-05-22,52,1,1,198262898,25422,2507,201.45686,19.866743
my,Malaysia,Asia,1,2018-06-01,1,0,0,13940090,0,0,0,0
my,Malaysia,Asia,2,2018-06-08,2,0,0,14801998,0,0,0,0
my,Malaysia,Asia,3,2018-06-15,3,0,0,12058390,0,0,0,0
my,Malaysia,Asia,4,2018-06-22,4,0,0,13491401,0,0,0,0
my,Malaysia,Asia,5,2018-06-29,5,0,0,13529805,0,0,0,0
my,Malaysia,Asia,6,2018-07-06,6,0,0,13512920,0,0,0,0
my,Malaysia,Asia,7,2018-07-13,7,0,0,13925662,0,0,0,0
my,Malaysia,Asia,8,2018-07-20,8,0,0,13894746,0,0,0,0
my,Malaysia,Asia,9,2018-07-27,9,0,0,13501600,0,0,0,0
my,Malaysia,Asia,10,2018-08-03,10,0,0,13733581,0,0,0,0
my,Malaysia,Asia,11,2018-08-10,11,0,0,13361468,0,0,0,0
my,Malaysia,Asia,12,2018-08-17,12,0,0,13453227,0,0,0,0
my,Malaysia,Asia,13,2018-08-24,13,0,0,14133578,0,0,0,0
my,Malaysia,Asia,14,2018-08-31,14,0,0,13348051,0,0,0,0
my,Malaysia,Asia,15,2018-09-07,15,0,0,13053834,0,0,0,0
my,Malaysia,Asia,16,2018-09-14,16,0,0,12963159,0,0,0,0
my,Malaysia,Asia,17,2018-09-21,17,0,0,13430648,0,0,0,0
my,Malaysia,Asia,18,2018-09-28,18,0,0,13421163,0,0,0,0
my,Malaysia,Asia,19,2018-10-05,19,0,0,13517871,0,0,0,0
my,Malaysia,Asia,20,2018-10-12,20,0,0,13624045,0,0,0,0
my,Malaysia,Asia,21,2018-10-19,21,0,0,14387887,0,0,0,0
my,Malaysia,Asia,22,2018-10-26,22,0,0,14335318,0,0,0,0
my,Malaysia,Asia,23,2018-11-02,23,0,0,14284419,0,0,0,0
my,Malaysia,Asia,24,2018-11-09,24,0,0,14970596,0,0,0,0
my,Malaysia,Asia,25,2018-11-16,25,0,0,14643369,0,0,0,0
my,Malaysia,Asia,26,2018-11-23,26,0,0,14802088,0,0,0,0
my,Malaysia,Asia,27,2018-11-30,27,0,0,14547289,0,0,0,0
my,Malaysia,Asia,28,2018-12-07,28,0,0,14171890,0,0,0,0
my,Malaysia,Asia,29,2018-12-14,29,0,0,14406799,0,0,0,0
my,Malaysia,Asia,30,2018-12-21,30,0,0,13981907,0,0,0,0
my,Malaysia,Asia,31,2018-12-28,31,0,0,13718916,0,0,0,0
my,Malaysia,Asia,32,2019-01-04,32,0,0,14405594,0,0,0,0
my,Malaysia,Asia,33,2019-01-11,33,0,0,14807089,0,0,0,0
my,Malaysia,Asia,34,2019-01-18,34,0,0,14878060,0,0,0,0
my,Malaysia,Asia,35,2019-01-25,35,0,0,15099715,0,0,0,0
my,Malaysia,Asia,36,2019-02-01,36,0,0,14082504,0,0,0,0
my,Malaysia,Asia,37,2019-02-08,37,0,0,15774020,0,0,0,0
my,Malaysia,Asia,38,2019-02-15,38,0,0,15478570,0,0,0,0
my,Malaysia,Asia,39,2019-02-22,39,0,0,15334812,0,0,0,0
my,Malaysia,Asia,40,2019-03-01,40,0,0,15691778,0,0,0,0
my,Malaysia,Asia,41,2019-03-08,41,0,1,15620222,0,0,0,0
my,Malaysia,Asia,42,2019-03-15,42,0,1,15373088,0,0,0,0
my,Malaysia,Asia,43,2019-03-22,43,0,1,16148317,0,0,0,0
my,Malaysia,Asia,44,2019-03-29,44,0,1,16401352,0,0,0,0
my,Malaysia,Asia,45,2019-04-05,45,0,1,17516806,0,0,0,0
my,Malaysia,Asia,46,2019-04-12,46,0,1,18397386,0,0,0,0
my,Malaysia,Asia,47,2019-04-19,47,0,1,16994834,0,0,0,0
my,Malaysia,Asia,48,2019-04-26,48,0,1,16659439,0,0,0,0
my,Malaysia,Asia,49,2019-05-03,49,0,1,16051822,0,0,0,0
my,Malaysia,Asia,50,2019-05-10,50,0,1,16235753,0,0,0,0
my,Malaysia,Asia,51,2019-05-17,51,0,1,16143671,0,0,0,0
my,Malaysia,Asia,52,2019-05-24,52,0,1,17519591,0,0,0,0
my,Malaysia,Asia,53,2019-05-31,1,1,0,16314416,0,0,0,0
my,Malaysia,Asia,54,2019-06-07,2,1,0,15211029,0,0,0,0
my,Malaysia,Asia,55,2019-06-14,3,1,0,16718822,0,0,0,0
my,Malaysia,Asia,56,2019-06-21,4,1,0,18093092,0,0,0,0
my,Malaysia,Asia,57,2019-06-28,5,1,0,18893487,0,0,0,0
my,Malaysia,Asia,58,2019-07-05,6,1,0,19279037,0,0,0,0
my,Malaysia,Asia,59,2019-07-12,7,1,0,19258203,0,0,0,0
my,Malaysia,Asia,60,2019-07-19,8,1,0,18467781,0,0,0,0
my,Malaysia,Asia,61,2019-07-26,9,1,0,17911666,0,0,0,0
my,Malaysia,Asia,62,2019-08-02,10,1,0,17985117,0,0,0,0
my,Malaysia,Asia,63,2019-08-09,11,1,0,17539204,0,0,0,0
my,Malaysia,Asia,64,2019-08-16,12,1,0,17028948,0,0,0,0
my,Malaysia,Asia,65,2019-08-23,13,1,0,17647591,0,0,0,0
my,Malaysia,Asia,66,2019-08-30,14,1,0,17571012,0,0,0,0
my,Malaysia,Asia,67,2019-09-06,15,1,0,18005074,0,0,0,0
my,Malaysia,Asia,68,2019-09-13,16,1,0,18727062,0,0,0,0
my,Malaysia,Asia,69,2019-09-20,17,1,0,18287945,0,0,0,0
my,Malaysia,Asia,70,2019-09-27,18,1,0,18173639,0,0,0,0
my,Malaysia,Asia,71,2019-10-04,19,1,0,18974435,0,0,0,0
my,Malaysia,Asia,72,2019-10-11,20,1,0,19304569,0,0,0,0
my,Malaysia,Asia,73,2019-10-18,21,1,0,19320850,0,0,0,0
my,Malaysia,Asia,74,2019-10-25,22,1,0,19465305,0,0,0,0
my,Malaysia,Asia,75,2019-11-01,23,1,0,19058743,0,0,0,0
my,Malaysia,Asia,76,2019-11-08,24,1,0,18760268,0,0,0,0
my,Malaysia,Asia,77,2019-11-15,25,1,0,19146585,0,0,0,0
my,Malaysia,Asia,78,2019-11-22,26,1,0,19309164,0,0,0,0
my,Malaysia,Asia,79,2019-11-29,27,1,0,19635081,0,0,0,0
my,Malaysia,Asia,80,2019-12-06,28,1,0,20078722,0,0,0,0
my,Malaysia,Asia,81,2019-12-13,29,1,0,19632176,0,0,0,0
my,Malaysia,Asia,82,2019-12-20,30,1,0,18876505,0,0,0,0
my,Malaysia,Asia,83,2019-12-27,31,1,0,18498939,0,0,0,0
my,Malaysia,Asia,84,2020-01-03,32,1,0,19132343,0,0,0,0
my,Malaysia,Asia,85,2020-01-10,33,1,0,19476968,0,0,0,0
my,Malaysia,Asia,86,2020-01-17,34,1,0,20192576,0,0,0,0
my,Malaysia,Asia,87,2020-01-24,35,1,0,18100003,7,0,0.22202075,0
my,Malaysia,Asia,88,2020-01-31,36,1,0,18962790,5,0,0.15858625,0
my,Malaysia,Asia,89,2020-02-07,37,1,0,19496069,6,0,0.1903035,0
my,Malaysia,Asia,90,2020-02-14,38,1,0,19707762,4,0,0.12686899,0
my,Malaysia,Asia,91,2020-02-21,39,1,0,22005304,0,0,0,0
my,Malaysia,Asia,92,2020-02-28,40,1,0,20923239,28,0,0.88808298,0
my,Malaysia,Asia,93,2020-03-06,41,1,1,20464187,99,0,3.1400077,0
my,Malaysia,Asia,94,2020-03-13,42,1,1,19467157,641,2,20.330757,0.063434497
my,Malaysia,Asia,95,2020-03-20,43,1,1,17536410,1006,17,31.907553,0.53919327
my,Malaysia,Asia,96,2020-03-27,44,1,1,17086990,1112,26,35.269581,0.8246485
my,Malaysia,Asia,97,2020-04-03,45,1,1,16683876,1211,20,38.409588,0.634345
my,Malaysia,Asia,98,2020-04-10,46,1,1,16286360,953,18,30.22654,0.57091051
my,Malaysia,Asia,99,2020-04-17,47,1,1,15641479,460,10,14.589934,0.3171725
my,Malaysia,Asia,100,2020-04-24,48,1,1,14394586,413,7,13.099224,0.22202075
my,Malaysia,Asia,101,2020-05-01,49,1,1,14590802,483,7,15.319431,0.22202075
my,Malaysia,Asia,102,2020-05-08,50,1,1,16146719,351,4,11.132754,0.12686899
my,Malaysia,Asia,103,2020-05-15,51,1,1,16661318,230,3,7.2949672,0.095151752
my,Malaysia,Asia,104,2020-05-22,52,1,1,15656656,610,1,19.347523,0.031717248
ni,Nicaragua,North America,1,2018-06-01,1,0,0,750568,0,0,0,0
ni,Nicaragua,North America,2,2018-06-08,2,0,0,723782,0,0,0,0
ni,Nicaragua,North America,3,2018-06-15,3,0,0,697435,0,0,0,0
ni,Nicaragua,North America,4,2018-06-22,4,0,0,763780,0,0,0,0
ni,Nicaragua,North America,5,2018-06-29,5,0,0,835352,0,0,0,0
ni,Nicaragua,North America,6,2018-07-06,6,0,0,801910,0,0,0,0
ni,Nicaragua,North America,7,2018-07-13,7,0,0,790502,0,0,0,0
ni,Nicaragua,North America,8,2018-07-20,8,0,0,880948,0,0,0,0
ni,Nicaragua,North America,9,2018-07-27,9,0,0,879746,0,0,0,0
ni,Nicaragua,North America,10,2018-08-03,10,0,0,883646,0,0,0,0
ni,Nicaragua,North America,11,2018-08-10,11,0,0,886027,0,0,0,0
ni,Nicaragua,North America,12,2018-08-17,12,0,0,903717,0,0,0,0
ni,Nicaragua,North America,13,2018-08-24,13,0,0,911673,0,0,0,0
ni,Nicaragua,North America,14,2018-08-31,14,0,0,897917,0,0,0,0
ni,Nicaragua,North America,15,2018-09-07,15,0,0,884678,0,0,0,0
ni,Nicaragua,North America,16,2018-09-14,16,0,0,890403,0,0,0,0
ni,Nicaragua,North America,17,2018-09-21,17,0,0,878148,0,0,0,0
ni,Nicaragua,North America,18,2018-09-28,18,0,0,905716,0,0,0,0
ni,Nicaragua,North America,19,2018-10-05,19,0,0,867733,0,0,0,0
ni,Nicaragua,North America,20,2018-10-12,20,0,0,938123,0,0,0,0
ni,Nicaragua,North America,21,2018-10-19,21,0,0,931010,0,0,0,0
ni,Nicaragua,North America,22,2018-10-26,22,0,0,936530,0,0,0,0
ni,Nicaragua,North America,23,2018-11-02,23,0,0,950560,0,0,0,0
ni,Nicaragua,North America,24,2018-11-09,24,0,0,983578,0,0,0,0
ni,Nicaragua,North America,25,2018-11-16,25,0,0,993885,0,0,0,0
ni,Nicaragua,North America,26,2018-11-23,26,0,0,975837,0,0,0,0
ni,Nicaragua,North America,27,2018-11-30,27,0,0,963731,0,0,0,0
ni,Nicaragua,North America,28,2018-12-07,28,0,0,945011,0,0,0,0
ni,Nicaragua,North America,29,2018-12-14,29,0,0,968870,0,0,0,0
ni,Nicaragua,North America,30,2018-12-21,30,0,0,1038325,0,0,0,0
ni,Nicaragua,North America,31,2018-12-28,31,0,0,1059514,0,0,0,0
ni,Nicaragua,North America,32,2019-01-04,32,0,0,1003666,0,0,0,0
ni,Nicaragua,North America,33,2019-01-11,33,0,0,1040119,0,0,0,0
ni,Nicaragua,North America,34,2019-01-18,34,0,0,1076525,0,0,0,0
ni,Nicaragua,North America,35,2019-01-25,35,0,0,1094825,0,0,0,0
ni,Nicaragua,North America,36,2019-02-01,36,0,0,1111759,0,0,0,0
ni,Nicaragua,North America,37,2019-02-08,37,0,0,1144141,0,0,0,0
ni,Nicaragua,North America,38,2019-02-15,38,0,0,1141111,0,0,0,0
ni,Nicaragua,North America,39,2019-02-22,39,0,0,1144783,0,0,0,0
ni,Nicaragua,North America,40,2019-03-01,40,0,0,1164106,0,0,0,0
ni,Nicaragua,North America,41,2019-03-08,41,0,1,1158981,0,0,0,0
ni,Nicaragua,North America,42,2019-03-15,42,0,1,1138097,0,0,0,0
ni,Nicaragua,North America,43,2019-03-22,43,0,1,1166311,0,0,0,0
ni,Nicaragua,North America,44,2019-03-29,44,0,1,1157481,0,0,0,0
ni,Nicaragua,North America,45,2019-04-05,45,0,1,1157734,0,0,0,0
ni,Nicaragua,North America,46,2019-04-12,46,0,1,1237629,0,0,0,0
ni,Nicaragua,North America,47,2019-04-19,47,0,1,1085257,0,0,0,0
ni,Nicaragua,North America,48,2019-04-26,48,0,1,1147528,0,0,0,0
ni,Nicaragua,North America,49,2019-05-03,49,0,1,1153168,0,0,0,0
ni,Nicaragua,North America,50,2019-05-10,50,0,1,1208387,0,0,0,0
ni,Nicaragua,North America,51,2019-05-17,51,0,1,1177238,0,0,0,0
ni,Nicaragua,North America,52,2019-05-24,52,0,1,1162147,0,0,0,0
ni,Nicaragua,North America,53,2019-05-31,1,1,0,1219327,0,0,0,0
ni,Nicaragua,North America,54,2019-06-07,2,1,0,1239491,0,0,0,0
ni,Nicaragua,North America,55,2019-06-14,3,1,0,1274318,0,0,0,0
ni,Nicaragua,North America,56,2019-06-21,4,1,0,1250959,0,0,0,0
ni,Nicaragua,North America,57,2019-06-28,5,1,0,1422931,0,0,0,0
ni,Nicaragua,North America,58,2019-07-05,6,1,0,1291928,0,0,0,0
ni,Nicaragua,North America,59,2019-07-12,7,1,0,1286707,0,0,0,0
ni,Nicaragua,North America,60,2019-07-19,8,1,0,1325276,0,0,0,0
ni,Nicaragua,North America,61,2019-07-26,9,1,0,1444872,0,0,0,0
ni,Nicaragua,North America,62,2019-08-02,10,1,0,1491710,0,0,0,0
ni,Nicaragua,North America,63,2019-08-09,11,1,0,1546221,0,0,0,0
ni,Nicaragua,North America,64,2019-08-16,12,1,0,1637295,0,0,0,0
ni,Nicaragua,North America,65,2019-08-23,13,1,0,4192460,0,0,0,0
ni,Nicaragua,North America,66,2019-08-30,14,1,0,2286352,0,0,0,0
ni,Nicaragua,North America,67,2019-09-06,15,1,0,1535936,0,0,0,0
ni,Nicaragua,North America,68,2019-09-13,16,1,0,1475483,0,0,0,0
ni,Nicaragua,North America,69,2019-09-20,17,1,0,1475339,0,0,0,0
ni,Nicaragua,North America,70,2019-09-27,18,1,0,1525623,0,0,0,0
ni,Nicaragua,North America,71,2019-10-04,19,1,0,1524415,0,0,0,0
ni,Nicaragua,North America,72,2019-10-11,20,1,0,1563355,0,0,0,0
ni,Nicaragua,North America,73,2019-10-18,21,1,0,1605081,0,0,0,0
ni,Nicaragua,North America,74,2019-10-25,22,1,0,1725650,0,0,0,0
ni,Nicaragua,North America,75,2019-11-01,23,1,0,1759030,0,0,0,0
ni,Nicaragua,North America,76,2019-11-08,24,1,0,1843810,0,0,0,0
ni,Nicaragua,North America,77,2019-11-15,25,1,0,1924266,0,0,0,0
ni,Nicaragua,North America,78,2019-11-22,26,1,0,2047517,0,0,0,0
ni,Nicaragua,North America,79,2019-11-29,27,1,0,2046372,0,0,0,0
ni,Nicaragua,North America,80,2019-12-06,28,1,0,2025873,0,0,0,0
ni,Nicaragua,North America,81,2019-12-13,29,1,0,2077714,0,0,0,0
ni,Nicaragua,North America,82,2019-12-20,30,1,0,2183879,0,0,0,0
ni,Nicaragua,North America,83,2019-12-27,31,1,0,2116770,0,0,0,0
ni,Nicaragua,North America,84,2020-01-03,32,1,0,1970932,0,0,0,0
ni,Nicaragua,North America,85,2020-01-10,33,1,0,2110093,0,0,0,0
ni,Nicaragua,North America,86,2020-01-17,34,1,0,2131093,0,0,0,0
ni,Nicaragua,North America,87,2020-01-24,35,1,0,2103093,0,0,0,0
ni,Nicaragua,North America,88,2020-01-31,36,1,0,2043108,0,0,0,0
ni,Nicaragua,North America,89,2020-02-07,37,1,0,2047059,0,0,0,0
ni,Nicaragua,North America,90,2020-02-14,38,1,0,2080491,0,0,0,0
ni,Nicaragua,North America,91,2020-02-21,39,1,0,2049105,0,0,0,0
ni,Nicaragua,North America,92,2020-02-28,40,1,0,2981308,0,0,0,0
ni,Nicaragua,North America,93,2020-03-06,41,1,1,2688522,0,0,0,0
ni,Nicaragua,North America,94,2020-03-13,42,1,1,2343048,0,0,0,0
ni,Nicaragua,North America,95,2020-03-20,43,1,1,2282340,1,0,0.15466677,0
ni,Nicaragua,North America,96,2020-03-27,44,1,1,2218132,3,1,0.46400031,0.15466677
ni,Nicaragua,North America,97,2020-04-03,45,1,1,2122075,1,0,0.15466677,0
ni,Nicaragua,North America,98,2020-04-10,46,1,1,1986386,3,0,0.46400031,0
ni,Nicaragua,North America,99,2020-04-17,47,1,1,2046002,1,1,0.15466677,0.15466677
ni,Nicaragua,North America,100,2020-04-24,48,1,1,2028650,4,2,0.61866707,0.30933353
ni,Nicaragua,North America,101,2020-05-01,49,1,1,1984784,2,1,0.30933353,0.15466677
ni,Nicaragua,North America,102,2020-05-08,50,1,1,2123226,9,3,1.3920009,0.46400031
ni,Nicaragua,North America,103,2020-05-15,51,1,1,1862281,0,0,0,0
ni,Nicaragua,North America,104,2020-05-22,52,1,1,1739301,734,27,113.52541,4.1760025
nl,Netherlands,Europe,1,2018-06-01,1,0,0,69222754,0,0,0,0
nl,Netherlands,Europe,2,2018-06-08,2,0,0,70439195,0,0,0,0
nl,Netherlands,Europe,3,2018-06-15,3,0,0,72989955,0,0,0,0
nl,Netherlands,Europe,4,2018-06-22,4,0,0,77881528,0,0,0,0
nl,Netherlands,Europe,5,2018-06-29,5,0,0,79636793,0,0,0,0
nl,Netherlands,Europe,6,2018-07-06,6,0,0,72442956,0,0,0,0
nl,Netherlands,Europe,7,2018-07-13,7,0,0,75417902,0,0,0,0
nl,Netherlands,Europe,8,2018-07-20,8,0,0,75412543,0,0,0,0
nl,Netherlands,Europe,9,2018-07-27,9,0,0,70408244,0,0,0,0
nl,Netherlands,Europe,10,2018-08-03,10,0,0,70908895,0,0,0,0
nl,Netherlands,Europe,11,2018-08-10,11,0,0,66656710,0,0,0,0
nl,Netherlands,Europe,12,2018-08-17,12,0,0,67358188,0,0,0,0
nl,Netherlands,Europe,13,2018-08-24,13,0,0,67114943,0,0,0,0
nl,Netherlands,Europe,14,2018-08-31,14,0,0,75928950,0,0,0,0
nl,Netherlands,Europe,15,2018-09-07,15,0,0,80271104,0,0,0,0
nl,Netherlands,Europe,16,2018-09-14,16,0,0,79581894,0,0,0,0
nl,Netherlands,Europe,17,2018-09-21,17,0,0,78606490,0,0,0,0
nl,Netherlands,Europe,18,2018-09-28,18,0,0,76510964,0,0,0,0
nl,Netherlands,Europe,19,2018-10-05,19,0,0,79284191,0,0,0,0
nl,Netherlands,Europe,20,2018-10-12,20,0,0,76310175,0,0,0,0
nl,Netherlands,Europe,21,2018-10-19,21,0,0,76523583,0,0,0,0
nl,Netherlands,Europe,22,2018-10-26,22,0,0,77413304,0,0,0,0
nl,Netherlands,Europe,23,2018-11-02,23,0,0,80558675,0,0,0,0
nl,Netherlands,Europe,24,2018-11-09,24,0,0,79742915,0,0,0,0
nl,Netherlands,Europe,25,2018-11-16,25,0,0,77108018,0,0,0,0
nl,Netherlands,Europe,26,2018-11-23,26,0,0,87393364,0,0,0,0
nl,Netherlands,Europe,27,2018-11-30,27,0,0,83364920,0,0,0,0
nl,Netherlands,Europe,28,2018-12-07,28,0,0,81486403,0,0,0,0
nl,Netherlands,Europe,29,2018-12-14,29,0,0,82368944,0,0,0,0
nl,Netherlands,Europe,30,2018-12-21,30,0,0,94188725,0,0,0,0
nl,Netherlands,Europe,31,2018-12-28,31,0,0,64608700,0,0,0,0
nl,Netherlands,Europe,32,2019-01-04,32,0,0,72439581,0,0,0,0
nl,Netherlands,Europe,33,2019-01-11,33,0,0,79461612,0,0,0,0
nl,Netherlands,Europe,34,2019-01-18,34,0,0,79577041,0,0,0,0
nl,Netherlands,Europe,35,2019-01-25,35,0,0,82403979,0,0,0,0
nl,Netherlands,Europe,36,2019-02-01,36,0,0,81051465,0,0,0,0
nl,Netherlands,Europe,37,2019-02-08,37,0,0,91371653,0,0,0,0
nl,Netherlands,Europe,38,2019-02-15,38,0,0,82142741,0,0,0,0
nl,Netherlands,Europe,39,2019-02-22,39,0,0,80743302,0,0,0,0
nl,Netherlands,Europe,40,2019-03-01,40,0,0,78207442,0,0,0,0
nl,Netherlands,Europe,41,2019-03-08,41,0,1,80460401,0,0,0,0
nl,Netherlands,Europe,42,2019-03-15,42,0,1,81119544,0,0,0,0
nl,Netherlands,Europe,43,2019-03-22,43,0,1,81684955,0,0,0,0
nl,Netherlands,Europe,44,2019-03-29,44,0,1,86864755,0,0,0,0
nl,Netherlands,Europe,45,2019-04-05,45,0,1,87454835,0,0,0,0
nl,Netherlands,Europe,46,2019-04-12,46,0,1,86846290,0,0,0,0
nl,Netherlands,Europe,47,2019-04-19,47,0,1,83439493,0,0,0,0
nl,Netherlands,Europe,48,2019-04-26,48,0,1,75309657,0,0,0,0
nl,Netherlands,Europe,49,2019-05-03,49,0,1,82254802,0,0,0,0
nl,Netherlands,Europe,50,2019-05-10,50,0,1,85887939,0,0,0,0
nl,Netherlands,Europe,51,2019-05-17,51,0,1,93756732,0,0,0,0
nl,Netherlands,Europe,52,2019-05-24,52,0,1,87918443,0,0,0,0
nl,Netherlands,Europe,53,2019-05-31,1,1,0,81407049,0,0,0,0
nl,Netherlands,Europe,54,2019-06-07,2,1,0,79966310,0,0,0,0
nl,Netherlands,Europe,55,2019-06-14,3,1,0,79922218,0,0,0,0
nl,Netherlands,Europe,56,2019-06-21,4,1,0,82060944,0,0,0,0
nl,Netherlands,Europe,57,2019-06-28,5,1,0,85135874,0,0,0,0
nl,Netherlands,Europe,58,2019-07-05,6,1,0,79078715,0,0,0,0
nl,Netherlands,Europe,59,2019-07-12,7,1,0,85642133,0,0,0,0
nl,Netherlands,Europe,60,2019-07-19,8,1,0,78213952,0,0,0,0
nl,Netherlands,Europe,61,2019-07-26,9,1,0,76777243,0,0,0,0
nl,Netherlands,Europe,62,2019-08-02,10,1,0,77545715,0,0,0,0
nl,Netherlands,Europe,63,2019-08-09,11,1,0,75682033,0,0,0,0
nl,Netherlands,Europe,64,2019-08-16,12,1,0,75053517,0,0,0,0
nl,Netherlands,Europe,65,2019-08-23,13,1,0,74388789,0,0,0,0
nl,Netherlands,Europe,66,2019-08-30,14,1,0,78045056,0,0,0,0
nl,Netherlands,Europe,67,2019-09-06,15,1,0,83720169,0,0,0,0
nl,Netherlands,Europe,68,2019-09-13,16,1,0,81096204,0,0,0,0
nl,Netherlands,Europe,69,2019-09-20,17,1,0,78326126,0,0,0,0
nl,Netherlands,Europe,70,2019-09-27,18,1,0,80491305,0,0,0,0
nl,Netherlands,Europe,71,2019-10-04,19,1,0,83609094,0,0,0,0
nl,Netherlands,Europe,72,2019-10-11,20,1,0,79306714,0,0,0,0
nl,Netherlands,Europe,73,2019-10-18,21,1,0,79800723,0,0,0,0
nl,Netherlands,Europe,74,2019-10-25,22,1,0,89105608,0,0,0,0
nl,Netherlands,Europe,75,2019-11-01,23,1,0,88260961,0,0,0,0
nl,Netherlands,Europe,76,2019-11-08,24,1,0,79324948,0,0,0,0
nl,Netherlands,Europe,77,2019-11-15,25,1,0,76385493,0,0,0,0
nl,Netherlands,Europe,78,2019-11-22,26,1,0,75938881,0,0,0,0
nl,Netherlands,Europe,79,2019-11-29,27,1,0,79004895,0,0,0,0
nl,Netherlands,Europe,80,2019-12-06,28,1,0,81254634,0,0,0,0
nl,Netherlands,Europe,81,2019-12-13,29,1,0,84115553,0,0,0,0
nl,Netherlands,Europe,82,2019-12-20,30,1,0,95910657,0,0,0,0
nl,Netherlands,Europe,83,2019-12-27,31,1,0,62082589,0,0,0,0
nl,Netherlands,Europe,84,2020-01-03,32,1,0,72204056,0,0,0,0
nl,Netherlands,Europe,85,2020-01-10,33,1,0,82944986,0,0,0,0
nl,Netherlands,Europe,86,2020-01-17,34,1,0,86046600,0,0,0,0
nl,Netherlands,Europe,87,2020-01-24,35,1,0,83061746,0,0,0,0
nl,Netherlands,Europe,88,2020-01-31,36,1,0,81598666,0,0,0,0
nl,Netherlands,Europe,89,2020-02-07,37,1,0,79310981,0,0,0,0
nl,Netherlands,Europe,90,2020-02-14,38,1,0,78016762,0,0,0,0
nl,Netherlands,Europe,91,2020-02-21,39,1,0,71109417,0,0,0,0
nl,Netherlands,Europe,92,2020-02-28,40,1,0,76798463,38,0,2.2052476,0
nl,Netherlands,Europe,93,2020-03-06,41,1,1,75897824,465,5,26.985268,0.29016417
nl,Netherlands,Europe,94,2020-03-13,42,1,1,74547306,1548,53,89.834831,3.0757403
nl,Netherlands,Europe,95,2020-03-20,43,1,1,78701461,4361,298,253.08119,17.293785
nl,Netherlands,Europe,96,2020-03-27,44,1,1,81377311,7202,817,417.95248,47.412827
nl,Netherlands,Europe,97,2020-04-03,45,1,1,91968474,6935,1075,402.4577,62.3853
nl,Netherlands,Europe,98,2020-04-10,46,1,1,78861946,7604,886,441.28168,51.417091
nl,Netherlands,Europe,99,2020-04-17,47,1,1,75171499,6689,920,388.18164,53.390209
nl,Netherlands,Europe,100,2020-04-24,48,1,1,70982107,3960,657,229.81003,38.127571
nl,Netherlands,Europe,101,2020-05-01,49,1,1,71183306,2517,493,146.06865,28.610188
nl,Netherlands,Europe,102,2020-05-08,50,1,1,70241761,1892,358,109.79813,20.775755
nl,Netherlands,Europe,103,2020-05-15,51,1,1,72075545,1236,186,71.728584,10.794107
nl,Netherlands,Europe,104,2020-05-22,52,1,1,69672535,1321,123,76.661377,7.1380386
no,Norway,Europe,1,2018-06-01,1,0,0,42708927,0,0,0,0
no,Norway,Europe,2,2018-06-08,2,0,0,40846757,0,0,0,0
no,Norway,Europe,3,2018-06-15,3,0,0,40757592,0,0,0,0
no,Norway,Europe,4,2018-06-22,4,0,0,40885360,0,0,0,0
no,Norway,Europe,5,2018-06-29,5,0,0,40956205,0,0,0,0
no,Norway,Europe,6,2018-07-06,6,0,0,36688806,0,0,0,0
no,Norway,Europe,7,2018-07-13,7,0,0,36452844,0,0,0,0
no,Norway,Europe,8,2018-07-20,8,0,0,35164191,0,0,0,0
no,Norway,Europe,9,2018-07-27,9,0,0,35364189,0,0,0,0
no,Norway,Europe,10,2018-08-03,10,0,0,35335441,0,0,0,0
no,Norway,Europe,11,2018-08-10,11,0,0,32391402,0,0,0,0
no,Norway,Europe,12,2018-08-17,12,0,0,31422376,0,0,0,0
no,Norway,Europe,13,2018-08-24,13,0,0,31021638,0,0,0,0
no,Norway,Europe,14,2018-08-31,14,0,0,33501000,0,0,0,0
no,Norway,Europe,15,2018-09-07,15,0,0,31893803,0,0,0,0
no,Norway,Europe,16,2018-09-14,16,0,0,32946207,0,0,0,0
no,Norway,Europe,17,2018-09-21,17,0,0,32219164,0,0,0,0
no,Norway,Europe,18,2018-09-28,18,0,0,32965348,0,0,0,0
no,Norway,Europe,19,2018-10-05,19,0,0,33294589,0,0,0,0
no,Norway,Europe,20,2018-10-12,20,0,0,34085936,0,0,0,0
no,Norway,Europe,21,2018-10-19,21,0,0,34305523,0,0,0,0
no,Norway,Europe,22,2018-10-26,22,0,0,33492219,0,0,0,0
no,Norway,Europe,23,2018-11-02,23,0,0,33508782,0,0,0,0
no,Norway,Europe,24,2018-11-09,24,0,0,34168545,0,0,0,0
no,Norway,Europe,25,2018-11-16,25,0,0,35202535,0,0,0,0
no,Norway,Europe,26,2018-11-23,26,0,0,37553258,0,0,0,0
no,Norway,Europe,27,2018-11-30,27,0,0,42874020,0,0,0,0
no,Norway,Europe,28,2018-12-07,28,0,0,40202035,0,0,0,0
no,Norway,Europe,29,2018-12-14,29,0,0,41534828,0,0,0,0
no,Norway,Europe,30,2018-12-21,30,0,0,39455812,0,0,0,0
no,Norway,Europe,31,2018-12-28,31,0,0,28092243,0,0,0,0
no,Norway,Europe,32,2019-01-04,32,0,0,30543745,0,0,0,0
no,Norway,Europe,33,2019-01-11,33,0,0,31391852,0,0,0,0
no,Norway,Europe,34,2019-01-18,34,0,0,32065451,0,0,0,0
no,Norway,Europe,35,2019-01-25,35,0,0,31609910,0,0,0,0
no,Norway,Europe,36,2019-02-01,36,0,0,32568889,0,0,0,0
no,Norway,Europe,37,2019-02-08,37,0,0,33099226,0,0,0,0
no,Norway,Europe,38,2019-02-15,38,0,0,32278600,0,0,0,0
no,Norway,Europe,39,2019-02-22,39,0,0,32441751,0,0,0,0
no,Norway,Europe,40,2019-03-01,40,0,0,32832676,0,0,0,0
no,Norway,Europe,41,2019-03-08,41,0,1,32572801,0,0,0,0
no,Norway,Europe,42,2019-03-15,42,0,1,32092510,0,0,0,0
no,Norway,Europe,43,2019-03-22,43,0,1,31978039,0,0,0,0
no,Norway,Europe,44,2019-03-29,44,0,1,34244005,0,0,0,0
no,Norway,Europe,45,2019-04-05,45,0,1,34530480,0,0,0,0
no,Norway,Europe,46,2019-04-12,46,0,1,34972779,0,0,0,0
no,Norway,Europe,47,2019-04-19,47,0,1,31758658,0,0,0,0
no,Norway,Europe,48,2019-04-26,48,0,1,32874128,0,0,0,0
no,Norway,Europe,49,2019-05-03,49,0,1,32422987,0,0,0,0
no,Norway,Europe,50,2019-05-10,50,0,1,36465013,0,0,0,0
no,Norway,Europe,51,2019-05-17,51,0,1,34020644,0,0,0,0
no,Norway,Europe,52,2019-05-24,52,0,1,35861546,0,0,0,0
no,Norway,Europe,53,2019-05-31,1,1,0,34177713,0,0,0,0
no,Norway,Europe,54,2019-06-07,2,1,0,33939697,0,0,0,0
no,Norway,Europe,55,2019-06-14,3,1,0,34424455,0,0,0,0
no,Norway,Europe,56,2019-06-21,4,1,0,37469214,0,0,0,0
no,Norway,Europe,57,2019-06-28,5,1,0,39077001,0,0,0,0
no,Norway,Europe,58,2019-07-05,6,1,0,37869798,0,0,0,0
no,Norway,Europe,59,2019-07-12,7,1,0,37916827,0,0,0,0
no,Norway,Europe,60,2019-07-19,8,1,0,36059547,0,0,0,0
no,Norway,Europe,61,2019-07-26,9,1,0,36128426,0,0,0,0
no,Norway,Europe,62,2019-08-02,10,1,0,35203586,0,0,0,0
no,Norway,Europe,63,2019-08-09,11,1,0,33622179,0,0,0,0
no,Norway,Europe,64,2019-08-16,12,1,0,32554704,0,0,0,0
no,Norway,Europe,65,2019-08-23,13,1,0,32195260,0,0,0,0
no,Norway,Europe,66,2019-08-30,14,1,0,33196301,0,0,0,0
no,Norway,Europe,67,2019-09-06,15,1,0,35535180,0,0,0,0
no,Norway,Europe,68,2019-09-13,16,1,0,34295042,0,0,0,0
no,Norway,Europe,69,2019-09-20,17,1,0,32305620,0,0,0,0
no,Norway,Europe,70,2019-09-27,18,1,0,31446770,0,0,0,0
no,Norway,Europe,71,2019-10-04,19,1,0,31316873,0,0,0,0
no,Norway,Europe,72,2019-10-11,20,1,0,31037110,0,0,0,0
no,Norway,Europe,73,2019-10-18,21,1,0,30937553,0,0,0,0
no,Norway,Europe,74,2019-10-25,22,1,0,32123542,0,0,0,0
no,Norway,Europe,75,2019-11-01,23,1,0,30461320,0,0,0,0
no,Norway,Europe,76,2019-11-08,24,1,0,30431130,0,0,0,0
no,Norway,Europe,77,2019-11-15,25,1,0,32360556,0,0,0,0
no,Norway,Europe,78,2019-11-22,26,1,0,33110893,0,0,0,0
no,Norway,Europe,79,2019-11-29,27,1,0,38688293,0,0,0,0
no,Norway,Europe,80,2019-12-06,28,1,0,37462839,0,0,0,0
no,Norway,Europe,81,2019-12-13,29,1,0,39001905,0,0,0,0
no,Norway,Europe,82,2019-12-20,30,1,0,41521973,0,0,0,0
no,Norway,Europe,83,2019-12-27,31,1,0,28760106,0,0,0,0
no,Norway,Europe,84,2020-01-03,32,1,0,31671056,0,0,0,0
no,Norway,Europe,85,2020-01-10,33,1,0,36475162,0,0,0,0
no,Norway,Europe,86,2020-01-17,34,1,0,37794310,0,0,0,0
no,Norway,Europe,87,2020-01-24,35,1,0,35801348,0,0,0,0
no,Norway,Europe,88,2020-01-31,36,1,0,34447576,0,0,0,0
no,Norway,Europe,89,2020-02-07,37,1,0,33980780,0,0,0,0
no,Norway,Europe,90,2020-02-14,38,1,0,34458132,0,0,0,0
no,Norway,Europe,91,2020-02-21,39,1,0,34228456,1,0,0.188256,0
no,Norway,Europe,92,2020-02-28,40,1,0,32499021,55,0,10.354079,0
no,Norway,Europe,93,2020-03-06,41,1,1,32016664,433,0,81.514847,0
no,Norway,Europe,94,2020-03-13,42,1,1,31037502,934,3,175.8311,0.56476796
no,Norway,Europe,95,2020-03-20,43,1,1,31667055,1493,9,281.06619,1.6943039
no,Norway,Europe,96,2020-03-27,44,1,1,32148280,1749,20,329.25974,3.7651198
no,Norway,Europe,97,2020-04-03,45,1,1,32879267,1345,48,253.2043,9.0362873
no,Norway,Europe,98,2020-04-10,46,1,1,29150112,667,50,125.56674,9.4127998
no,Norway,Europe,99,2020-04-17,47,1,1,33581247,573,39,107.87068,7.3419838
no,Norway,Europe,100,2020-04-24,48,1,1,32993118,417,33,78.502747,6.2124476
no,Norway,Europe,101,2020-05-01,49,1,1,32245681,286,7,53.841213,1.3177919
no,Norway,Europe,102,2020-05-08,50,1,1,32698720,205,20,38.592476,3.7651198
no,Norway,Europe,103,2020-05-15,51,1,1,33967140,110,5,20.708158,0.94127995
no,Norway,Europe,104,2020-05-22,52,1,1,33026745,115,1,21.649439,0.188256
nz,New Zealand,Oceania,1,2018-06-01,1,0,0,15736480,0,0,0,0
nz,New Zealand,Oceania,2,2018-06-08,2,0,0,15871914,0,0,0,0
nz,New Zealand,Oceania,3,2018-06-15,3,0,0,16873688,0,0,0,0
nz,New Zealand,Oceania,4,2018-06-22,4,0,0,16501320,0,0,0,0
nz,New Zealand,Oceania,5,2018-06-29,5,0,0,17374167,0,0,0,0
nz,New Zealand,Oceania,6,2018-07-06,6,0,0,16037572,0,0,0,0
nz,New Zealand,Oceania,7,2018-07-13,7,0,0,16662929,0,0,0,0
nz,New Zealand,Oceania,8,2018-07-20,8,0,0,16062671,0,0,0,0
nz,New Zealand,Oceania,9,2018-07-27,9,0,0,16267634,0,0,0,0
nz,New Zealand,Oceania,10,2018-08-03,10,0,0,17269101,0,0,0,0
nz,New Zealand,Oceania,11,2018-08-10,11,0,0,16232608,0,0,0,0
nz,New Zealand,Oceania,12,2018-08-17,12,0,0,16378645,0,0,0,0
nz,New Zealand,Oceania,13,2018-08-24,13,0,0,15628293,0,0,0,0
nz,New Zealand,Oceania,14,2018-08-31,14,0,0,16990346,0,0,0,0
nz,New Zealand,Oceania,15,2018-09-07,15,0,0,16662536,0,0,0,0
nz,New Zealand,Oceania,16,2018-09-14,16,0,0,16517625,0,0,0,0
nz,New Zealand,Oceania,17,2018-09-21,17,0,0,16424750,0,0,0,0
nz,New Zealand,Oceania,18,2018-09-28,18,0,0,15994340,0,0,0,0
nz,New Zealand,Oceania,19,2018-10-05,19,0,0,15630327,0,0,0,0
nz,New Zealand,Oceania,20,2018-10-12,20,0,0,15945748,0,0,0,0
nz,New Zealand,Oceania,21,2018-10-19,21,0,0,16772558,0,0,0,0
nz,New Zealand,Oceania,22,2018-10-26,22,0,0,16222397,0,0,0,0
nz,New Zealand,Oceania,23,2018-11-02,23,0,0,16665561,0,0,0,0
nz,New Zealand,Oceania,24,2018-11-09,24,0,0,17283066,0,0,0,0
nz,New Zealand,Oceania,25,2018-11-16,25,0,0,16284565,0,0,0,0
nz,New Zealand,Oceania,26,2018-11-23,26,0,0,16123866,0,0,0,0
nz,New Zealand,Oceania,27,2018-11-30,27,0,0,16536742,0,0,0,0
nz,New Zealand,Oceania,28,2018-12-07,28,0,0,17236508,0,0,0,0
nz,New Zealand,Oceania,29,2018-12-14,29,0,0,17876130,0,0,0,0
nz,New Zealand,Oceania,30,2018-12-21,30,0,0,21996514,0,0,0,0
nz,New Zealand,Oceania,31,2018-12-28,31,0,0,16049456,0,0,0,0
nz,New Zealand,Oceania,32,2019-01-04,32,0,0,16576866,0,0,0,0
nz,New Zealand,Oceania,33,2019-01-11,33,0,0,16670515,0,0,0,0
nz,New Zealand,Oceania,34,2019-01-18,34,0,0,17356280,0,0,0,0
nz,New Zealand,Oceania,35,2019-01-25,35,0,0,17016137,0,0,0,0
nz,New Zealand,Oceania,36,2019-02-01,36,0,0,17156090,0,0,0,0
nz,New Zealand,Oceania,37,2019-02-08,37,0,0,18926959,0,0,0,0
nz,New Zealand,Oceania,38,2019-02-15,38,0,0,17796906,0,0,0,0
nz,New Zealand,Oceania,39,2019-02-22,39,0,0,17065715,0,0,0,0
nz,New Zealand,Oceania,40,2019-03-01,40,0,0,17044861,0,0,0,0
nz,New Zealand,Oceania,41,2019-03-08,41,0,1,16570295,0,0,0,0
nz,New Zealand,Oceania,42,2019-03-15,42,0,1,15647326,0,0,0,0
nz,New Zealand,Oceania,43,2019-03-22,43,0,1,15840837,0,0,0,0
nz,New Zealand,Oceania,44,2019-03-29,44,0,1,17489402,0,0,0,0
nz,New Zealand,Oceania,45,2019-04-05,45,0,1,17000773,0,0,0,0
nz,New Zealand,Oceania,46,2019-04-12,46,0,1,16679622,0,0,0,0
nz,New Zealand,Oceania,47,2019-04-19,47,0,1,15396737,0,0,0,0
nz,New Zealand,Oceania,48,2019-04-26,48,0,1,15657824,0,0,0,0
nz,New Zealand,Oceania,49,2019-05-03,49,0,1,15737880,0,0,0,0
nz,New Zealand,Oceania,50,2019-05-10,50,0,1,15749146,0,0,0,0
nz,New Zealand,Oceania,51,2019-05-17,51,0,1,16139031,0,0,0,0
nz,New Zealand,Oceania,52,2019-05-24,52,0,1,15997780,0,0,0,0
nz,New Zealand,Oceania,53,2019-05-31,1,1,0,14865949,0,0,0,0
nz,New Zealand,Oceania,54,2019-06-07,2,1,0,14780591,0,0,0,0
nz,New Zealand,Oceania,55,2019-06-14,3,1,0,14946001,0,0,0,0
nz,New Zealand,Oceania,56,2019-06-21,4,1,0,14947905,0,0,0,0
nz,New Zealand,Oceania,57,2019-06-28,5,1,0,15447175,0,0,0,0
nz,New Zealand,Oceania,58,2019-07-05,6,1,0,15388620,0,0,0,0
nz,New Zealand,Oceania,59,2019-07-12,7,1,0,16128182,0,0,0,0
nz,New Zealand,Oceania,60,2019-07-19,8,1,0,15259848,0,0,0,0
nz,New Zealand,Oceania,61,2019-07-26,9,1,0,15357234,0,0,0,0
nz,New Zealand,Oceania,62,2019-08-02,10,1,0,15293731,0,0,0,0
nz,New Zealand,Oceania,63,2019-08-09,11,1,0,15028824,0,0,0,0
nz,New Zealand,Oceania,64,2019-08-16,12,1,0,14926377,0,0,0,0
nz,New Zealand,Oceania,65,2019-08-23,13,1,0,16049354,0,0,0,0
nz,New Zealand,Oceania,66,2019-08-30,14,1,0,15935857,0,0,0,0
nz,New Zealand,Oceania,67,2019-09-06,15,1,0,16827508,0,0,0,0
nz,New Zealand,Oceania,68,2019-09-13,16,1,0,16667138,0,0,0,0
nz,New Zealand,Oceania,69,2019-09-20,17,1,0,15956631,0,0,0,0
nz,New Zealand,Oceania,70,2019-09-27,18,1,0,15730704,0,0,0,0
nz,New Zealand,Oceania,71,2019-10-04,19,1,0,15936452,0,0,0,0
nz,New Zealand,Oceania,72,2019-10-11,20,1,0,16288529,0,0,0,0
nz,New Zealand,Oceania,73,2019-10-18,21,1,0,16147926,0,0,0,0
nz,New Zealand,Oceania,74,2019-10-25,22,1,0,17157636,0,0,0,0
nz,New Zealand,Oceania,75,2019-11-01,23,1,0,17215546,0,0,0,0
nz,New Zealand,Oceania,76,2019-11-08,24,1,0,17735784,0,0,0,0
nz,New Zealand,Oceania,77,2019-11-15,25,1,0,17482898,0,0,0,0
nz,New Zealand,Oceania,78,2019-11-22,26,1,0,17665917,0,0,0,0
nz,New Zealand,Oceania,79,2019-11-29,27,1,0,17487884,0,0,0,0
nz,New Zealand,Oceania,80,2019-12-06,28,1,0,17769261,0,0,0,0
nz,New Zealand,Oceania,81,2019-12-13,29,1,0,18496891,0,0,0,0
nz,New Zealand,Oceania,82,2019-12-20,30,1,0,23440966,0,0,0,0
nz,New Zealand,Oceania,83,2019-12-27,31,1,0,16961500,0,0,0,0
nz,New Zealand,Oceania,84,2020-01-03,32,1,0,17186056,0,0,0,0
nz,New Zealand,Oceania,85,2020-01-10,33,1,0,18670014,0,0,0,0
nz,New Zealand,Oceania,86,2020-01-17,34,1,0,19783734,0,0,0,0
nz,New Zealand,Oceania,87,2020-01-24,35,1,0,18611306,0,0,0,0
nz,New Zealand,Oceania,88,2020-01-31,36,1,0,18224974,0,0,0,0
nz,New Zealand,Oceania,89,2020-02-07,37,1,0,18235122,0,0,0,0
nz,New Zealand,Oceania,90,2020-02-14,38,1,0,18500270,0,0,0,0
nz,New Zealand,Oceania,91,2020-02-21,39,1,0,18378233,0,0,0,0
nz,New Zealand,Oceania,92,2020-02-28,40,1,0,18004244,3,0,0.61970669,0
nz,New Zealand,Oceania,93,2020-03-06,41,1,1,18063876,2,0,0.41313779,0
nz,New Zealand,Oceania,94,2020-03-13,42,1,1,17290288,0,0,0,0
nz,New Zealand,Oceania,95,2020-03-20,43,1,1,16886191,234,0,48.33712,0
nz,New Zealand,Oceania,96,2020-03-27,44,1,1,15998254,461,1,95.228256,0.2065689
nz,New Zealand,Oceania,97,2020-04-03,45,1,1,15571994,269,0,55.567032,0
nz,New Zealand,Oceania,98,2020-04-10,46,1,1,14646828,92,8,19.004337,1.6525512
nz,New Zealand,Oceania,99,2020-04-17,47,1,1,14515811,28,7,5.7839289,1.4459822
nz,New Zealand,Oceania,100,2020-04-24,48,1,1,15187274,17,3,3.5116711,0.61970669
nz,New Zealand,Oceania,101,2020-05-01,49,1,1,14831442,10,2,2.0656888,0.41313779
nz,New Zealand,Oceania,102,2020-05-08,50,1,1,15414182,8,0,1.6525512,0
nz,New Zealand,Oceania,103,2020-05-15,51,1,1,15733225,6,0,1.2394134,0
nz,New Zealand,Oceania,104,2020-05-22,52,1,1,15806084,1,1,0.2065689,0.2065689
pa,Panama,North America,1,2018-06-01,1,0,0,2929296,0,0,0,0
pa,Panama,North America,2,2018-06-08,2,0,0,2801841,0,0,0,0
pa,Panama,North America,3,2018-06-15,3,0,0,2700902,0,0,0,0
pa,Panama,North America,4,2018-06-22,4,0,0,2800467,0,0,0,0
pa,Panama,North America,5,2018-06-29,5,0,0,3236034,0,0,0,0
pa,Panama,North America,6,2018-07-06,6,0,0,3306685,0,0,0,0
pa,Panama,North America,7,2018-07-13,7,0,0,3462626,0,0,0,0
pa,Panama,North America,8,2018-07-20,8,0,0,3446005,0,0,0,0
pa,Panama,North America,9,2018-07-27,9,0,0,3435605,0,0,0,0
pa,Panama,North America,10,2018-08-03,10,0,0,3419148,0,0,0,0
pa,Panama,North America,11,2018-08-10,11,0,0,3442392,0,0,0,0
pa,Panama,North America,12,2018-08-17,12,0,0,3475423,0,0,0,0
pa,Panama,North America,13,2018-08-24,13,0,0,3778589,0,0,0,0
pa,Panama,North America,14,2018-08-31,14,0,0,3807487,0,0,0,0
pa,Panama,North America,15,2018-09-07,15,0,0,3633549,0,0,0,0
pa,Panama,North America,16,2018-09-14,16,0,0,3669598,0,0,0,0
pa,Panama,North America,17,2018-09-21,17,0,0,3613669,0,0,0,0
pa,Panama,North America,18,2018-09-28,18,0,0,3782806,0,0,0,0
pa,Panama,North America,19,2018-10-05,19,0,0,3722583,0,0,0,0
pa,Panama,North America,20,2018-10-12,20,0,0,3860329,0,0,0,0
pa,Panama,North America,21,2018-10-19,21,0,0,3775651,0,0,0,0
pa,Panama,North America,22,2018-10-26,22,0,0,3830907,0,0,0,0
pa,Panama,North America,23,2018-11-02,23,0,0,3715474,0,0,0,0
pa,Panama,North America,24,2018-11-09,24,0,0,3759488,0,0,0,0
pa,Panama,North America,25,2018-11-16,25,0,0,3783226,0,0,0,0
pa,Panama,North America,26,2018-11-23,26,0,0,3802263,0,0,0,0
pa,Panama,North America,27,2018-11-30,27,0,0,3893748,0,0,0,0
pa,Panama,North America,28,2018-12-07,28,0,0,4216528,0,0,0,0
pa,Panama,North America,29,2018-12-14,29,0,0,4315804,0,0,0,0
pa,Panama,North America,30,2018-12-21,30,0,0,4509808,0,0,0,0
pa,Panama,North America,31,2018-12-28,31,0,0,4568196,0,0,0,0
pa,Panama,North America,32,2019-01-04,32,0,0,4333276,0,0,0,0
pa,Panama,North America,33,2019-01-11,33,0,0,4529425,0,0,0,0
pa,Panama,North America,34,2019-01-18,34,0,0,4496097,0,0,0,0
pa,Panama,North America,35,2019-01-25,35,0,0,4422900,0,0,0,0
pa,Panama,North America,36,2019-02-01,36,0,0,4757171,0,0,0,0
pa,Panama,North America,37,2019-02-08,37,0,0,4783497,0,0,0,0
pa,Panama,North America,38,2019-02-15,38,0,0,4681689,0,0,0,0
pa,Panama,North America,39,2019-02-22,39,0,0,4679792,0,0,0,0
pa,Panama,North America,40,2019-03-01,40,0,0,4522050,0,0,0,0
pa,Panama,North America,41,2019-03-08,41,0,1,4415318,0,0,0,0
pa,Panama,North America,42,2019-03-15,42,0,1,4728799,0,0,0,0
pa,Panama,North America,43,2019-03-22,43,0,1,4688634,0,0,0,0
pa,Panama,North America,44,2019-03-29,44,0,1,4974273,0,0,0,0
pa,Panama,North America,45,2019-04-05,45,0,1,4768821,0,0,0,0
pa,Panama,North America,46,2019-04-12,46,0,1,5058583,0,0,0,0
pa,Panama,North America,47,2019-04-19,47,0,1,6351622,0,0,0,0
pa,Panama,North America,48,2019-04-26,48,0,1,5643448,0,0,0,0
pa,Panama,North America,49,2019-05-03,49,0,1,5104548,0,0,0,0
pa,Panama,North America,50,2019-05-10,50,0,1,5256732,0,0,0,0
pa,Panama,North America,51,2019-05-17,51,0,1,5012830,0,0,0,0
pa,Panama,North America,52,2019-05-24,52,0,1,4910097,0,0,0,0
pa,Panama,North America,53,2019-05-31,1,1,0,4926433,0,0,0,0
pa,Panama,North America,54,2019-06-07,2,1,0,4774403,0,0,0,0
pa,Panama,North America,55,2019-06-14,3,1,0,4991233,0,0,0,0
pa,Panama,North America,56,2019-06-21,4,1,0,4762641,0,0,0,0
pa,Panama,North America,57,2019-06-28,5,1,0,5151163,0,0,0,0
pa,Panama,North America,58,2019-07-05,6,1,0,4731497,0,0,0,0
pa,Panama,North America,59,2019-07-12,7,1,0,4821382,0,0,0,0
pa,Panama,North America,60,2019-07-19,8,1,0,4831916,0,0,0,0
pa,Panama,North America,61,2019-07-26,9,1,0,5215948,0,0,0,0
pa,Panama,North America,62,2019-08-02,10,1,0,5098556,0,0,0,0
pa,Panama,North America,63,2019-08-09,11,1,0,5050623,0,0,0,0
pa,Panama,North America,64,2019-08-16,12,1,0,5115633,0,0,0,0
pa,Panama,North America,65,2019-08-23,13,1,0,4988735,0,0,0,0
pa,Panama,North America,66,2019-08-30,14,1,0,5227866,0,0,0,0
pa,Panama,North America,67,2019-09-06,15,1,0,5087019,0,0,0,0
pa,Panama,North America,68,2019-09-13,16,1,0,5070225,0,0,0,0
pa,Panama,North America,69,2019-09-20,17,1,0,5048124,0,0,0,0
pa,Panama,North America,70,2019-09-27,18,1,0,5133908,0,0,0,0
pa,Panama,North America,71,2019-10-04,19,1,0,4825817,0,0,0,0
pa,Panama,North America,72,2019-10-11,20,1,0,5033208,0,0,0,0
pa,Panama,North America,73,2019-10-18,21,1,0,4958659,0,0,0,0
pa,Panama,North America,74,2019-10-25,22,1,0,5083837,0,0,0,0
pa,Panama,North America,75,2019-11-01,23,1,0,4858769,0,0,0,0
pa,Panama,North America,76,2019-11-08,24,1,0,4685987,0,0,0,0
pa,Panama,North America,77,2019-11-15,25,1,0,5061200,0,0,0,0
pa,Panama,North America,78,2019-11-22,26,1,0,5173759,0,0,0,0
pa,Panama,North America,79,2019-11-29,27,1,0,5247446,0,0,0,0
pa,Panama,North America,80,2019-12-06,28,1,0,5187042,0,0,0,0
pa,Panama,North America,81,2019-12-13,29,1,0,5351248,0,0,0,0
pa,Panama,North America,82,2019-12-20,30,1,0,5439464,0,0,0,0
pa,Panama,North America,83,2019-12-27,31,1,0,5281429,0,0,0,0
pa,Panama,North America,84,2020-01-03,32,1,0,5095593,0,0,0,0
pa,Panama,North America,85,2020-01-10,33,1,0,5377965,0,0,0,0
pa,Panama,North America,86,2020-01-17,34,1,0,5576161,0,0,0,0
pa,Panama,North America,87,2020-01-24,35,1,0,5626658,0,0,0,0
pa,Panama,North America,88,2020-01-31,36,1,0,5578735,0,0,0,0
pa,Panama,North America,89,2020-02-07,37,1,0,5669705,0,0,0,0
pa,Panama,North America,90,2020-02-14,38,1,0,6269458,0,0,0,0
pa,Panama,North America,91,2020-02-21,39,1,0,5612472,0,0,0,0
pa,Panama,North America,92,2020-02-28,40,1,0,7600855,0,0,0,0
pa,Panama,North America,93,2020-03-06,41,1,1,6647288,0,0,0,0
pa,Panama,North America,94,2020-03-13,42,1,1,5631231,95,0,22.744287,0
pa,Panama,North America,95,2020-03-20,43,1,1,5131027,479,5,114.67909,1.1970677
pa,Panama,North America,96,2020-03-27,44,1,1,4690945,729,26,174.53249,6.2247524
pa,Panama,North America,97,2020-04-03,45,1,1,4666528,1211,31,289.92981,7.4218202
pa,Panama,North America,98,2020-04-10,46,1,1,4432115,1223,40,292.80276,9.5765419
pa,Panama,North America,99,2020-04-17,47,1,1,4712501,1241,41,297.11221,9.8159552
pa,Panama,North America,100,2020-04-24,48,1,1,4456433,1386,34,331.82718,8.1400604
pa,Panama,North America,101,2020-05-01,49,1,1,4331755,1353,40,323.92654,9.5765419
pa,Panama,North America,102,2020-05-08,50,1,1,4888459,1213,38,290.40863,9.0977154
pa,Panama,North America,103,2020-05-15,51,1,1,4619021,1033,31,247.31419,7.4218202
pa,Panama,North America,104,2020-05-22,52,1,1,4803931,1751,28,419.21313,6.7035794
pe,Peru,South America,1,2018-06-01,1,0,0,23981049,0,0,0,0
pe,Peru,South America,2,2018-06-08,2,0,0,23977364,0,0,0,0
pe,Peru,South America,3,2018-06-15,3,0,0,21733852,0,0,0,0
pe,Peru,South America,4,2018-06-22,4,0,0,23085240,0,0,0,0
pe,Peru,South America,5,2018-06-29,5,0,0,23892325,0,0,0,0
pe,Peru,South America,6,2018-07-06,6,0,0,24485537,0,0,0,0
pe,Peru,South America,7,2018-07-13,7,0,0,25212336,0,0,0,0
pe,Peru,South America,8,2018-07-20,8,0,0,25696158,0,0,0,0
pe,Peru,South America,9,2018-07-27,9,0,0,25121303,0,0,0,0
pe,Peru,South America,10,2018-08-03,10,0,0,25506299,0,0,0,0
pe,Peru,South America,11,2018-08-10,11,0,0,25914785,0,0,0,0
pe,Peru,South America,12,2018-08-17,12,0,0,26424021,0,0,0,0
pe,Peru,South America,13,2018-08-24,13,0,0,26503558,0,0,0,0
pe,Peru,South America,14,2018-08-31,14,0,0,26578765,0,0,0,0
pe,Peru,South America,15,2018-09-07,15,0,0,27237367,0,0,0,0
pe,Peru,South America,16,2018-09-14,16,0,0,27263268,0,0,0,0
pe,Peru,South America,17,2018-09-21,17,0,0,27417285,0,0,0,0
pe,Peru,South America,18,2018-09-28,18,0,0,27870787,0,0,0,0
pe,Peru,South America,19,2018-10-05,19,0,0,27762436,0,0,0,0
pe,Peru,South America,20,2018-10-12,20,0,0,28668067,0,0,0,0
pe,Peru,South America,21,2018-10-19,21,0,0,28767235,0,0,0,0
pe,Peru,South America,22,2018-10-26,22,0,0,28755247,0,0,0,0
pe,Peru,South America,23,2018-11-02,23,0,0,29838936,0,0,0,0
pe,Peru,South America,24,2018-11-09,24,0,0,31000191,0,0,0,0
pe,Peru,South America,25,2018-11-16,25,0,0,30365973,0,0,0,0
pe,Peru,South America,26,2018-11-23,26,0,0,30467266,0,0,0,0
pe,Peru,South America,27,2018-11-30,27,0,0,30296409,0,0,0,0
pe,Peru,South America,28,2018-12-07,28,0,0,30201729,0,0,0,0
pe,Peru,South America,29,2018-12-14,29,0,0,30620062,0,0,0,0
pe,Peru,South America,30,2018-12-21,30,0,0,29039070,0,0,0,0
pe,Peru,South America,31,2018-12-28,31,0,0,29511051,0,0,0,0
pe,Peru,South America,32,2019-01-04,32,0,0,31204512,0,0,0,0
pe,Peru,South America,33,2019-01-11,33,0,0,32341201,0,0,0,0
pe,Peru,South America,34,2019-01-18,34,0,0,34088861,0,0,0,0
pe,Peru,South America,35,2019-01-25,35,0,0,34660594,0,0,0,0
pe,Peru,South America,36,2019-02-01,36,0,0,34993543,0,0,0,0
pe,Peru,South America,37,2019-02-08,37,0,0,34902354,0,0,0,0
pe,Peru,South America,38,2019-02-15,38,0,0,34405043,0,0,0,0
pe,Peru,South America,39,2019-02-22,39,0,0,33988258,0,0,0,0
pe,Peru,South America,40,2019-03-01,40,0,0,33606126,0,0,0,0
pe,Peru,South America,41,2019-03-08,41,0,1,33068842,0,0,0,0
pe,Peru,South America,42,2019-03-15,42,0,1,34147571,0,0,0,0
pe,Peru,South America,43,2019-03-22,43,0,1,34266666,0,0,0,0
pe,Peru,South America,44,2019-03-29,44,0,1,34231567,0,0,0,0
pe,Peru,South America,45,2019-04-05,45,0,1,34388093,0,0,0,0
pe,Peru,South America,46,2019-04-12,46,0,1,34538073,0,0,0,0
pe,Peru,South America,47,2019-04-19,47,0,1,32128276,0,0,0,0
pe,Peru,South America,48,2019-04-26,48,0,1,32524823,0,0,0,0
pe,Peru,South America,49,2019-05-03,49,0,1,34038818,0,0,0,0
pe,Peru,South America,50,2019-05-10,50,0,1,34637410,0,0,0,0
pe,Peru,South America,51,2019-05-17,51,0,1,35146468,0,0,0,0
pe,Peru,South America,52,2019-05-24,52,0,1,35119594,0,0,0,0
pe,Peru,South America,53,2019-05-31,1,1,0,33989936,0,0,0,0
pe,Peru,South America,54,2019-06-07,2,1,0,34124559,0,0,0,0
pe,Peru,South America,55,2019-06-14,3,1,0,32445639,0,0,0,0
pe,Peru,South America,56,2019-06-21,4,1,0,33820926,0,0,0,0
pe,Peru,South America,57,2019-06-28,5,1,0,33317912,0,0,0,0
pe,Peru,South America,58,2019-07-05,6,1,0,34379257,0,0,0,0
pe,Peru,South America,59,2019-07-12,7,1,0,34760985,0,0,0,0
pe,Peru,South America,60,2019-07-19,8,1,0,34777242,0,0,0,0
pe,Peru,South America,61,2019-07-26,9,1,0,34290753,0,0,0,0
pe,Peru,South America,62,2019-08-02,10,1,0,36034590,0,0,0,0
pe,Peru,South America,63,2019-08-09,11,1,0,37653206,0,0,0,0
pe,Peru,South America,64,2019-08-16,12,1,0,37251759,0,0,0,0
pe,Peru,South America,65,2019-08-23,13,1,0,36630105,0,0,0,0
pe,Peru,South America,66,2019-08-30,14,1,0,36395463,0,0,0,0
pe,Peru,South America,67,2019-09-06,15,1,0,37596662,0,0,0,0
pe,Peru,South America,68,2019-09-13,16,1,0,37597886,0,0,0,0
pe,Peru,South America,69,2019-09-20,17,1,0,36818066,0,0,0,0
pe,Peru,South America,70,2019-09-27,18,1,0,35888815,0,0,0,0
pe,Peru,South America,71,2019-10-04,19,1,0,35154314,0,0,0,0
pe,Peru,South America,72,2019-10-11,20,1,0,36389735,0,0,0,0
pe,Peru,South America,73,2019-10-18,21,1,0,37033700,0,0,0,0
pe,Peru,South America,74,2019-10-25,22,1,0,38157804,0,0,0,0
pe,Peru,South America,75,2019-11-01,23,1,0,36367197,0,0,0,0
pe,Peru,South America,76,2019-11-08,24,1,0,37360953,0,0,0,0
pe,Peru,South America,77,2019-11-15,25,1,0,37703996,0,0,0,0
pe,Peru,South America,78,2019-11-22,26,1,0,37920837,0,0,0,0
pe,Peru,South America,79,2019-11-29,27,1,0,37929450,0,0,0,0
pe,Peru,South America,80,2019-12-06,28,1,0,37779500,0,0,0,0
pe,Peru,South America,81,2019-12-13,29,1,0,38341909,0,0,0,0
pe,Peru,South America,82,2019-12-20,30,1,0,37381358,0,0,0,0
pe,Peru,South America,83,2019-12-27,31,1,0,38042223,0,0,0,0
pe,Peru,South America,84,2020-01-03,32,1,0,39456804,0,0,0,0
pe,Peru,South America,85,2020-01-10,33,1,0,41489172,0,0,0,0
pe,Peru,South America,86,2020-01-17,34,1,0,42364808,0,0,0,0
pe,Peru,South America,87,2020-01-24,35,1,0,41783416,0,0,0,0
pe,Peru,South America,88,2020-01-31,36,1,0,40833021,0,0,0,0
pe,Peru,South America,89,2020-02-07,37,1,0,39937046,0,0,0,0
pe,Peru,South America,90,2020-02-14,38,1,0,39232865,0,0,0,0
pe,Peru,South America,91,2020-02-21,39,1,0,38585980,0,0,0,0
pe,Peru,South America,92,2020-02-28,40,1,0,43228169,0,0,0,0
pe,Peru,South America,93,2020-03-06,41,1,1,42497710,0,0,0,0
pe,Peru,South America,94,2020-03-13,42,1,1,33573468,128,0,4.0013433,0
pe,Peru,South America,95,2020-03-20,43,1,1,30738840,413,8,12.910584,0.25008395
pe,Peru,South America,96,2020-03-27,44,1,1,30248114,765,39,23.91428,1.2191594
pe,Peru,South America,97,2020-04-03,45,1,1,28562695,3019,74,94.375435,2.3132768
pe,Peru,South America,98,2020-04-10,46,1,1,29358135,7133,133,222.98111,4.1576457
pe,Peru,South America,99,2020-04-17,47,1,1,29870487,7775,276,243.05035,8.6278973
pe,Peru,South America,100,2020-04-24,48,1,1,28750865,14681,413,458.93533,12.910584
pe,Peru,South America,101,2020-05-01,49,1,1,27999268,20886,590,652.90674,18.443693
pe,Peru,South America,102,2020-05-08,50,1,1,29354592,21489,636,671.75677,19.881676
pe,Peru,South America,103,2020-05-15,51,1,1,28239094,27714,855,866.35339,26.727724
pe,Peru,South America,104,2020-05-22,52,1,1,28346028,31885,959,996.74091,29.978815
ph,Philippines,Asia,1,2018-06-01,1,0,0,66056600,0,0,0,0
ph,Philippines,Asia,2,2018-06-08,2,0,0,64777032,0,0,0,0
ph,Philippines,Asia,3,2018-06-15,3,0,0,67035605,0,0,0,0
ph,Philippines,Asia,4,2018-06-22,4,0,0,67950997,0,0,0,0
ph,Philippines,Asia,5,2018-06-29,5,0,0,65997801,0,0,0,0
ph,Philippines,Asia,6,2018-07-06,6,0,0,65476836,0,0,0,0
ph,Philippines,Asia,7,2018-07-13,7,0,0,67826951,0,0,0,0
ph,Philippines,Asia,8,2018-07-20,8,0,0,66854903,0,0,0,0
ph,Philippines,Asia,9,2018-07-27,9,0,0,66602017,0,0,0,0
ph,Philippines,Asia,10,2018-08-03,10,0,0,66899458,0,0,0,0
ph,Philippines,Asia,11,2018-08-10,11,0,0,65014331,0,0,0,0
ph,Philippines,Asia,12,2018-08-17,12,0,0,65416253,0,0,0,0
ph,Philippines,Asia,13,2018-08-24,13,0,0,64689406,0,0,0,0
ph,Philippines,Asia,14,2018-08-31,14,0,0,63159201,0,0,0,0
ph,Philippines,Asia,15,2018-09-07,15,0,0,61890750,0,0,0,0
ph,Philippines,Asia,16,2018-09-14,16,0,0,60683924,0,0,0,0
ph,Philippines,Asia,17,2018-09-21,17,0,0,63659926,0,0,0,0
ph,Philippines,Asia,18,2018-09-28,18,0,0,66304061,0,0,0,0
ph,Philippines,Asia,19,2018-10-05,19,0,0,73194381,0,0,0,0
ph,Philippines,Asia,20,2018-10-12,20,0,0,73341186,0,0,0,0
ph,Philippines,Asia,21,2018-10-19,21,0,0,73796472,0,0,0,0
ph,Philippines,Asia,22,2018-10-26,22,0,0,72062909,0,0,0,0
ph,Philippines,Asia,23,2018-11-02,23,0,0,71621310,0,0,0,0
ph,Philippines,Asia,24,2018-11-09,24,0,0,74304572,0,0,0,0
ph,Philippines,Asia,25,2018-11-16,25,0,0,74610979,0,0,0,0
ph,Philippines,Asia,26,2018-11-23,26,0,0,74866657,0,0,0,0
ph,Philippines,Asia,27,2018-11-30,27,0,0,73968221,0,0,0,0
ph,Philippines,Asia,28,2018-12-07,28,0,0,73873636,0,0,0,0
ph,Philippines,Asia,29,2018-12-14,29,0,0,73748703,0,0,0,0
ph,Philippines,Asia,30,2018-12-21,30,0,0,71921867,0,0,0,0
ph,Philippines,Asia,31,2018-12-28,31,0,0,69720221,0,0,0,0
ph,Philippines,Asia,32,2019-01-04,32,0,0,73402067,0,0,0,0
ph,Philippines,Asia,33,2019-01-11,33,0,0,77924621,0,0,0,0
ph,Philippines,Asia,34,2019-01-18,34,0,0,79573665,0,0,0,0
ph,Philippines,Asia,35,2019-01-25,35,0,0,80532058,0,0,0,0
ph,Philippines,Asia,36,2019-02-01,36,0,0,81416858,0,0,0,0
ph,Philippines,Asia,37,2019-02-08,37,0,0,85484595,0,0,0,0
ph,Philippines,Asia,38,2019-02-15,38,0,0,84201507,0,0,0,0
ph,Philippines,Asia,39,2019-02-22,39,0,0,82643557,0,0,0,0
ph,Philippines,Asia,40,2019-03-01,40,0,0,83206768,0,0,0,0
ph,Philippines,Asia,41,2019-03-08,41,0,1,81027452,0,0,0,0
ph,Philippines,Asia,42,2019-03-15,42,0,1,80475459,0,0,0,0
ph,Philippines,Asia,43,2019-03-22,43,0,1,77188065,0,0,0,0
ph,Philippines,Asia,44,2019-03-29,44,0,1,76014445,0,0,0,0
ph,Philippines,Asia,45,2019-04-05,45,0,1,77140956,0,0,0,0
ph,Philippines,Asia,46,2019-04-12,46,0,1,78061572,0,0,0,0
ph,Philippines,Asia,47,2019-04-19,47,0,1,69912597,0,0,0,0
ph,Philippines,Asia,48,2019-04-26,48,0,1,72503054,0,0,0,0
ph,Philippines,Asia,49,2019-05-03,49,0,1,73589791,0,0,0,0
ph,Philippines,Asia,50,2019-05-10,50,0,1,71590161,0,0,0,0
ph,Philippines,Asia,51,2019-05-17,51,0,1,72026817,0,0,0,0
ph,Philippines,Asia,52,2019-05-24,52,0,1,73645984,0,0,0,0
ph,Philippines,Asia,53,2019-05-31,1,1,0,73046339,0,0,0,0
ph,Philippines,Asia,54,2019-06-07,2,1,0,71483592,0,0,0,0
ph,Philippines,Asia,55,2019-06-14,3,1,0,72496884,0,0,0,0
ph,Philippines,Asia,56,2019-06-21,4,1,0,74288695,0,0,0,0
ph,Philippines,Asia,57,2019-06-28,5,1,0,76471691,0,0,0,0
ph,Philippines,Asia,58,2019-07-05,6,1,0,77839583,0,0,0,0
ph,Philippines,Asia,59,2019-07-12,7,1,0,78774058,0,0,0,0
ph,Philippines,Asia,60,2019-07-19,8,1,0,78248135,0,0,0,0
ph,Philippines,Asia,61,2019-07-26,9,1,0,77704418,0,0,0,0
ph,Philippines,Asia,62,2019-08-02,10,1,0,78195636,0,0,0,0
ph,Philippines,Asia,63,2019-08-09,11,1,0,77554726,0,0,0,0
ph,Philippines,Asia,64,2019-08-16,12,1,0,78851021,0,0,0,0
ph,Philippines,Asia,65,2019-08-23,13,1,0,84895701,0,0,0,0
ph,Philippines,Asia,66,2019-08-30,14,1,0,83376569,0,0,0,0
ph,Philippines,Asia,67,2019-09-06,15,1,0,81505181,0,0,0,0
ph,Philippines,Asia,68,2019-09-13,16,1,0,81297588,0,0,0,0
ph,Philippines,Asia,69,2019-09-20,17,1,0,78811433,0,0,0,0
ph,Philippines,Asia,70,2019-09-27,18,1,0,77949249,0,0,0,0
ph,Philippines,Asia,71,2019-10-04,19,1,0,80348065,0,0,0,0
ph,Philippines,Asia,72,2019-10-11,20,1,0,83561571,0,0,0,0
ph,Philippines,Asia,73,2019-10-18,21,1,0,84418134,0,0,0,0
ph,Philippines,Asia,74,2019-10-25,22,1,0,85279958,0,0,0,0
ph,Philippines,Asia,75,2019-11-01,23,1,0,84607671,0,0,0,0
ph,Philippines,Asia,76,2019-11-08,24,1,0,84058264,0,0,0,0
ph,Philippines,Asia,77,2019-11-15,25,1,0,85057711,0,0,0,0
ph,Philippines,Asia,78,2019-11-22,26,1,0,83733801,0,0,0,0
ph,Philippines,Asia,79,2019-11-29,27,1,0,82656139,0,0,0,0
ph,Philippines,Asia,80,2019-12-06,28,1,0,84896503,0,0,0,0
ph,Philippines,Asia,81,2019-12-13,29,1,0,88029236,0,0,0,0
ph,Philippines,Asia,82,2019-12-20,30,1,0,87089807,0,0,0,0
ph,Philippines,Asia,83,2019-12-27,31,1,0,84136153,0,0,0,0
ph,Philippines,Asia,84,2020-01-03,32,1,0,87881495,0,0,0,0
ph,Philippines,Asia,85,2020-01-10,33,1,0,88369369,0,0,0,0
ph,Philippines,Asia,86,2020-01-17,34,1,0,91425311,0,0,0,0
ph,Philippines,Asia,87,2020-01-24,35,1,0,89649607,1,0,0.009376296,0
ph,Philippines,Asia,88,2020-01-31,36,1,0,90541575,2,1,0.018752592,0.009376296
ph,Philippines,Asia,89,2020-02-07,37,1,0,91602678,0,0,0,0
ph,Philippines,Asia,90,2020-02-14,38,1,0,89886529,0,0,0,0
ph,Philippines,Asia,91,2020-02-21,39,1,0,92678649,0,0,0,0
ph,Philippines,Asia,92,2020-02-28,40,1,0,93188586,0,0,0,0
ph,Philippines,Asia,93,2020-03-06,41,1,1,88814075,0,0,0,0
ph,Philippines,Asia,94,2020-03-13,42,1,1,75568222,153,15,1.4345733,0.14064445
ph,Philippines,Asia,95,2020-03-20,43,1,1,68783002,434,21,4.0693126,0.19690222
ph,Philippines,Asia,96,2020-03-27,44,1,1,68510162,1675,58,15.705296,0.54382515
ph,Philippines,Asia,97,2020-04-03,45,1,1,65855476,1559,86,14.617645,0.80636144
ph,Philippines,Asia,98,2020-04-10,46,1,1,64228511,1583,167,14.842677,1.5658414
ph,Philippines,Asia,99,2020-04-17,47,1,1,64158946,1257,97,11.786004,0.90950072
ph,Philippines,Asia,100,2020-04-24,48,1,1,62167569,1502,112,14.083197,1.0501451
ph,Philippines,Asia,101,2020-05-01,49,1,1,62623778,1792,100,16.802322,0.93762958
ph,Philippines,Asia,102,2020-05-08,50,1,1,62907261,1614,114,15.133342,1.0688977
ph,Philippines,Asia,103,2020-05-15,51,1,1,64138216,1603,70,15.030203,0.65634072
ph,Philippines,Asia,104,2020-05-22,52,1,1,66697329,1828,62,17.13987,0.58133036
pl,Poland,Europe,1,2018-06-01,1,0,0,21450552,0,0,0,0
pl,Poland,Europe,2,2018-06-08,2,0,0,22870003,0,0,0,0
pl,Poland,Europe,3,2018-06-15,3,0,0,22917432,0,0,0,0
pl,Poland,Europe,4,2018-06-22,4,0,0,23081939,0,0,0,0
pl,Poland,Europe,5,2018-06-29,5,0,0,23351712,0,0,0,0
pl,Poland,Europe,6,2018-07-06,6,0,0,22732987,0,0,0,0
pl,Poland,Europe,7,2018-07-13,7,0,0,28580421,0,0,0,0
pl,Poland,Europe,8,2018-07-20,8,0,0,27607576,0,0,0,0
pl,Poland,Europe,9,2018-07-27,9,0,0,25896128,0,0,0,0
pl,Poland,Europe,10,2018-08-03,10,0,0,26080864,0,0,0,0
pl,Poland,Europe,11,2018-08-10,11,0,0,24678095,0,0,0,0
pl,Poland,Europe,12,2018-08-17,12,0,0,26005185,0,0,0,0
pl,Poland,Europe,13,2018-08-24,13,0,0,25430818,0,0,0,0
pl,Poland,Europe,14,2018-08-31,14,0,0,24843040,0,0,0,0
pl,Poland,Europe,15,2018-09-07,15,0,0,24352976,0,0,0,0
pl,Poland,Europe,16,2018-09-14,16,0,0,24416983,0,0,0,0
pl,Poland,Europe,17,2018-09-21,17,0,0,24437330,0,0,0,0
pl,Poland,Europe,18,2018-09-28,18,0,0,23881857,0,0,0,0
pl,Poland,Europe,19,2018-10-05,19,0,0,25204285,0,0,0,0
pl,Poland,Europe,20,2018-10-12,20,0,0,24875221,0,0,0,0
pl,Poland,Europe,21,2018-10-19,21,0,0,31389917,0,0,0,0
pl,Poland,Europe,22,2018-10-26,22,0,0,28751624,0,0,0,0
pl,Poland,Europe,23,2018-11-02,23,0,0,26667816,0,0,0,0
pl,Poland,Europe,24,2018-11-09,24,0,0,26090902,0,0,0,0
pl,Poland,Europe,25,2018-11-16,25,0,0,24403341,0,0,0,0
pl,Poland,Europe,26,2018-11-23,26,0,0,24912577,0,0,0,0
pl,Poland,Europe,27,2018-11-30,27,0,0,28481001,0,0,0,0
pl,Poland,Europe,28,2018-12-07,28,0,0,30238727,0,0,0,0
pl,Poland,Europe,29,2018-12-14,29,0,0,32582096,0,0,0,0
pl,Poland,Europe,30,2018-12-21,30,0,0,34175505,0,0,0,0
pl,Poland,Europe,31,2018-12-28,31,0,0,25802888,0,0,0,0
pl,Poland,Europe,32,2019-01-04,32,0,0,26757964,0,0,0,0
pl,Poland,Europe,33,2019-01-11,33,0,0,27748030,0,0,0,0
pl,Poland,Europe,34,2019-01-18,34,0,0,28381517,0,0,0,0
pl,Poland,Europe,35,2019-01-25,35,0,0,28346579,0,0,0,0
pl,Poland,Europe,36,2019-02-01,36,0,0,29008674,0,0,0,0
pl,Poland,Europe,37,2019-02-08,37,0,0,31178320,0,0,0,0
pl,Poland,Europe,38,2019-02-15,38,0,0,31692228,0,0,0,0
pl,Poland,Europe,39,2019-02-22,39,0,0,29777872,0,0,0,0
pl,Poland,Europe,40,2019-03-01,40,0,0,33292099,0,0,0,0
pl,Poland,Europe,41,2019-03-08,41,0,1,29687636,0,0,0,0
pl,Poland,Europe,42,2019-03-15,42,0,1,28955635,0,0,0,0
pl,Poland,Europe,43,2019-03-22,43,0,1,27847496,0,0,0,0
pl,Poland,Europe,44,2019-03-29,44,0,1,29739493,0,0,0,0
pl,Poland,Europe,45,2019-04-05,45,0,1,29552999,0,0,0,0
pl,Poland,Europe,46,2019-04-12,46,0,1,29908835,0,0,0,0
pl,Poland,Europe,47,2019-04-19,47,0,1,25801963,0,0,0,0
pl,Poland,Europe,48,2019-04-26,48,0,1,26291597,0,0,0,0
pl,Poland,Europe,49,2019-05-03,49,0,1,25706537,0,0,0,0
pl,Poland,Europe,50,2019-05-10,50,0,1,27670929,0,0,0,0
pl,Poland,Europe,51,2019-05-17,51,0,1,29658488,0,0,0,0
pl,Poland,Europe,52,2019-05-24,52,0,1,30228358,0,0,0,0
pl,Poland,Europe,53,2019-05-31,1,1,0,32314845,0,0,0,0
pl,Poland,Europe,54,2019-06-07,2,1,0,32732747,0,0,0,0
pl,Poland,Europe,55,2019-06-14,3,1,0,32479090,0,0,0,0
pl,Poland,Europe,56,2019-06-21,4,1,0,33516633,0,0,0,0
pl,Poland,Europe,57,2019-06-28,5,1,0,34998856,0,0,0,0
pl,Poland,Europe,58,2019-07-05,6,1,0,33487572,0,0,0,0
pl,Poland,Europe,59,2019-07-12,7,1,0,34159131,0,0,0,0
pl,Poland,Europe,60,2019-07-19,8,1,0,38445894,0,0,0,0
pl,Poland,Europe,61,2019-07-26,9,1,0,40506544,0,0,0,0
pl,Poland,Europe,62,2019-08-02,10,1,0,37165160,0,0,0,0
pl,Poland,Europe,63,2019-08-09,11,1,0,35837313,0,0,0,0
pl,Poland,Europe,64,2019-08-16,12,1,0,35241281,0,0,0,0
pl,Poland,Europe,65,2019-08-23,13,1,0,35867420,0,0,0,0
pl,Poland,Europe,66,2019-08-30,14,1,0,35620191,0,0,0,0
pl,Poland,Europe,67,2019-09-06,15,1,0,35084518,0,0,0,0
pl,Poland,Europe,68,2019-09-13,16,1,0,35776328,0,0,0,0
pl,Poland,Europe,69,2019-09-20,17,1,0,34920141,0,0,0,0
pl,Poland,Europe,70,2019-09-27,18,1,0,37379388,0,0,0,0
pl,Poland,Europe,71,2019-10-04,19,1,0,37072460,0,0,0,0
pl,Poland,Europe,72,2019-10-11,20,1,0,38057575,0,0,0,0
pl,Poland,Europe,73,2019-10-18,21,1,0,39048936,0,0,0,0
pl,Poland,Europe,74,2019-10-25,22,1,0,40730302,0,0,0,0
pl,Poland,Europe,75,2019-11-01,23,1,0,37626975,0,0,0,0
pl,Poland,Europe,76,2019-11-08,24,1,0,38821797,0,0,0,0
pl,Poland,Europe,77,2019-11-15,25,1,0,40183378,0,0,0,0
pl,Poland,Europe,78,2019-11-22,26,1,0,40552202,0,0,0,0
pl,Poland,Europe,79,2019-11-29,27,1,0,43988287,0,0,0,0
pl,Poland,Europe,80,2019-12-06,28,1,0,44060889,0,0,0,0
pl,Poland,Europe,81,2019-12-13,29,1,0,47159880,0,0,0,0
pl,Poland,Europe,82,2019-12-20,30,1,0,49803582,0,0,0,0
pl,Poland,Europe,83,2019-12-27,31,1,0,36605197,0,0,0,0
pl,Poland,Europe,84,2020-01-03,32,1,0,36623463,0,0,0,0
pl,Poland,Europe,85,2020-01-10,33,1,0,40848698,0,0,0,0
pl,Poland,Europe,86,2020-01-17,34,1,0,44741115,0,0,0,0
pl,Poland,Europe,87,2020-01-24,35,1,0,42336690,0,0,0,0
pl,Poland,Europe,88,2020-01-31,36,1,0,42951748,0,0,0,0
pl,Poland,Europe,89,2020-02-07,37,1,0,43286269,0,0,0,0
pl,Poland,Europe,90,2020-02-14,38,1,0,44075840,0,0,0,0
pl,Poland,Europe,91,2020-02-21,39,1,0,43376823,0,0,0,0
pl,Poland,Europe,92,2020-02-28,40,1,0,44396470,0,0,0,0
pl,Poland,Europe,93,2020-03-06,41,1,1,47123133,0,0,0,0
pl,Poland,Europe,94,2020-03-13,42,1,1,41579658,256,5,6.7413216,0.13166644
pl,Poland,Europe,95,2020-03-20,43,1,1,39536406,764,9,20.118631,0.23699959
pl,Poland,Europe,96,2020-03-27,44,1,1,43040471,1503,29,39.57893,0.76366532
pl,Poland,Europe,97,2020-04-03,45,1,1,49174463,2651,116,69.809547,3.0546613
pl,Poland,Europe,98,2020-04-10,46,1,1,39338972,2377,127,62.594223,3.3443274
pl,Poland,Europe,99,2020-04-17,47,1,1,39928657,2587,140,68.124214,3.6866603
pl,Poland,Europe,100,2020-04-24,48,1,1,39062678,2471,198,65.06955,5.2139907
pl,Poland,Europe,101,2020-05-01,49,1,1,36779644,2100,109,55.299904,2.8703284
pl,Poland,Europe,102,2020-05-08,50,1,1,38675131,2464,128,64.885223,3.3706608
pl,Poland,Europe,103,2020-05-15,51,1,1,37967688,2535,101,66.754883,2.659662
pl,Poland,Europe,104,2020-05-22,52,1,1,37601233,2734,66,71.995209,1.7379969
pt,Portugal,Europe,1,2018-06-01,1,0,0,8414257,0,0,0,0
pt,Portugal,Europe,2,2018-06-08,2,0,0,8287846,0,0,0,0
pt,Portugal,Europe,3,2018-06-15,3,0,0,8534098,0,0,0,0
pt,Portugal,Europe,4,2018-06-22,4,0,0,8575607,0,0,0,0
pt,Portugal,Europe,5,2018-06-29,5,0,0,8981677,0,0,0,0
pt,Portugal,Europe,6,2018-07-06,6,0,0,8236816,0,0,0,0
pt,Portugal,Europe,7,2018-07-13,7,0,0,8512518,0,0,0,0
pt,Portugal,Europe,8,2018-07-20,8,0,0,8717203,0,0,0,0
pt,Portugal,Europe,9,2018-07-27,9,0,0,8737915,0,0,0,0
pt,Portugal,Europe,10,2018-08-03,10,0,0,9076611,0,0,0,0
pt,Portugal,Europe,11,2018-08-10,11,0,0,8709121,0,0,0,0
pt,Portugal,Europe,12,2018-08-17,12,0,0,8984514,0,0,0,0
pt,Portugal,Europe,13,2018-08-24,13,0,0,8730023,0,0,0,0
pt,Portugal,Europe,14,2018-08-31,14,0,0,9444484,0,0,0,0
pt,Portugal,Europe,15,2018-09-07,15,0,0,9183448,0,0,0,0
pt,Portugal,Europe,16,2018-09-14,16,0,0,9055023,0,0,0,0
pt,Portugal,Europe,17,2018-09-21,17,0,0,9494344,0,0,0,0
pt,Portugal,Europe,18,2018-09-28,18,0,0,10002400,0,0,0,0
pt,Portugal,Europe,19,2018-10-05,19,0,0,9914444,0,0,0,0
pt,Portugal,Europe,20,2018-10-12,20,0,0,10241815,0,0,0,0
pt,Portugal,Europe,21,2018-10-19,21,0,0,10203538,0,0,0,0
pt,Portugal,Europe,22,2018-10-26,22,0,0,9675705,0,0,0,0
pt,Portugal,Europe,23,2018-11-02,23,0,0,9739702,0,0,0,0
pt,Portugal,Europe,24,2018-11-09,24,0,0,10303966,0,0,0,0
pt,Portugal,Europe,25,2018-11-16,25,0,0,10074502,0,0,0,0
pt,Portugal,Europe,26,2018-11-23,26,0,0,9687830,0,0,0,0
pt,Portugal,Europe,27,2018-11-30,27,0,0,10150510,0,0,0,0
pt,Portugal,Europe,28,2018-12-07,28,0,0,10081106,0,0,0,0
pt,Portugal,Europe,29,2018-12-14,29,0,0,10252836,0,0,0,0
pt,Portugal,Europe,30,2018-12-21,30,0,0,9912639,0,0,0,0
pt,Portugal,Europe,31,2018-12-28,31,0,0,9014580,0,0,0,0
pt,Portugal,Europe,32,2019-01-04,32,0,0,9801143,0,0,0,0
pt,Portugal,Europe,33,2019-01-11,33,0,0,10433048,0,0,0,0
pt,Portugal,Europe,34,2019-01-18,34,0,0,10688938,0,0,0,0
pt,Portugal,Europe,35,2019-01-25,35,0,0,10513229,0,0,0,0
pt,Portugal,Europe,36,2019-02-01,36,0,0,10546940,0,0,0,0
pt,Portugal,Europe,37,2019-02-08,37,0,0,11174604,0,0,0,0
pt,Portugal,Europe,38,2019-02-15,38,0,0,10486743,0,0,0,0
pt,Portugal,Europe,39,2019-02-22,39,0,0,11085325,0,0,0,0
pt,Portugal,Europe,40,2019-03-01,40,0,0,10499387,0,0,0,0
pt,Portugal,Europe,41,2019-03-08,41,0,1,10957417,0,0,0,0
pt,Portugal,Europe,42,2019-03-15,42,0,1,10982605,0,0,0,0
pt,Portugal,Europe,43,2019-03-22,43,0,1,11163714,0,0,0,0
pt,Portugal,Europe,44,2019-03-29,44,0,1,11528672,0,0,0,0
pt,Portugal,Europe,45,2019-04-05,45,0,1,11460070,0,0,0,0
pt,Portugal,Europe,46,2019-04-12,46,0,1,10864826,0,0,0,0
pt,Portugal,Europe,47,2019-04-19,47,0,1,9860968,0,0,0,0
pt,Portugal,Europe,48,2019-04-26,48,0,1,10091306,0,0,0,0
pt,Portugal,Europe,49,2019-05-03,49,0,1,10463309,0,0,0,0
pt,Portugal,Europe,50,2019-05-10,50,0,1,10995484,0,0,0,0
pt,Portugal,Europe,51,2019-05-17,51,0,1,11228055,0,0,0,0
pt,Portugal,Europe,52,2019-05-24,52,0,1,11399360,0,0,0,0
pt,Portugal,Europe,53,2019-05-31,1,1,0,11352875,0,0,0,0
pt,Portugal,Europe,54,2019-06-07,2,1,0,11014996,0,0,0,0
pt,Portugal,Europe,55,2019-06-14,3,1,0,11056069,0,0,0,0
pt,Portugal,Europe,56,2019-06-21,4,1,0,11271373,0,0,0,0
pt,Portugal,Europe,57,2019-06-28,5,1,0,11704081,0,0,0,0
pt,Portugal,Europe,58,2019-07-05,6,1,0,11745909,0,0,0,0
pt,Portugal,Europe,59,2019-07-12,7,1,0,11793240,0,0,0,0
pt,Portugal,Europe,60,2019-07-19,8,1,0,11376592,0,0,0,0
pt,Portugal,Europe,61,2019-07-26,9,1,0,11154589,0,0,0,0
pt,Portugal,Europe,62,2019-08-02,10,1,0,11284965,0,0,0,0
pt,Portugal,Europe,63,2019-08-09,11,1,0,10885739,0,0,0,0
pt,Portugal,Europe,64,2019-08-16,12,1,0,10941537,0,0,0,0
pt,Portugal,Europe,65,2019-08-23,13,1,0,10824120,0,0,0,0
pt,Portugal,Europe,66,2019-08-30,14,1,0,11679612,0,0,0,0
pt,Portugal,Europe,67,2019-09-06,15,1,0,12009208,0,0,0,0
pt,Portugal,Europe,68,2019-09-13,16,1,0,11493657,0,0,0,0
pt,Portugal,Europe,69,2019-09-20,17,1,0,12719052,0,0,0,0
pt,Portugal,Europe,70,2019-09-27,18,1,0,12574985,0,0,0,0
pt,Portugal,Europe,71,2019-10-04,19,1,0,13287144,0,0,0,0
pt,Portugal,Europe,72,2019-10-11,20,1,0,13249307,0,0,0,0
pt,Portugal,Europe,73,2019-10-18,21,1,0,12887217,0,0,0,0
pt,Portugal,Europe,74,2019-10-25,22,1,0,13229263,0,0,0,0
pt,Portugal,Europe,75,2019-11-01,23,1,0,12883070,0,0,0,0
pt,Portugal,Europe,76,2019-11-08,24,1,0,12948550,0,0,0,0
pt,Portugal,Europe,77,2019-11-15,25,1,0,12769929,0,0,0,0
pt,Portugal,Europe,78,2019-11-22,26,1,0,12593989,0,0,0,0
pt,Portugal,Europe,79,2019-11-29,27,1,0,13019330,0,0,0,0
pt,Portugal,Europe,80,2019-12-06,28,1,0,13075026,0,0,0,0
pt,Portugal,Europe,81,2019-12-13,29,1,0,13335029,0,0,0,0
pt,Portugal,Europe,82,2019-12-20,30,1,0,13183383,0,0,0,0
pt,Portugal,Europe,83,2019-12-27,31,1,0,12185361,0,0,0,0
pt,Portugal,Europe,84,2020-01-03,32,1,0,12730806,0,0,0,0
pt,Portugal,Europe,85,2020-01-10,33,1,0,13871179,0,0,0,0
pt,Portugal,Europe,86,2020-01-17,34,1,0,13879689,0,0,0,0
pt,Portugal,Europe,87,2020-01-24,35,1,0,13569857,0,0,0,0
pt,Portugal,Europe,88,2020-01-31,36,1,0,13756821,0,0,0,0
pt,Portugal,Europe,89,2020-02-07,37,1,0,13253190,0,0,0,0
pt,Portugal,Europe,90,2020-02-14,38,1,0,13222298,0,0,0,0
pt,Portugal,Europe,91,2020-02-21,39,1,0,13131782,0,0,0,0
pt,Portugal,Europe,92,2020-02-28,40,1,0,13315009,0,0,0,0
pt,Portugal,Europe,93,2020-03-06,41,1,1,13319921,54,0,5.2509661,0
pt,Portugal,Europe,94,2020-03-13,42,1,1,13475094,583,2,56.690987,0.19448023
pt,Portugal,Europe,95,2020-03-20,43,1,1,13954331,2353,41,228.80598,3.9868445
pt,Portugal,Europe,96,2020-03-27,44,1,1,12863142,5256,144,511.09402,14.002576
pt,Portugal,Europe,97,2020-04-03,45,1,1,12305537,4890,193,475.50415,18.767342
pt,Portugal,Europe,98,2020-04-10,46,1,1,12400401,4950,219,481.33856,21.295584
pt,Portugal,Europe,99,2020-04-17,47,1,1,12463478,3891,186,378.36127,18.08666
pt,Portugal,Europe,100,2020-04-24,48,1,1,12645815,2710,204,263.52069,19.836983
pt,Portugal,Europe,101,2020-05-01,49,1,1,12868573,1490,100,144.88777,9.7240114
pt,Portugal,Europe,102,2020-05-08,50,1,1,12266240,1950,86,189.61823,8.3626499
pt,Portugal,Europe,103,2020-05-15,51,1,1,12701022,1528,88,148.58289,8.5571299
pt,Portugal,Europe,104,2020-05-22,52,1,1,12859175,1632,93,158.69586,9.0433302
py,Paraguay,South America,1,2018-06-01,1,0,0,3733953,0,0,0,0
py,Paraguay,South America,2,2018-06-08,2,0,0,4031851,0,0,0,0
py,Paraguay,South America,3,2018-06-15,3,0,0,3926622,0,0,0,0
py,Paraguay,South America,4,2018-06-22,4,0,0,4249036,0,0,0,0
py,Paraguay,South America,5,2018-06-29,5,0,0,4514622,0,0,0,0
py,Paraguay,South America,6,2018-07-06,6,0,0,4373642,0,0,0,0
py,Paraguay,South America,7,2018-07-13,7,0,0,5088873,0,0,0,0
py,Paraguay,South America,8,2018-07-20,8,0,0,4437895,0,0,0,0
py,Paraguay,South America,9,2018-07-27,9,0,0,4898742,0,0,0,0
py,Paraguay,South America,10,2018-08-03,10,0,0,5010433,0,0,0,0
py,Paraguay,South America,11,2018-08-10,11,0,0,5116380,0,0,0,0
py,Paraguay,South America,12,2018-08-17,12,0,0,4914173,0,0,0,0
py,Paraguay,South America,13,2018-08-24,13,0,0,5240970,0,0,0,0
py,Paraguay,South America,14,2018-08-31,14,0,0,5122307,0,0,0,0
py,Paraguay,South America,15,2018-09-07,15,0,0,5803014,0,0,0,0
py,Paraguay,South America,16,2018-09-14,16,0,0,5476920,0,0,0,0
py,Paraguay,South America,17,2018-09-21,17,0,0,5792498,0,0,0,0
py,Paraguay,South America,18,2018-09-28,18,0,0,5856523,0,0,0,0
py,Paraguay,South America,19,2018-10-05,19,0,0,5732875,0,0,0,0
py,Paraguay,South America,20,2018-10-12,20,0,0,6027022,0,0,0,0
py,Paraguay,South America,21,2018-10-19,21,0,0,6146412,0,0,0,0
py,Paraguay,South America,22,2018-10-26,22,0,0,6096497,0,0,0,0
py,Paraguay,South America,23,2018-11-02,23,0,0,6377773,0,0,0,0
py,Paraguay,South America,24,2018-11-09,24,0,0,6921827,0,0,0,0
py,Paraguay,South America,25,2018-11-16,25,0,0,7098782,0,0,0,0
py,Paraguay,South America,26,2018-11-23,26,0,0,6766945,0,0,0,0
py,Paraguay,South America,27,2018-11-30,27,0,0,6830412,0,0,0,0
py,Paraguay,South America,28,2018-12-07,28,0,0,6640940,0,0,0,0
py,Paraguay,South America,29,2018-12-14,29,0,0,6956844,0,0,0,0
py,Paraguay,South America,30,2018-12-21,30,0,0,7155330,0,0,0,0
py,Paraguay,South America,31,2018-12-28,31,0,0,7043378,0,0,0,0
py,Paraguay,South America,32,2019-01-04,32,0,0,6452012,0,0,0,0
py,Paraguay,South America,33,2019-01-11,33,0,0,6827884,0,0,0,0
py,Paraguay,South America,34,2019-01-18,34,0,0,6803476,0,0,0,0
py,Paraguay,South America,35,2019-01-25,35,0,0,7151064,0,0,0,0
py,Paraguay,South America,36,2019-02-01,36,0,0,6979278,0,0,0,0
py,Paraguay,South America,37,2019-02-08,37,0,0,6716133,0,0,0,0
py,Paraguay,South America,38,2019-02-15,38,0,0,6817140,0,0,0,0
py,Paraguay,South America,39,2019-02-22,39,0,0,6818750,0,0,0,0
py,Paraguay,South America,40,2019-03-01,40,0,0,7064716,0,0,0,0
py,Paraguay,South America,41,2019-03-08,41,0,1,6516097,0,0,0,0
py,Paraguay,South America,42,2019-03-15,42,0,1,6556986,0,0,0,0
py,Paraguay,South America,43,2019-03-22,43,0,1,6952864,0,0,0,0
py,Paraguay,South America,44,2019-03-29,44,0,1,7037396,0,0,0,0
py,Paraguay,South America,45,2019-04-05,45,0,1,6809064,0,0,0,0
py,Paraguay,South America,46,2019-04-12,46,0,1,7521617,0,0,0,0
py,Paraguay,South America,47,2019-04-19,47,0,1,6601893,0,0,0,0
py,Paraguay,South America,48,2019-04-26,48,0,1,7198070,0,0,0,0
py,Paraguay,South America,49,2019-05-03,49,0,1,7569867,0,0,0,0
py,Paraguay,South America,50,2019-05-10,50,0,1,7009034,0,0,0,0
py,Paraguay,South America,51,2019-05-17,51,0,1,7229090,0,0,0,0
py,Paraguay,South America,52,2019-05-24,52,0,1,7355239,0,0,0,0
py,Paraguay,South America,53,2019-05-31,1,1,0,7396177,0,0,0,0
py,Paraguay,South America,54,2019-06-07,2,1,0,8480669,0,0,0,0
py,Paraguay,South America,55,2019-06-14,3,1,0,8137509,0,0,0,0
py,Paraguay,South America,56,2019-06-21,4,1,0,7846275,0,0,0,0
py,Paraguay,South America,57,2019-06-28,5,1,0,7932177,0,0,0,0
py,Paraguay,South America,58,2019-07-05,6,1,0,7669261,0,0,0,0
py,Paraguay,South America,59,2019-07-12,7,1,0,7984592,0,0,0,0
py,Paraguay,South America,60,2019-07-19,8,1,0,7495989,0,0,0,0
py,Paraguay,South America,61,2019-07-26,9,1,0,7780275,0,0,0,0
py,Paraguay,South America,62,2019-08-02,10,1,0,8277786,0,0,0,0
py,Paraguay,South America,63,2019-08-09,11,1,0,8283218,0,0,0,0
py,Paraguay,South America,64,2019-08-16,12,1,0,8322974,0,0,0,0
py,Paraguay,South America,65,2019-08-23,13,1,0,8141549,0,0,0,0
py,Paraguay,South America,66,2019-08-30,14,1,0,7981696,0,0,0,0
py,Paraguay,South America,67,2019-09-06,15,1,0,8748648,0,0,0,0
py,Paraguay,South America,68,2019-09-13,16,1,0,8679613,0,0,0,0
py,Paraguay,South America,69,2019-09-20,17,1,0,8590792,0,0,0,0
py,Paraguay,South America,70,2019-09-27,18,1,0,8905569,0,0,0,0
py,Paraguay,South America,71,2019-10-04,19,1,0,8770556,0,0,0,0
py,Paraguay,South America,72,2019-10-11,20,1,0,9093532,0,0,0,0
py,Paraguay,South America,73,2019-10-18,21,1,0,8810777,0,0,0,0
py,Paraguay,South America,74,2019-10-25,22,1,0,9351472,0,0,0,0
py,Paraguay,South America,75,2019-11-01,23,1,0,9114875,0,0,0,0
py,Paraguay,South America,76,2019-11-08,24,1,0,9054469,0,0,0,0
py,Paraguay,South America,77,2019-11-15,25,1,0,9521772,0,0,0,0
py,Paraguay,South America,78,2019-11-22,26,1,0,9219917,0,0,0,0
py,Paraguay,South America,79,2019-11-29,27,1,0,9164120,0,0,0,0
py,Paraguay,South America,80,2019-12-06,28,1,0,9236096,0,0,0,0
py,Paraguay,South America,81,2019-12-13,29,1,0,9368787,0,0,0,0
py,Paraguay,South America,82,2019-12-20,30,1,0,10195401,0,0,0,0
py,Paraguay,South America,83,2019-12-27,31,1,0,10355851,0,0,0,0
py,Paraguay,South America,84,2020-01-03,32,1,0,9820488,0,0,0,0
py,Paraguay,South America,85,2020-01-10,33,1,0,9629038,0,0,0,0
py,Paraguay,South America,86,2020-01-17,34,1,0,9699807,0,0,0,0
py,Paraguay,South America,87,2020-01-24,35,1,0,9398150,0,0,0,0
py,Paraguay,South America,88,2020-01-31,36,1,0,9270526,0,0,0,0
py,Paraguay,South America,89,2020-02-07,37,1,0,9022122,0,0,0,0
py,Paraguay,South America,90,2020-02-14,38,1,0,8804876,0,0,0,0
py,Paraguay,South America,91,2020-02-21,39,1,0,8609458,0,0,0,0
py,Paraguay,South America,92,2020-02-28,40,1,0,11083706,0,0,0,0
py,Paraguay,South America,93,2020-03-06,41,1,1,11076939,0,0,0,0
py,Paraguay,South America,94,2020-03-13,42,1,1,10081007,6,0,0.86255586,0
py,Paraguay,South America,95,2020-03-20,43,1,1,9048605,30,3,4.3127794,0.43127793
py,Paraguay,South America,96,2020-03-27,44,1,1,9002811,28,0,4.0252609,0
py,Paraguay,South America,97,2020-04-03,45,1,1,8235899,55,2,7.9067621,0.28751862
py,Paraguay,South America,98,2020-04-10,46,1,1,8105253,50,3,7.1879659,0.43127793
py,Paraguay,South America,99,2020-04-17,47,1,1,9326503,39,1,5.6066132,0.14375931
py,Paraguay,South America,100,2020-04-24,48,1,1,9825490,36,0,5.1753354,0
py,Paraguay,South America,101,2020-05-01,49,1,1,9051168,191,1,27.458029,0.14375931
py,Paraguay,South America,102,2020-05-08,50,1,1,9841781,300,1,43.127796,0.14375931
py,Paraguay,South America,103,2020-05-15,51,1,1,9928748,93,0,13.369617,0
py,Paraguay,South America,104,2020-05-22,52,1,1,9632437,51,0,7.3317251,0
ro,Romania,Europe,1,2018-06-01,1,0,0,1697550,0,0,0,0
ro,Romania,Europe,2,2018-06-08,2,0,0,1677412,0,0,0,0
ro,Romania,Europe,3,2018-06-15,3,0,0,1878011,0,0,0,0
ro,Romania,Europe,4,2018-06-22,4,0,0,1908539,0,0,0,0
ro,Romania,Europe,5,2018-06-29,5,0,0,2068673,0,0,0,0
ro,Romania,Europe,6,2018-07-06,6,0,0,1829555,0,0,0,0
ro,Romania,Europe,7,2018-07-13,7,0,0,1910432,0,0,0,0
ro,Romania,Europe,8,2018-07-20,8,0,0,1876105,0,0,0,0
ro,Romania,Europe,9,2018-07-27,9,0,0,1879743,0,0,0,0
ro,Romania,Europe,10,2018-08-03,10,0,0,2017717,0,0,0,0
ro,Romania,Europe,11,2018-08-10,11,0,0,1852982,0,0,0,0
ro,Romania,Europe,12,2018-08-17,12,0,0,1991796,0,0,0,0
ro,Romania,Europe,13,2018-08-24,13,0,0,1958986,0,0,0,0
ro,Romania,Europe,14,2018-08-31,14,0,0,2391996,0,0,0,0
ro,Romania,Europe,15,2018-09-07,15,0,0,2108987,0,0,0,0
ro,Romania,Europe,16,2018-09-14,16,0,0,2152635,0,0,0,0
ro,Romania,Europe,17,2018-09-21,17,0,0,2138312,0,0,0,0
ro,Romania,Europe,18,2018-09-28,18,0,0,2215470,0,0,0,0
ro,Romania,Europe,19,2018-10-05,19,0,0,2251314,0,0,0,0
ro,Romania,Europe,20,2018-10-12,20,0,0,2292088,0,0,0,0
ro,Romania,Europe,21,2018-10-19,21,0,0,2317869,0,0,0,0
ro,Romania,Europe,22,2018-10-26,22,0,0,2379017,0,0,0,0
ro,Romania,Europe,23,2018-11-02,23,0,0,2398958,0,0,0,0
ro,Romania,Europe,24,2018-11-09,24,0,0,2468372,0,0,0,0
ro,Romania,Europe,25,2018-11-16,25,0,0,2438783,0,0,0,0
ro,Romania,Europe,26,2018-11-23,26,0,0,2520852,0,0,0,0
ro,Romania,Europe,27,2018-11-30,27,0,0,2539909,0,0,0,0
ro,Romania,Europe,28,2018-12-07,28,0,0,2786386,0,0,0,0
ro,Romania,Europe,29,2018-12-14,29,0,0,2875280,0,0,0,0
ro,Romania,Europe,30,2018-12-21,30,0,0,3041112,0,0,0,0
ro,Romania,Europe,31,2018-12-28,31,0,0,2529991,0,0,0,0
ro,Romania,Europe,32,2019-01-04,32,0,0,2836646,0,0,0,0
ro,Romania,Europe,33,2019-01-11,33,0,0,2921968,0,0,0,0
ro,Romania,Europe,34,2019-01-18,34,0,0,3225959,0,0,0,0
ro,Romania,Europe,35,2019-01-25,35,0,0,3241396,0,0,0,0
ro,Romania,Europe,36,2019-02-01,36,0,0,3472696,0,0,0,0
ro,Romania,Europe,37,2019-02-08,37,0,0,3579750,0,0,0,0
ro,Romania,Europe,38,2019-02-15,38,0,0,3302567,0,0,0,0
ro,Romania,Europe,39,2019-02-22,39,0,0,3233234,0,0,0,0
ro,Romania,Europe,40,2019-03-01,40,0,0,3227253,0,0,0,0
ro,Romania,Europe,41,2019-03-08,41,0,1,3154757,0,0,0,0
ro,Romania,Europe,42,2019-03-15,42,0,1,3109001,0,0,0,0
ro,Romania,Europe,43,2019-03-22,43,0,1,3134459,0,0,0,0
ro,Romania,Europe,44,2019-03-29,44,0,1,3509844,0,0,0,0
ro,Romania,Europe,45,2019-04-05,45,0,1,3296378,0,0,0,0
ro,Romania,Europe,46,2019-04-12,46,0,1,3880028,0,0,0,0
ro,Romania,Europe,47,2019-04-19,47,0,1,3526403,0,0,0,0
ro,Romania,Europe,48,2019-04-26,48,0,1,2880195,0,0,0,0
ro,Romania,Europe,49,2019-05-03,49,0,1,2997265,0,0,0,0
ro,Romania,Europe,50,2019-05-10,50,0,1,3068646,0,0,0,0
ro,Romania,Europe,51,2019-05-17,51,0,1,3228601,0,0,0,0
ro,Romania,Europe,52,2019-05-24,52,0,1,3243928,0,0,0,0
ro,Romania,Europe,53,2019-05-31,1,1,0,3048604,0,0,0,0
ro,Romania,Europe,54,2019-06-07,2,1,0,3098882,0,0,0,0
ro,Romania,Europe,55,2019-06-14,3,1,0,3052696,0,0,0,0
ro,Romania,Europe,56,2019-06-21,4,1,0,3285327,0,0,0,0
ro,Romania,Europe,57,2019-06-28,5,1,0,3472626,0,0,0,0
ro,Romania,Europe,58,2019-07-05,6,1,0,3333796,0,0,0,0
ro,Romania,Europe,59,2019-07-12,7,1,0,3476529,0,0,0,0
ro,Romania,Europe,60,2019-07-19,8,1,0,3273248,0,0,0,0
ro,Romania,Europe,61,2019-07-26,9,1,0,3204702,0,0,0,0
ro,Romania,Europe,62,2019-08-02,10,1,0,3159199,0,0,0,0
ro,Romania,Europe,63,2019-08-09,11,1,0,3125318,0,0,0,0
ro,Romania,Europe,64,2019-08-16,12,1,0,3142369,0,0,0,0
ro,Romania,Europe,65,2019-08-23,13,1,0,3162393,0,0,0,0
ro,Romania,Europe,66,2019-08-30,14,1,0,3363919,0,0,0,0
ro,Romania,Europe,67,2019-09-06,15,1,0,3616693,0,0,0,0
ro,Romania,Europe,68,2019-09-13,16,1,0,3699580,0,0,0,0
ro,Romania,Europe,69,2019-09-20,17,1,0,3522135,0,0,0,0
ro,Romania,Europe,70,2019-09-27,18,1,0,3983925,0,0,0,0
ro,Romania,Europe,71,2019-10-04,19,1,0,3969991,0,0,0,0
ro,Romania,Europe,72,2019-10-11,20,1,0,3936081,0,0,0,0
ro,Romania,Europe,73,2019-10-18,21,1,0,3896061,0,0,0,0
ro,Romania,Europe,74,2019-10-25,22,1,0,4046269,0,0,0,0
ro,Romania,Europe,75,2019-11-01,23,1,0,3931375,0,0,0,0
ro,Romania,Europe,76,2019-11-08,24,1,0,3799627,0,0,0,0
ro,Romania,Europe,77,2019-11-15,25,1,0,3902301,0,0,0,0
ro,Romania,Europe,78,2019-11-22,26,1,0,3830913,0,0,0,0
ro,Romania,Europe,79,2019-11-29,27,1,0,4033289,0,0,0,0
ro,Romania,Europe,80,2019-12-06,28,1,0,4388005,0,0,0,0
ro,Romania,Europe,81,2019-12-13,29,1,0,4613037,0,0,0,0
ro,Romania,Europe,82,2019-12-20,30,1,0,4486140,0,0,0,0
ro,Romania,Europe,83,2019-12-27,31,1,0,3959661,0,0,0,0
ro,Romania,Europe,84,2020-01-03,32,1,0,4251558,0,0,0,0
ro,Romania,Europe,85,2020-01-10,33,1,0,4590819,0,0,0,0
ro,Romania,Europe,86,2020-01-17,34,1,0,5328316,0,0,0,0
ro,Romania,Europe,87,2020-01-24,35,1,0,4846620,0,0,0,0
ro,Romania,Europe,88,2020-01-31,36,1,0,4765237,0,0,0,0
ro,Romania,Europe,89,2020-02-07,37,1,0,4667230,0,0,0,0
ro,Romania,Europe,90,2020-02-14,38,1,0,4700558,0,0,0,0
ro,Romania,Europe,91,2020-02-21,39,1,0,4992794,1,0,0.051371239,0
ro,Romania,Europe,92,2020-02-28,40,1,0,4742009,3,0,0.15411372,0
ro,Romania,Europe,93,2020-03-06,41,1,1,4855403,41,0,2.1062207,0
ro,Romania,Europe,94,2020-03-13,42,1,1,4476212,215,0,11.044817,0
ro,Romania,Europe,95,2020-03-20,43,1,1,4826921,646,13,33.185822,0.66782612
ro,Romania,Europe,96,2020-03-27,44,1,1,4514982,1554,72,79.83091,3.6987293
ro,Romania,Europe,97,2020-04-03,45,1,1,4333278,2301,124,118.20522,6.3700337
ro,Romania,Europe,98,2020-04-10,46,1,1,4328935,2455,163,126.11639,8.3735123
ro,Romania,Europe,99,2020-04-17,47,1,1,4118967,2494,136,128.11987,6.9864888
ro,Romania,Europe,100,2020-04-24,48,1,1,4546517,2268,167,116.50997,8.5789967
ro,Romania,Europe,101,2020-05-01,49,1,1,4340630,2129,183,109.36937,9.4009371
ro,Romania,Europe,102,2020-05-08,50,1,1,4395292,1895,158,97.348495,8.1166563
ro,Romania,Europe,103,2020-05-15,51,1,1,4480675,1385,125,71.14917,6.4214048
ro,Romania,Europe,104,2020-05-22,52,1,1,4573367,1207,78,62.005085,4.0069566
se,Sweden,Europe,1,2018-06-01,1,0,0,61227599,0,0,0,0
se,Sweden,Europe,2,2018-06-08,2,0,0,59053372,0,0,0,0
se,Sweden,Europe,3,2018-06-15,3,0,0,59224881,0,0,0,0
se,Sweden,Europe,4,2018-06-22,4,0,0,57899813,0,0,0,0
se,Sweden,Europe,5,2018-06-29,5,0,0,60846987,0,0,0,0
se,Sweden,Europe,6,2018-07-06,6,0,0,57290905,0,0,0,0
se,Sweden,Europe,7,2018-07-13,7,0,0,56402958,0,0,0,0
se,Sweden,Europe,8,2018-07-20,8,0,0,57156864,0,0,0,0
se,Sweden,Europe,9,2018-07-27,9,0,0,54848423,0,0,0,0
se,Sweden,Europe,10,2018-08-03,10,0,0,54225657,0,0,0,0
se,Sweden,Europe,11,2018-08-10,11,0,0,51567747,0,0,0,0
se,Sweden,Europe,12,2018-08-17,12,0,0,51018242,0,0,0,0
se,Sweden,Europe,13,2018-08-24,13,0,0,51913587,0,0,0,0
se,Sweden,Europe,14,2018-08-31,14,0,0,55020209,0,0,0,0
se,Sweden,Europe,15,2018-09-07,15,0,0,52755183,0,0,0,0
se,Sweden,Europe,16,2018-09-14,16,0,0,53277596,0,0,0,0
se,Sweden,Europe,17,2018-09-21,17,0,0,52795704,0,0,0,0
se,Sweden,Europe,18,2018-09-28,18,0,0,54464537,0,0,0,0
se,Sweden,Europe,19,2018-10-05,19,0,0,53996778,0,0,0,0
se,Sweden,Europe,20,2018-10-12,20,0,0,54774189,0,0,0,0
se,Sweden,Europe,21,2018-10-19,21,0,0,56138725,0,0,0,0
se,Sweden,Europe,22,2018-10-26,22,0,0,56373467,0,0,0,0
se,Sweden,Europe,23,2018-11-02,23,0,0,54074514,0,0,0,0
se,Sweden,Europe,24,2018-11-09,24,0,0,55303096,0,0,0,0
se,Sweden,Europe,25,2018-11-16,25,0,0,53948805,0,0,0,0
se,Sweden,Europe,26,2018-11-23,26,0,0,57086019,0,0,0,0
se,Sweden,Europe,27,2018-11-30,27,0,0,64297255,0,0,0,0
se,Sweden,Europe,28,2018-12-07,28,0,0,60456769,0,0,0,0
se,Sweden,Europe,29,2018-12-14,29,0,0,65294577,0,0,0,0
se,Sweden,Europe,30,2018-12-21,30,0,0,79347944,0,0,0,0
se,Sweden,Europe,31,2018-12-28,31,0,0,46946425,0,0,0,0
se,Sweden,Europe,32,2019-01-04,32,0,0,47158217,0,0,0,0
se,Sweden,Europe,33,2019-01-11,33,0,0,50621419,0,0,0,0
se,Sweden,Europe,34,2019-01-18,34,0,0,51903743,0,0,0,0
se,Sweden,Europe,35,2019-01-25,35,0,0,53038674,0,0,0,0
se,Sweden,Europe,36,2019-02-01,36,0,0,53165809,0,0,0,0
se,Sweden,Europe,37,2019-02-08,37,0,0,56042944,0,0,0,0
se,Sweden,Europe,38,2019-02-15,38,0,0,54278753,0,0,0,0
se,Sweden,Europe,39,2019-02-22,39,0,0,59382834,0,0,0,0
se,Sweden,Europe,40,2019-03-01,40,0,0,62239714,0,0,0,0
se,Sweden,Europe,41,2019-03-08,41,0,1,66056902,0,0,0,0
se,Sweden,Europe,42,2019-03-15,42,0,1,59922095,0,0,0,0
se,Sweden,Europe,43,2019-03-22,43,0,1,58918197,0,0,0,0
se,Sweden,Europe,44,2019-03-29,44,0,1,63540317,0,0,0,0
se,Sweden,Europe,45,2019-04-05,45,0,1,63049828,0,0,0,0
se,Sweden,Europe,46,2019-04-12,46,0,1,69044506,0,0,0,0
se,Sweden,Europe,47,2019-04-19,47,0,1,61337919,0,0,0,0
se,Sweden,Europe,48,2019-04-26,48,0,1,63459211,0,0,0,0
se,Sweden,Europe,49,2019-05-03,49,0,1,60361924,0,0,0,0
se,Sweden,Europe,50,2019-05-10,50,0,1,64858824,0,0,0,0
se,Sweden,Europe,51,2019-05-17,51,0,1,69222515,0,0,0,0
se,Sweden,Europe,52,2019-05-24,52,0,1,62904294,0,0,0,0
se,Sweden,Europe,53,2019-05-31,1,1,0,62198437,0,0,0,0
se,Sweden,Europe,54,2019-06-07,2,1,0,70252916,0,0,0,0
se,Sweden,Europe,55,2019-06-14,3,1,0,66227462,0,0,0,0
se,Sweden,Europe,56,2019-06-21,4,1,0,61607173,0,0,0,0
se,Sweden,Europe,57,2019-06-28,5,1,0,61819650,0,0,0,0
se,Sweden,Europe,58,2019-07-05,6,1,0,60966702,0,0,0,0
se,Sweden,Europe,59,2019-07-12,7,1,0,60654464,0,0,0,0
se,Sweden,Europe,60,2019-07-19,8,1,0,58638529,0,0,0,0
se,Sweden,Europe,61,2019-07-26,9,1,0,55792814,0,0,0,0
se,Sweden,Europe,62,2019-08-02,10,1,0,54526653,0,0,0,0
se,Sweden,Europe,63,2019-08-09,11,1,0,53844429,0,0,0,0
se,Sweden,Europe,64,2019-08-16,12,1,0,54448747,0,0,0,0
se,Sweden,Europe,65,2019-08-23,13,1,0,55054764,0,0,0,0
se,Sweden,Europe,66,2019-08-30,14,1,0,59363466,0,0,0,0
se,Sweden,Europe,67,2019-09-06,15,1,0,66319107,0,0,0,0
se,Sweden,Europe,68,2019-09-13,16,1,0,60582262,0,0,0,0
se,Sweden,Europe,69,2019-09-20,17,1,0,57600335,0,0,0,0
se,Sweden,Europe,70,2019-09-27,18,1,0,56622149,0,0,0,0
se,Sweden,Europe,71,2019-10-04,19,1,0,57125536,0,0,0,0
se,Sweden,Europe,72,2019-10-11,20,1,0,57519303,0,0,0,0
se,Sweden,Europe,73,2019-10-18,21,1,0,56092284,0,0,0,0
se,Sweden,Europe,74,2019-10-25,22,1,0,56885445,0,0,0,0
se,Sweden,Europe,75,2019-11-01,23,1,0,53572837,0,0,0,0
se,Sweden,Europe,76,2019-11-08,24,1,0,57000743,0,0,0,0
se,Sweden,Europe,77,2019-11-15,25,1,0,59281125,0,0,0,0
se,Sweden,Europe,78,2019-11-22,26,1,0,61244539,0,0,0,0
se,Sweden,Europe,79,2019-11-29,27,1,0,69338084,0,0,0,0
se,Sweden,Europe,80,2019-12-06,28,1,0,66561597,0,0,0,0
se,Sweden,Europe,81,2019-12-13,29,1,0,68105590,0,0,0,0
se,Sweden,Europe,82,2019-12-20,30,1,0,85608400,0,0,0,0
se,Sweden,Europe,83,2019-12-27,31,1,0,52177954,0,0,0,0
se,Sweden,Europe,84,2020-01-03,32,1,0,51416416,0,0,0,0
se,Sweden,Europe,85,2020-01-10,33,1,0,62389679,0,0,0,0
se,Sweden,Europe,86,2020-01-17,34,1,0,66990089,0,0,0,0
se,Sweden,Europe,87,2020-01-24,35,1,0,64003261,0,0,0,0
se,Sweden,Europe,88,2020-01-31,36,1,0,61239309,1,0,0.098278031,0
se,Sweden,Europe,89,2020-02-07,37,1,0,58894486,0,0,0,0
se,Sweden,Europe,90,2020-02-14,38,1,0,57773401,0,0,0,0
se,Sweden,Europe,91,2020-02-21,39,1,0,58660074,1,0,0.098278031,0
se,Sweden,Europe,92,2020-02-28,40,1,0,59847746,60,0,5.8966818,0
se,Sweden,Europe,93,2020-03-06,41,1,1,64702308,558,10,54.839142,0.98278034
se,Sweden,Europe,94,2020-03-13,42,1,1,59011968,790,13,77.639648,1.2776144
se,Sweden,Europe,95,2020-03-20,43,1,1,57499550,1303,89,128.05627,8.7467451
se,Sweden,Europe,96,2020-03-27,44,1,1,57303855,2608,282,256.30911,27.714405
se,Sweden,Europe,97,2020-04-03,45,1,1,61371699,3633,594,357.0441,58.377151
se,Sweden,Europe,98,2020-04-10,46,1,1,55050340,3478,666,341.811,65.453171
se,Sweden,Europe,99,2020-04-17,47,1,1,55728709,4121,591,405.00375,58.082317
se,Sweden,Europe,100,2020-04-24,48,1,1,55556498,4415,562,433.89752,55.232254
se,Sweden,Europe,101,2020-05-01,49,1,1,51799803,3606,533,354.39059,52.382191
se,Sweden,Europe,102,2020-05-08,50,1,1,53707178,4179,457,410.70389,44.913059
se,Sweden,Europe,103,2020-05-15,51,1,1,57533184,3866,357,379.94287,35.085258
se,Sweden,Europe,104,2020-05-22,52,1,1,58315898,3792,317,372.67029,31.154137
sg,Singapore,Asia,1,2018-06-01,1,0,0,15055738,0,0,0,0
sg,Singapore,Asia,2,2018-06-08,2,0,0,14618503,0,0,0,0
sg,Singapore,Asia,3,2018-06-15,3,0,0,14632454,0,0,0,0
sg,Singapore,Asia,4,2018-06-22,4,0,0,15184018,0,0,0,0
sg,Singapore,Asia,5,2018-06-29,5,0,0,15034965,0,0,0,0
sg,Singapore,Asia,6,2018-07-06,6,0,0,15037653,0,0,0,0
sg,Singapore,Asia,7,2018-07-13,7,0,0,15824006,0,0,0,0
sg,Singapore,Asia,8,2018-07-20,8,0,0,15946455,0,0,0,0
sg,Singapore,Asia,9,2018-07-27,9,0,0,15498280,0,0,0,0
sg,Singapore,Asia,10,2018-08-03,10,0,0,15019456,0,0,0,0
sg,Singapore,Asia,11,2018-08-10,11,0,0,15281464,0,0,0,0
sg,Singapore,Asia,12,2018-08-17,12,0,0,15301131,0,0,0,0
sg,Singapore,Asia,13,2018-08-24,13,0,0,15720307,0,0,0,0
sg,Singapore,Asia,14,2018-08-31,14,0,0,15850205,0,0,0,0
sg,Singapore,Asia,15,2018-09-07,15,0,0,15198712,0,0,0,0
sg,Singapore,Asia,16,2018-09-14,16,0,0,15327855,0,0,0,0
sg,Singapore,Asia,17,2018-09-21,17,0,0,15412932,0,0,0,0
sg,Singapore,Asia,18,2018-09-28,18,0,0,15599189,0,0,0,0
sg,Singapore,Asia,19,2018-10-05,19,0,0,15258783,0,0,0,0
sg,Singapore,Asia,20,2018-10-12,20,0,0,15288080,0,0,0,0
sg,Singapore,Asia,21,2018-10-19,21,0,0,15899330,0,0,0,0
sg,Singapore,Asia,22,2018-10-26,22,0,0,15898919,0,0,0,0
sg,Singapore,Asia,23,2018-11-02,23,0,0,15654086,0,0,0,0
sg,Singapore,Asia,24,2018-11-09,24,0,0,16457994,0,0,0,0
sg,Singapore,Asia,25,2018-11-16,25,0,0,16107765,0,0,0,0
sg,Singapore,Asia,26,2018-11-23,26,0,0,15684889,0,0,0,0
sg,Singapore,Asia,27,2018-11-30,27,0,0,15349488,0,0,0,0
sg,Singapore,Asia,28,2018-12-07,28,0,0,14863288,0,0,0,0
sg,Singapore,Asia,29,2018-12-14,29,0,0,14805209,0,0,0,0
sg,Singapore,Asia,30,2018-12-21,30,0,0,14824400,0,0,0,0
sg,Singapore,Asia,31,2018-12-28,31,0,0,14458893,0,0,0,0
sg,Singapore,Asia,32,2019-01-04,32,0,0,15873334,0,0,0,0
sg,Singapore,Asia,33,2019-01-11,33,0,0,16588046,0,0,0,0
sg,Singapore,Asia,34,2019-01-18,34,0,0,17348256,0,0,0,0
sg,Singapore,Asia,35,2019-01-25,35,0,0,17635657,0,0,0,0
sg,Singapore,Asia,36,2019-02-01,36,0,0,15557851,0,0,0,0
sg,Singapore,Asia,37,2019-02-08,37,0,0,18117862,0,0,0,0
sg,Singapore,Asia,38,2019-02-15,38,0,0,17853270,0,0,0,0
sg,Singapore,Asia,39,2019-02-22,39,0,0,17262196,0,0,0,0
sg,Singapore,Asia,40,2019-03-01,40,0,0,17238548,0,0,0,0
sg,Singapore,Asia,41,2019-03-08,41,0,1,16936929,0,0,0,0
sg,Singapore,Asia,42,2019-03-15,42,0,1,16785256,0,0,0,0
sg,Singapore,Asia,43,2019-03-22,43,0,1,16559411,0,0,0,0
sg,Singapore,Asia,44,2019-03-29,44,0,1,17160008,0,0,0,0
sg,Singapore,Asia,45,2019-04-05,45,0,1,18702007,0,0,0,0
sg,Singapore,Asia,46,2019-04-12,46,0,1,19078244,0,0,0,0
sg,Singapore,Asia,47,2019-04-19,47,0,1,17918548,0,0,0,0
sg,Singapore,Asia,48,2019-04-26,48,0,1,17618072,0,0,0,0
sg,Singapore,Asia,49,2019-05-03,49,0,1,17572052,0,0,0,0
sg,Singapore,Asia,50,2019-05-10,50,0,1,17637356,0,0,0,0
sg,Singapore,Asia,51,2019-05-17,51,0,1,16284435,0,0,0,0
sg,Singapore,Asia,52,2019-05-24,52,0,1,16957737,0,0,0,0
sg,Singapore,Asia,53,2019-05-31,1,1,0,16297111,0,0,0,0
sg,Singapore,Asia,54,2019-06-07,2,1,0,16168936,0,0,0,0
sg,Singapore,Asia,55,2019-06-14,3,1,0,16334399,0,0,0,0
sg,Singapore,Asia,56,2019-06-21,4,1,0,17904971,0,0,0,0
sg,Singapore,Asia,57,2019-06-28,5,1,0,18526628,0,0,0,0
sg,Singapore,Asia,58,2019-07-05,6,1,0,18354950,0,0,0,0
sg,Singapore,Asia,59,2019-07-12,7,1,0,18685310,0,0,0,0
sg,Singapore,Asia,60,2019-07-19,8,1,0,18150259,0,0,0,0
sg,Singapore,Asia,61,2019-07-26,9,1,0,17907335,0,0,0,0
sg,Singapore,Asia,62,2019-08-02,10,1,0,17885619,0,0,0,0
sg,Singapore,Asia,63,2019-08-09,11,1,0,16303538,0,0,0,0
sg,Singapore,Asia,64,2019-08-16,12,1,0,17206791,0,0,0,0
sg,Singapore,Asia,65,2019-08-23,13,1,0,18023228,0,0,0,0
sg,Singapore,Asia,66,2019-08-30,14,1,0,17796159,0,0,0,0
sg,Singapore,Asia,67,2019-09-06,15,1,0,18398657,0,0,0,0
sg,Singapore,Asia,68,2019-09-13,16,1,0,18329331,0,0,0,0
sg,Singapore,Asia,69,2019-09-20,17,1,0,18304904,0,0,0,0
sg,Singapore,Asia,70,2019-09-27,18,1,0,18081491,0,0,0,0
sg,Singapore,Asia,71,2019-10-04,19,1,0,18521394,0,0,0,0
sg,Singapore,Asia,72,2019-10-11,20,1,0,18358592,0,0,0,0
sg,Singapore,Asia,73,2019-10-18,21,1,0,18189081,0,0,0,0
sg,Singapore,Asia,74,2019-10-25,22,1,0,17749679,0,0,0,0
sg,Singapore,Asia,75,2019-11-01,23,1,0,17977978,0,0,0,0
sg,Singapore,Asia,76,2019-11-08,24,1,0,17702009,0,0,0,0
sg,Singapore,Asia,77,2019-11-15,25,1,0,18260090,0,0,0,0
sg,Singapore,Asia,78,2019-11-22,26,1,0,17974793,0,0,0,0
sg,Singapore,Asia,79,2019-11-29,27,1,0,18075036,0,0,0,0
sg,Singapore,Asia,80,2019-12-06,28,1,0,17814775,0,0,0,0
sg,Singapore,Asia,81,2019-12-13,29,1,0,17378361,0,0,0,0
sg,Singapore,Asia,82,2019-12-20,30,1,0,17135887,0,0,0,0
sg,Singapore,Asia,83,2019-12-27,31,1,0,16163163,0,0,0,0
sg,Singapore,Asia,84,2020-01-03,32,1,0,17653836,0,0,0,0
sg,Singapore,Asia,85,2020-01-10,33,1,0,18493418,0,0,0,0
sg,Singapore,Asia,86,2020-01-17,34,1,0,19023691,0,0,0,0
sg,Singapore,Asia,87,2020-01-24,35,1,0,16114610,10,0,1.773466,0
sg,Singapore,Asia,88,2020-01-31,36,1,0,18158899,18,0,3.1922388,0
sg,Singapore,Asia,89,2020-02-07,37,1,0,18257295,22,0,3.9016252,0
sg,Singapore,Asia,90,2020-02-14,38,1,0,18622670,34,0,6.0297842,0
sg,Singapore,Asia,91,2020-02-21,39,1,0,20371482,9,0,1.5961194,0
sg,Singapore,Asia,92,2020-02-28,40,1,0,19260336,19,0,3.3695853,0
sg,Singapore,Asia,93,2020-03-06,41,1,1,19000429,66,0,11.704875,0
sg,Singapore,Asia,94,2020-03-13,42,1,1,18110948,135,0,23.941792,0
sg,Singapore,Asia,95,2020-03-20,43,1,1,17408911,255,2,45.223381,0.3546932
sg,Singapore,Asia,96,2020-03-27,44,1,1,17093753,432,2,76.613731,0.3546932
sg,Singapore,Asia,97,2020-04-03,45,1,1,15316059,623,2,110.48693,0.3546932
sg,Singapore,Asia,98,2020-04-10,46,1,1,14240560,2076,4,368.17154,0.70938641
sg,Singapore,Asia,99,2020-04-17,47,1,1,13750307,6442,2,1142.4668,0.3546932
sg,Singapore,Asia,100,2020-04-24,48,1,1,12950440,5500,2,975.40631,0.3546932
sg,Singapore,Asia,101,2020-05-01,49,1,1,12424879,4557,6,808.16846,1.0640795
sg,Singapore,Asia,102,2020-05-08,50,1,1,13069930,5148,1,912.98029,0.1773466
sg,Singapore,Asia,103,2020-05-15,51,1,1,12730056,4018,1,712.57861,0.1773466
sg,Singapore,Asia,104,2020-05-22,52,1,1,12526453,3512,1,622.84125,0.1773466
sk,Slovakia,Europe,1,2018-06-01,1,0,0,1819295,0,0,0,0
sk,Slovakia,Europe,2,2018-06-08,2,0,0,1738800,0,0,0,0
sk,Slovakia,Europe,3,2018-06-15,3,0,0,1872606,0,0,0,0
sk,Slovakia,Europe,4,2018-06-22,4,0,0,1951592,0,0,0,0
sk,Slovakia,Europe,5,2018-06-29,5,0,0,1870786,0,0,0,0
sk,Slovakia,Europe,6,2018-07-06,6,0,0,1745975,0,0,0,0
sk,Slovakia,Europe,7,2018-07-13,7,0,0,1862954,0,0,0,0
sk,Slovakia,Europe,8,2018-07-20,8,0,0,1854906,0,0,0,0
sk,Slovakia,Europe,9,2018-07-27,9,0,0,1863128,0,0,0,0
sk,Slovakia,Europe,10,2018-08-03,10,0,0,1999346,0,0,0,0
sk,Slovakia,Europe,11,2018-08-10,11,0,0,1844674,0,0,0,0
sk,Slovakia,Europe,12,2018-08-17,12,0,0,1856359,0,0,0,0
sk,Slovakia,Europe,13,2018-08-24,13,0,0,1745234,0,0,0,0
sk,Slovakia,Europe,14,2018-08-31,14,0,0,2024877,0,0,0,0
sk,Slovakia,Europe,15,2018-09-07,15,0,0,1975851,0,0,0,0
sk,Slovakia,Europe,16,2018-09-14,16,0,0,1982482,0,0,0,0
sk,Slovakia,Europe,17,2018-09-21,17,0,0,1969050,0,0,0,0
sk,Slovakia,Europe,18,2018-09-28,18,0,0,1951417,0,0,0,0
sk,Slovakia,Europe,19,2018-10-05,19,0,0,2071818,0,0,0,0
sk,Slovakia,Europe,20,2018-10-12,20,0,0,2038913,0,0,0,0
sk,Slovakia,Europe,21,2018-10-19,21,0,0,2092885,0,0,0,0
sk,Slovakia,Europe,22,2018-10-26,22,0,0,2056720,0,0,0,0
sk,Slovakia,Europe,23,2018-11-02,23,0,0,2000463,0,0,0,0
sk,Slovakia,Europe,24,2018-11-09,24,0,0,2264360,0,0,0,0
sk,Slovakia,Europe,25,2018-11-16,25,0,0,2175521,0,0,0,0
sk,Slovakia,Europe,26,2018-11-23,26,0,0,2113026,0,0,0,0
sk,Slovakia,Europe,27,2018-11-30,27,0,0,2457426,0,0,0,0
sk,Slovakia,Europe,28,2018-12-07,28,0,0,2473577,0,0,0,0
sk,Slovakia,Europe,29,2018-12-14,29,0,0,2818930,0,0,0,0
sk,Slovakia,Europe,30,2018-12-21,30,0,0,2930357,0,0,0,0
sk,Slovakia,Europe,31,2018-12-28,31,0,0,2145511,0,0,0,0
sk,Slovakia,Europe,32,2019-01-04,32,0,0,2216847,0,0,0,0
sk,Slovakia,Europe,33,2019-01-11,33,0,0,2358962,0,0,0,0
sk,Slovakia,Europe,34,2019-01-18,34,0,0,2397404,0,0,0,0
sk,Slovakia,Europe,35,2019-01-25,35,0,0,2406327,0,0,0,0
sk,Slovakia,Europe,36,2019-02-01,36,0,0,2391622,0,0,0,0
sk,Slovakia,Europe,37,2019-02-08,37,0,0,2502233,0,0,0,0
sk,Slovakia,Europe,38,2019-02-15,38,0,0,2420204,0,0,0,0
sk,Slovakia,Europe,39,2019-02-22,39,0,0,2343819,0,0,0,0
sk,Slovakia,Europe,40,2019-03-01,40,0,0,2321670,0,0,0,0
sk,Slovakia,Europe,41,2019-03-08,41,0,1,2277335,0,0,0,0
sk,Slovakia,Europe,42,2019-03-15,42,0,1,2265969,0,0,0,0
sk,Slovakia,Europe,43,2019-03-22,43,0,1,2274990,0,0,0,0
sk,Slovakia,Europe,44,2019-03-29,44,0,1,2536012,0,0,0,0
sk,Slovakia,Europe,45,2019-04-05,45,0,1,2357705,0,0,0,0
sk,Slovakia,Europe,46,2019-04-12,46,0,1,2410868,0,0,0,0
sk,Slovakia,Europe,47,2019-04-19,47,0,1,2105954,0,0,0,0
sk,Slovakia,Europe,48,2019-04-26,48,0,1,2290978,0,0,0,0
sk,Slovakia,Europe,49,2019-05-03,49,0,1,2253503,0,0,0,0
sk,Slovakia,Europe,50,2019-05-10,50,0,1,2119562,0,0,0,0
sk,Slovakia,Europe,51,2019-05-17,51,0,1,2532679,0,0,0,0
sk,Slovakia,Europe,52,2019-05-24,52,0,1,2943065,0,0,0,0
sk,Slovakia,Europe,53,2019-05-31,1,1,0,2714386,0,0,0,0
sk,Slovakia,Europe,54,2019-06-07,2,1,0,2572985,0,0,0,0
sk,Slovakia,Europe,55,2019-06-14,3,1,0,2570959,0,0,0,0
sk,Slovakia,Europe,56,2019-06-21,4,1,0,2875514,0,0,0,0
sk,Slovakia,Europe,57,2019-06-28,5,1,0,2962103,0,0,0,0
sk,Slovakia,Europe,58,2019-07-05,6,1,0,2709807,0,0,0,0
sk,Slovakia,Europe,59,2019-07-12,7,1,0,2856568,0,0,0,0
sk,Slovakia,Europe,60,2019-07-19,8,1,0,2670873,0,0,0,0
sk,Slovakia,Europe,61,2019-07-26,9,1,0,2516566,0,0,0,0
sk,Slovakia,Europe,62,2019-08-02,10,1,0,2547414,0,0,0,0
sk,Slovakia,Europe,63,2019-08-09,11,1,0,2503780,0,0,0,0
sk,Slovakia,Europe,64,2019-08-16,12,1,0,2479844,0,0,0,0
sk,Slovakia,Europe,65,2019-08-23,13,1,0,2349020,0,0,0,0
sk,Slovakia,Europe,66,2019-08-30,14,1,0,3208102,0,0,0,0
sk,Slovakia,Europe,67,2019-09-06,15,1,0,3369809,0,0,0,0
sk,Slovakia,Europe,68,2019-09-13,16,1,0,3192377,0,0,0,0
sk,Slovakia,Europe,69,2019-09-20,17,1,0,2980690,0,0,0,0
sk,Slovakia,Europe,70,2019-09-27,18,1,0,2925127,0,0,0,0
sk,Slovakia,Europe,71,2019-10-04,19,1,0,2930304,0,0,0,0
sk,Slovakia,Europe,72,2019-10-11,20,1,0,2992162,0,0,0,0
sk,Slovakia,Europe,73,2019-10-18,21,1,0,2911590,0,0,0,0
sk,Slovakia,Europe,74,2019-10-25,22,1,0,3181560,0,0,0,0
sk,Slovakia,Europe,75,2019-11-01,23,1,0,3139623,0,0,0,0
sk,Slovakia,Europe,76,2019-11-08,24,1,0,2880282,0,0,0,0
sk,Slovakia,Europe,77,2019-11-15,25,1,0,3530945,0,0,0,0
sk,Slovakia,Europe,78,2019-11-22,26,1,0,3399430,0,0,0,0
sk,Slovakia,Europe,79,2019-11-29,27,1,0,3369424,0,0,0,0
sk,Slovakia,Europe,80,2019-12-06,28,1,0,3672004,0,0,0,0
sk,Slovakia,Europe,81,2019-12-13,29,1,0,5594782,0,0,0,0
sk,Slovakia,Europe,82,2019-12-20,30,1,0,5010402,0,0,0,0
sk,Slovakia,Europe,83,2019-12-27,31,1,0,3503727,0,0,0,0
sk,Slovakia,Europe,84,2020-01-03,32,1,0,3512991,0,0,0,0
sk,Slovakia,Europe,85,2020-01-10,33,1,0,3778328,0,0,0,0
sk,Slovakia,Europe,86,2020-01-17,34,1,0,3950841,0,0,0,0
sk,Slovakia,Europe,87,2020-01-24,35,1,0,3720903,0,0,0,0
sk,Slovakia,Europe,88,2020-01-31,36,1,0,3542197,0,0,0,0
sk,Slovakia,Europe,89,2020-02-07,37,1,0,3473006,0,0,0,0
sk,Slovakia,Europe,90,2020-02-14,38,1,0,3554864,0,0,0,0
sk,Slovakia,Europe,91,2020-02-21,39,1,0,3469929,0,0,0,0
sk,Slovakia,Europe,92,2020-02-28,40,1,0,3361977,0,0,0,0
sk,Slovakia,Europe,93,2020-03-06,41,1,1,4066509,0,0,0,0
sk,Slovakia,Europe,94,2020-03-13,42,1,1,3685856,97,0,17.808716,0
sk,Slovakia,Europe,95,2020-03-20,43,1,1,3737812,109,0,20.011856,0
sk,Slovakia,Europe,96,2020-03-27,44,1,1,3627535,184,0,33.781483,0
sk,Slovakia,Europe,97,2020-04-03,45,1,1,3552547,282,2,51.773792,0.36719003
sk,Slovakia,Europe,98,2020-04-10,46,1,1,3580411,181,4,33.230698,0.73438007
sk,Slovakia,Europe,99,2020-04-17,47,1,1,3493707,381,8,69.949699,1.4687601
sk,Slovakia,Europe,100,2020-04-24,48,1,1,3702980,147,8,26.988466,1.4687601
sk,Slovakia,Europe,101,2020-05-01,49,1,1,4224145,38,3,6.9766107,0.55078506
sk,Slovakia,Europe,102,2020-05-08,50,1,1,4028665,40,2,7.3438005,0.36719003
sk,Slovakia,Europe,103,2020-05-15,51,1,1,3680164,27,1,4.9570656,0.18359502
sk,Slovakia,Europe,104,2020-05-22,52,1,1,3557393,19,0,3.4883053,0
sv,El Salvador,North America,1,2018-06-01,1,0,0,2312958,0,0,0,0
sv,El Salvador,North America,2,2018-06-08,2,0,0,2295003,0,0,0,0
sv,El Salvador,North America,3,2018-06-15,3,0,0,2216412,0,0,0,0
sv,El Salvador,North America,4,2018-06-22,4,0,0,2310401,0,0,0,0
sv,El Salvador,North America,5,2018-06-29,5,0,0,2461585,0,0,0,0
sv,El Salvador,North America,6,2018-07-06,6,0,0,2431323,0,0,0,0
sv,El Salvador,North America,7,2018-07-13,7,0,0,2483912,0,0,0,0
sv,El Salvador,North America,8,2018-07-20,8,0,0,2536260,0,0,0,0
sv,El Salvador,North America,9,2018-07-27,9,0,0,2574870,0,0,0,0
sv,El Salvador,North America,10,2018-08-03,10,0,0,2392880,0,0,0,0
sv,El Salvador,North America,11,2018-08-10,11,0,0,2434158,0,0,0,0
sv,El Salvador,North America,12,2018-08-17,12,0,0,2469443,0,0,0,0
sv,El Salvador,North America,13,2018-08-24,13,0,0,2482799,0,0,0,0
sv,El Salvador,North America,14,2018-08-31,14,0,0,2477497,0,0,0,0
sv,El Salvador,North America,15,2018-09-07,15,0,0,2430994,0,0,0,0
sv,El Salvador,North America,16,2018-09-14,16,0,0,2446085,0,0,0,0
sv,El Salvador,North America,17,2018-09-21,17,0,0,2416364,0,0,0,0
sv,El Salvador,North America,18,2018-09-28,18,0,0,2522879,0,0,0,0
sv,El Salvador,North America,19,2018-10-05,19,0,0,2504243,0,0,0,0
sv,El Salvador,North America,20,2018-10-12,20,0,0,2623416,0,0,0,0
sv,El Salvador,North America,21,2018-10-19,21,0,0,2582753,0,0,0,0
sv,El Salvador,North America,22,2018-10-26,22,0,0,2686701,0,0,0,0
sv,El Salvador,North America,23,2018-11-02,23,0,0,2642117,0,0,0,0
sv,El Salvador,North America,24,2018-11-09,24,0,0,2808689,0,0,0,0
sv,El Salvador,North America,25,2018-11-16,25,0,0,2762507,0,0,0,0
sv,El Salvador,North America,26,2018-11-23,26,0,0,2729441,0,0,0,0
sv,El Salvador,North America,27,2018-11-30,27,0,0,2737151,0,0,0,0
sv,El Salvador,North America,28,2018-12-07,28,0,0,2714836,0,0,0,0
sv,El Salvador,North America,29,2018-12-14,29,0,0,2801265,0,0,0,0
sv,El Salvador,North America,30,2018-12-21,30,0,0,2851498,0,0,0,0
sv,El Salvador,North America,31,2018-12-28,31,0,0,2912145,0,0,0,0
sv,El Salvador,North America,32,2019-01-04,32,0,0,2937295,0,0,0,0
sv,El Salvador,North America,33,2019-01-11,33,0,0,2983479,0,0,0,0
sv,El Salvador,North America,34,2019-01-18,34,0,0,3100028,0,0,0,0
sv,El Salvador,North America,35,2019-01-25,35,0,0,3245269,0,0,0,0
sv,El Salvador,North America,36,2019-02-01,36,0,0,3291855,0,0,0,0
sv,El Salvador,North America,37,2019-02-08,37,0,0,3360984,0,0,0,0
sv,El Salvador,North America,38,2019-02-15,38,0,0,3372014,0,0,0,0
sv,El Salvador,North America,39,2019-02-22,39,0,0,3365227,0,0,0,0
sv,El Salvador,North America,40,2019-03-01,40,0,0,3382127,0,0,0,0
sv,El Salvador,North America,41,2019-03-08,41,0,1,3354086,0,0,0,0
sv,El Salvador,North America,42,2019-03-15,42,0,1,3362779,0,0,0,0
sv,El Salvador,North America,43,2019-03-22,43,0,1,3354418,0,0,0,0
sv,El Salvador,North America,44,2019-03-29,44,0,1,3394128,0,0,0,0
sv,El Salvador,North America,45,2019-04-05,45,0,1,3335355,0,0,0,0
sv,El Salvador,North America,46,2019-04-12,46,0,1,3507212,0,0,0,0
sv,El Salvador,North America,47,2019-04-19,47,0,1,3067969,0,0,0,0
sv,El Salvador,North America,48,2019-04-26,48,0,1,3229247,0,0,0,0
sv,El Salvador,North America,49,2019-05-03,49,0,1,3343269,0,0,0,0
sv,El Salvador,North America,50,2019-05-10,50,0,1,3301761,0,0,0,0
sv,El Salvador,North America,51,2019-05-17,51,0,1,3385190,0,0,0,0
sv,El Salvador,North America,52,2019-05-24,52,0,1,3419739,0,0,0,0
sv,El Salvador,North America,53,2019-05-31,1,1,0,3349538,0,0,0,0
sv,El Salvador,North America,54,2019-06-07,2,1,0,3406148,0,0,0,0
sv,El Salvador,North America,55,2019-06-14,3,1,0,3412496,0,0,0,0
sv,El Salvador,North America,56,2019-06-21,4,1,0,3481629,0,0,0,0
sv,El Salvador,North America,57,2019-06-28,5,1,0,3819236,0,0,0,0
sv,El Salvador,North America,58,2019-07-05,6,1,0,3572561,0,0,0,0
sv,El Salvador,North America,59,2019-07-12,7,1,0,3594454,0,0,0,0
sv,El Salvador,North America,60,2019-07-19,8,1,0,3653428,0,0,0,0
sv,El Salvador,North America,61,2019-07-26,9,1,0,3931026,0,0,0,0
sv,El Salvador,North America,62,2019-08-02,10,1,0,3775751,0,0,0,0
sv,El Salvador,North America,63,2019-08-09,11,1,0,3999610,0,0,0,0
sv,El Salvador,North America,64,2019-08-16,12,1,0,3919025,0,0,0,0
sv,El Salvador,North America,65,2019-08-23,13,1,0,4000279,0,0,0,0
sv,El Salvador,North America,66,2019-08-30,14,1,0,4045565,0,0,0,0
sv,El Salvador,North America,67,2019-09-06,15,1,0,4064041,0,0,0,0
sv,El Salvador,North America,68,2019-09-13,16,1,0,3990209,0,0,0,0
sv,El Salvador,North America,69,2019-09-20,17,1,0,3857876,0,0,0,0
sv,El Salvador,North America,70,2019-09-27,18,1,0,3842150,0,0,0,0
sv,El Salvador,North America,71,2019-10-04,19,1,0,3840672,0,0,0,0
sv,El Salvador,North America,72,2019-10-11,20,1,0,3826424,0,0,0,0
sv,El Salvador,North America,73,2019-10-18,21,1,0,3901324,0,0,0,0
sv,El Salvador,North America,74,2019-10-25,22,1,0,4026439,0,0,0,0
sv,El Salvador,North America,75,2019-11-01,23,1,0,3993616,0,0,0,0
sv,El Salvador,North America,76,2019-11-08,24,1,0,4053270,0,0,0,0
sv,El Salvador,North America,77,2019-11-15,25,1,0,4119142,0,0,0,0
sv,El Salvador,North America,78,2019-11-22,26,1,0,4352877,0,0,0,0
sv,El Salvador,North America,79,2019-11-29,27,1,0,4300462,0,0,0,0
sv,El Salvador,North America,80,2019-12-06,28,1,0,4408502,0,0,0,0
sv,El Salvador,North America,81,2019-12-13,29,1,0,4537477,0,0,0,0
sv,El Salvador,North America,82,2019-12-20,30,1,0,4580495,0,0,0,0
sv,El Salvador,North America,83,2019-12-27,31,1,0,4540715,0,0,0,0
sv,El Salvador,North America,84,2020-01-03,32,1,0,4579159,0,0,0,0
sv,El Salvador,North America,85,2020-01-10,33,1,0,5008046,0,0,0,0
sv,El Salvador,North America,86,2020-01-17,34,1,0,5087343,0,0,0,0
sv,El Salvador,North America,87,2020-01-24,35,1,0,5116096,0,0,0,0
sv,El Salvador,North America,88,2020-01-31,36,1,0,5143920,0,0,0,0
sv,El Salvador,North America,89,2020-02-07,37,1,0,5177138,0,0,0,0
sv,El Salvador,North America,90,2020-02-14,38,1,0,5307252,0,0,0,0
sv,El Salvador,North America,91,2020-02-21,39,1,0,5177403,0,0,0,0
sv,El Salvador,North America,92,2020-02-28,40,1,0,7206412,0,0,0,0
sv,El Salvador,North America,93,2020-03-06,41,1,1,6698597,0,0,0,0
sv,El Salvador,North America,94,2020-03-13,42,1,1,5763087,0,0,0,0
sv,El Salvador,North America,95,2020-03-20,43,1,1,5421408,12,0,1.8689423,0
sv,El Salvador,North America,96,2020-03-27,44,1,1,5156052,28,2,4.3608651,0.31149039
sv,El Salvador,North America,97,2020-04-03,45,1,1,4767942,62,3,9.6562014,0.46723557
sv,El Salvador,North America,98,2020-04-10,46,1,1,4862729,56,1,8.7217302,0.15574519
sv,El Salvador,North America,99,2020-04-17,47,1,1,4960473,78,2,12.148125,0.31149039
sv,El Salvador,North America,100,2020-04-24,48,1,1,4911369,140,1,21.804327,0.15574519
sv,El Salvador,North America,101,2020-05-01,49,1,1,4740715,318,6,49.52697,0.93447113
sv,El Salvador,North America,102,2020-05-08,50,1,1,5096633,417,5,64.945747,0.77872598
sv,El Salvador,North America,103,2020-05-15,51,1,1,4574364,459,12,71.487045,1.8689423
sv,El Salvador,North America,104,2020-05-22,52,1,1,4547340,538,7,83.790916,1.0902163
th,Thailand,Asia,1,2018-06-01,1,0,0,5279161,0,0,0,0
th,Thailand,Asia,2,2018-06-08,2,0,0,5608385,0,0,0,0
th,Thailand,Asia,3,2018-06-15,3,0,0,6466206,0,0,0,0
th,Thailand,Asia,4,2018-06-22,4,0,0,6313362,0,0,0,0
th,Thailand,Asia,5,2018-06-29,5,0,0,6402875,0,0,0,0
th,Thailand,Asia,6,2018-07-06,6,0,0,6398281,0,0,0,0
th,Thailand,Asia,7,2018-07-13,7,0,0,6414828,0,0,0,0
th,Thailand,Asia,8,2018-07-20,8,0,0,6525827,0,0,0,0
th,Thailand,Asia,9,2018-07-27,9,0,0,6526283,0,0,0,0
th,Thailand,Asia,10,2018-08-03,10,0,0,6600002,0,0,0,0
th,Thailand,Asia,11,2018-08-10,11,0,0,6790638,0,0,0,0
th,Thailand,Asia,12,2018-08-17,12,0,0,6773606,0,0,0,0
th,Thailand,Asia,13,2018-08-24,13,0,0,7186492,0,0,0,0
th,Thailand,Asia,14,2018-08-31,14,0,0,6956250,0,0,0,0
th,Thailand,Asia,15,2018-09-07,15,0,0,6948581,0,0,0,0
th,Thailand,Asia,16,2018-09-14,16,0,0,6886741,0,0,0,0
th,Thailand,Asia,17,2018-09-21,17,0,0,7273056,0,0,0,0
th,Thailand,Asia,18,2018-09-28,18,0,0,7277087,0,0,0,0
th,Thailand,Asia,19,2018-10-05,19,0,0,7241218,0,0,0,0
th,Thailand,Asia,20,2018-10-12,20,0,0,7431170,0,0,0,0
th,Thailand,Asia,21,2018-10-19,21,0,0,7970079,0,0,0,0
th,Thailand,Asia,22,2018-10-26,22,0,0,8935140,0,0,0,0
th,Thailand,Asia,23,2018-11-02,23,0,0,9312710,0,0,0,0
th,Thailand,Asia,24,2018-11-09,24,0,0,9549797,0,0,0,0
th,Thailand,Asia,25,2018-11-16,25,0,0,9603906,0,0,0,0
th,Thailand,Asia,26,2018-11-23,26,0,0,9471936,0,0,0,0
th,Thailand,Asia,27,2018-11-30,27,0,0,9434273,0,0,0,0
th,Thailand,Asia,28,2018-12-07,28,0,0,8991541,0,0,0,0
th,Thailand,Asia,29,2018-12-14,29,0,0,9084018,0,0,0,0
th,Thailand,Asia,30,2018-12-21,30,0,0,9081773,0,0,0,0
th,Thailand,Asia,31,2018-12-28,31,0,0,8898039,0,0,0,0
th,Thailand,Asia,32,2019-01-04,32,0,0,8859067,0,0,0,0
th,Thailand,Asia,33,2019-01-11,33,0,0,9098975,0,0,0,0
th,Thailand,Asia,34,2019-01-18,34,0,0,9429454,0,0,0,0
th,Thailand,Asia,35,2019-01-25,35,0,0,9452912,0,0,0,0
th,Thailand,Asia,36,2019-02-01,36,0,0,9602209,0,0,0,0
th,Thailand,Asia,37,2019-02-08,37,0,0,9862783,0,0,0,0
th,Thailand,Asia,38,2019-02-15,38,0,0,9990495,0,0,0,0
th,Thailand,Asia,39,2019-02-22,39,0,0,10005608,0,0,0,0
th,Thailand,Asia,40,2019-03-01,40,0,0,10733589,0,0,0,0
th,Thailand,Asia,41,2019-03-08,41,0,1,10539205,0,0,0,0
th,Thailand,Asia,42,2019-03-15,42,0,1,10331790,0,0,0,0
th,Thailand,Asia,43,2019-03-22,43,0,1,10442206,0,0,0,0
th,Thailand,Asia,44,2019-03-29,44,0,1,10632419,0,0,0,0
th,Thailand,Asia,45,2019-04-05,45,0,1,11934131,0,0,0,0
th,Thailand,Asia,46,2019-04-12,46,0,1,12090635,0,0,0,0
th,Thailand,Asia,47,2019-04-19,47,0,1,11025149,0,0,0,0
th,Thailand,Asia,48,2019-04-26,48,0,1,10887842,0,0,0,0
th,Thailand,Asia,49,2019-05-03,49,0,1,11247538,0,0,0,0
th,Thailand,Asia,50,2019-05-10,50,0,1,11155283,0,0,0,0
th,Thailand,Asia,51,2019-05-17,51,0,1,11398460,0,0,0,0
th,Thailand,Asia,52,2019-05-24,52,0,1,11490964,0,0,0,0
th,Thailand,Asia,53,2019-05-31,1,1,0,11449028,0,0,0,0
th,Thailand,Asia,54,2019-06-07,2,1,0,11727944,0,0,0,0
th,Thailand,Asia,55,2019-06-14,3,1,0,11768549,0,0,0,0
th,Thailand,Asia,56,2019-06-21,4,1,0,12501931,0,0,0,0
th,Thailand,Asia,57,2019-06-28,5,1,0,13305021,0,0,0,0
th,Thailand,Asia,58,2019-07-05,6,1,0,14031050,0,0,0,0
th,Thailand,Asia,59,2019-07-12,7,1,0,14177768,0,0,0,0
th,Thailand,Asia,60,2019-07-19,8,1,0,13869767,0,0,0,0
th,Thailand,Asia,61,2019-07-26,9,1,0,14816588,0,0,0,0
th,Thailand,Asia,62,2019-08-02,10,1,0,15742186,0,0,0,0
th,Thailand,Asia,63,2019-08-09,11,1,0,16096336,0,0,0,0
th,Thailand,Asia,64,2019-08-16,12,1,0,16179449,0,0,0,0
th,Thailand,Asia,65,2019-08-23,13,1,0,17297982,0,0,0,0
th,Thailand,Asia,66,2019-08-30,14,1,0,17576412,0,0,0,0
th,Thailand,Asia,67,2019-09-06,15,1,0,17707260,0,0,0,0
th,Thailand,Asia,68,2019-09-13,16,1,0,17890628,0,0,0,0
th,Thailand,Asia,69,2019-09-20,17,1,0,17352324,0,0,0,0
th,Thailand,Asia,70,2019-09-27,18,1,0,17068029,0,0,0,0
th,Thailand,Asia,71,2019-10-04,19,1,0,17873559,0,0,0,0
th,Thailand,Asia,72,2019-10-11,20,1,0,17942940,0,0,0,0
th,Thailand,Asia,73,2019-10-18,21,1,0,17970204,0,0,0,0
th,Thailand,Asia,74,2019-10-25,22,1,0,18685138,0,0,0,0
th,Thailand,Asia,75,2019-11-01,23,1,0,18556016,0,0,0,0
th,Thailand,Asia,76,2019-11-08,24,1,0,17648634,0,0,0,0
th,Thailand,Asia,77,2019-11-15,25,1,0,17149572,0,0,0,0
th,Thailand,Asia,78,2019-11-22,26,1,0,16988615,0,0,0,0
th,Thailand,Asia,79,2019-11-29,27,1,0,16985462,0,0,0,0
th,Thailand,Asia,80,2019-12-06,28,1,0,17310987,0,0,0,0
th,Thailand,Asia,81,2019-12-13,29,1,0,18037692,0,0,0,0
th,Thailand,Asia,82,2019-12-20,30,1,0,18860384,0,0,0,0
th,Thailand,Asia,83,2019-12-27,31,1,0,18874931,0,0,0,0
th,Thailand,Asia,84,2020-01-03,32,1,0,18696211,0,0,0,0
th,Thailand,Asia,85,2020-01-10,33,1,0,19021843,1,0,0.014403302,0
th,Thailand,Asia,86,2020-01-17,34,1,0,19291754,3,0,0.043209907,0
th,Thailand,Asia,87,2020-01-24,35,1,0,19019520,10,0,0.14403301,0
th,Thailand,Asia,88,2020-01-31,36,1,0,19132931,11,0,0.15843633,0
th,Thailand,Asia,89,2020-02-07,37,1,0,19652869,8,0,0.11522642,0
th,Thailand,Asia,90,2020-02-14,38,1,0,20529248,2,0,0.028806604,0
th,Thailand,Asia,91,2020-02-21,39,1,0,22840334,5,0,0.072016507,0
th,Thailand,Asia,92,2020-02-28,40,1,0,20996638,7,1,0.10082311,0.014403302
th,Thailand,Asia,93,2020-03-06,41,1,1,20985864,0,0,0,0
th,Thailand,Asia,94,2020-03-13,42,1,1,19523747,0,0,0,0
th,Thailand,Asia,95,2020-03-20,43,1,1,19042765,868,3,12.502067,0.043209907
th,Thailand,Asia,96,2020-03-27,44,1,1,19057594,726,8,10.456798,0.11522642
th,Thailand,Asia,97,2020-04-03,45,1,1,18822199,652,20,9.3909531,0.28806603
th,Thailand,Asia,98,2020-04-10,46,1,1,18813213,249,14,3.5864222,0.20164622
th,Thailand,Asia,99,2020-04-17,47,1,1,18254906,167,4,2.4053514,0.057613209
th,Thailand,Asia,100,2020-04-24,48,1,1,18502039,115,4,1.6563797,0.057613209
th,Thailand,Asia,101,2020-05-01,49,1,1,19343149,35,1,0.50411558,0.014403302
th,Thailand,Asia,102,2020-05-08,50,1,1,20017037,28,1,0.40329245,0.014403302
th,Thailand,Asia,103,2020-05-15,51,1,1,20104713,17,0,0.24485613,0
th,Thailand,Asia,104,2020-05-22,52,1,1,20340902,20,1,0.28806603,0.014403302
tr,Turkey,Asia,1,2018-06-01,1,0,0,29718844,0,0,0,0
tr,Turkey,Asia,2,2018-06-08,2,0,0,29437673,0,0,0,0
tr,Turkey,Asia,3,2018-06-15,3,0,0,28806750,0,0,0,0
tr,Turkey,Asia,4,2018-06-22,4,0,0,28712023,0,0,0,0
tr,Turkey,Asia,5,2018-06-29,5,0,0,28071736,0,0,0,0
tr,Turkey,Asia,6,2018-07-06,6,0,0,28572232,0,0,0,0
tr,Turkey,Asia,7,2018-07-13,7,0,0,29419703,0,0,0,0
tr,Turkey,Asia,8,2018-07-20,8,0,0,29235510,0,0,0,0
tr,Turkey,Asia,9,2018-07-27,9,0,0,29285496,0,0,0,0
tr,Turkey,Asia,10,2018-08-03,10,0,0,29487181,0,0,0,0
tr,Turkey,Asia,11,2018-08-10,11,0,0,28886970,0,0,0,0
tr,Turkey,Asia,12,2018-08-17,12,0,0,26698591,0,0,0,0
tr,Turkey,Asia,13,2018-08-24,13,0,0,27635228,0,0,0,0
tr,Turkey,Asia,14,2018-08-31,14,0,0,29482525,0,0,0,0
tr,Turkey,Asia,15,2018-09-07,15,0,0,29484984,0,0,0,0
tr,Turkey,Asia,16,2018-09-14,16,0,0,29303429,0,0,0,0
tr,Turkey,Asia,17,2018-09-21,17,0,0,31627004,0,0,0,0
tr,Turkey,Asia,18,2018-09-28,18,0,0,32295099,0,0,0,0
tr,Turkey,Asia,19,2018-10-05,19,0,0,34066726,0,0,0,0
tr,Turkey,Asia,20,2018-10-12,20,0,0,34181540,0,0,0,0
tr,Turkey,Asia,21,2018-10-19,21,0,0,34017106,0,0,0,0
tr,Turkey,Asia,22,2018-10-26,22,0,0,33876405,0,0,0,0
tr,Turkey,Asia,23,2018-11-02,23,0,0,32690010,0,0,0,0
tr,Turkey,Asia,24,2018-11-09,24,0,0,33176697,0,0,0,0
tr,Turkey,Asia,25,2018-11-16,25,0,0,33128369,0,0,0,0
tr,Turkey,Asia,26,2018-11-23,26,0,0,32742714,0,0,0,0
tr,Turkey,Asia,27,2018-11-30,27,0,0,33432050,0,0,0,0
tr,Turkey,Asia,28,2018-12-07,28,0,0,34318114,0,0,0,0
tr,Turkey,Asia,29,2018-12-14,29,0,0,34332137,0,0,0,0
tr,Turkey,Asia,30,2018-12-21,30,0,0,34282792,0,0,0,0
tr,Turkey,Asia,31,2018-12-28,31,0,0,33933110,0,0,0,0
tr,Turkey,Asia,32,2019-01-04,32,0,0,33265037,0,0,0,0
tr,Turkey,Asia,33,2019-01-11,33,0,0,35683357,0,0,0,0
tr,Turkey,Asia,34,2019-01-18,34,0,0,35661471,0,0,0,0
tr,Turkey,Asia,35,2019-01-25,35,0,0,39381514,0,0,0,0
tr,Turkey,Asia,36,2019-02-01,36,0,0,44093308,0,0,0,0
tr,Turkey,Asia,37,2019-02-08,37,0,0,43080119,0,0,0,0
tr,Turkey,Asia,38,2019-02-15,38,0,0,45600888,0,0,0,0
tr,Turkey,Asia,39,2019-02-22,39,0,0,47556269,0,0,0,0
tr,Turkey,Asia,40,2019-03-01,40,0,0,46965835,0,0,0,0
tr,Turkey,Asia,41,2019-03-08,41,0,1,46273963,0,0,0,0
tr,Turkey,Asia,42,2019-03-15,42,0,1,45678233,0,0,0,0
tr,Turkey,Asia,43,2019-03-22,43,0,1,45029109,0,0,0,0
tr,Turkey,Asia,44,2019-03-29,44,0,1,44513423,0,0,0,0
tr,Turkey,Asia,45,2019-04-05,45,0,1,44156231,0,0,0,0
tr,Turkey,Asia,46,2019-04-12,46,0,1,45030900,0,0,0,0
tr,Turkey,Asia,47,2019-04-19,47,0,1,43680351,0,0,0,0
tr,Turkey,Asia,48,2019-04-26,48,0,1,44151705,0,0,0,0
tr,Turkey,Asia,49,2019-05-03,49,0,1,44963783,0,0,0,0
tr,Turkey,Asia,50,2019-05-10,50,0,1,46588662,0,0,0,0
tr,Turkey,Asia,51,2019-05-17,51,0,1,49263208,0,0,0,0
tr,Turkey,Asia,52,2019-05-24,52,0,1,52771774,0,0,0,0
tr,Turkey,Asia,53,2019-05-31,1,1,0,47615410,0,0,0,0
tr,Turkey,Asia,54,2019-06-07,2,1,0,51085484,0,0,0,0
tr,Turkey,Asia,55,2019-06-14,3,1,0,53850733,0,0,0,0
tr,Turkey,Asia,56,2019-06-21,4,1,0,56191197,0,0,0,0
tr,Turkey,Asia,57,2019-06-28,5,1,0,59509878,0,0,0,0
tr,Turkey,Asia,58,2019-07-05,6,1,0,57005114,0,0,0,0
tr,Turkey,Asia,59,2019-07-12,7,1,0,62439561,0,0,0,0
tr,Turkey,Asia,60,2019-07-19,8,1,0,67467750,0,0,0,0
tr,Turkey,Asia,61,2019-07-26,9,1,0,67974223,0,0,0,0
tr,Turkey,Asia,62,2019-08-02,10,1,0,63714559,0,0,0,0
tr,Turkey,Asia,63,2019-08-09,11,1,0,57369317,0,0,0,0
tr,Turkey,Asia,64,2019-08-16,12,1,0,58252457,0,0,0,0
tr,Turkey,Asia,65,2019-08-23,13,1,0,55931408,0,0,0,0
tr,Turkey,Asia,66,2019-08-30,14,1,0,55212852,0,0,0,0
tr,Turkey,Asia,67,2019-09-06,15,1,0,59004608,0,0,0,0
tr,Turkey,Asia,68,2019-09-13,16,1,0,58654526,0,0,0,0
tr,Turkey,Asia,69,2019-09-20,17,1,0,60886796,0,0,0,0
tr,Turkey,Asia,70,2019-09-27,18,1,0,64222523,0,0,0,0
tr,Turkey,Asia,71,2019-10-04,19,1,0,67039820,0,0,0,0
tr,Turkey,Asia,72,2019-10-11,20,1,0,69071222,0,0,0,0
tr,Turkey,Asia,73,2019-10-18,21,1,0,68142545,0,0,0,0
tr,Turkey,Asia,74,2019-10-25,22,1,0,67213693,0,0,0,0
tr,Turkey,Asia,75,2019-11-01,23,1,0,64192972,0,0,0,0
tr,Turkey,Asia,76,2019-11-08,24,1,0,69629542,0,0,0,0
tr,Turkey,Asia,77,2019-11-15,25,1,0,78827859,0,0,0,0
tr,Turkey,Asia,78,2019-11-22,26,1,0,67062069,0,0,0,0
tr,Turkey,Asia,79,2019-11-29,27,1,0,69870085,0,0,0,0
tr,Turkey,Asia,80,2019-12-06,28,1,0,67161450,0,0,0,0
tr,Turkey,Asia,81,2019-12-13,29,1,0,66394857,0,0,0,0
tr,Turkey,Asia,82,2019-12-20,30,1,0,63669106,0,0,0,0
tr,Turkey,Asia,83,2019-12-27,31,1,0,59880792,0,0,0,0
tr,Turkey,Asia,84,2020-01-03,32,1,0,58746762,0,0,0,0
tr,Turkey,Asia,85,2020-01-10,33,1,0,64482926,0,0,0,0
tr,Turkey,Asia,86,2020-01-17,34,1,0,64348985,0,0,0,0
tr,Turkey,Asia,87,2020-01-24,35,1,0,65980578,0,0,0,0
tr,Turkey,Asia,88,2020-01-31,36,1,0,70609567,0,0,0,0
tr,Turkey,Asia,89,2020-02-07,37,1,0,71293012,0,0,0,0
tr,Turkey,Asia,90,2020-02-14,38,1,0,77384818,0,0,0,0
tr,Turkey,Asia,91,2020-02-21,39,1,0,74372274,0,0,0,0
tr,Turkey,Asia,92,2020-02-28,40,1,0,74192061,0,0,0,0
tr,Turkey,Asia,93,2020-03-06,41,1,1,72794171,0,0,0,0
tr,Turkey,Asia,94,2020-03-13,42,1,1,67805257,190,1,2.3080738,0.012147757
tr,Turkey,Asia,95,2020-03-20,43,1,1,61457651,2242,58,27.235271,0.70456988
tr,Turkey,Asia,96,2020-03-27,44,1,1,60265736,13246,218,160.90919,2.648211
tr,Turkey,Asia,97,2020-04-03,45,1,1,57537795,22547,535,273.89548,6.4990501
tr,Turkey,Asia,98,2020-04-10,46,1,1,60488494,31166,706,378.59698,8.5763168
tr,Turkey,Asia,99,2020-04-17,47,1,1,58263077,29282,858,355.71063,10.422775
tr,Turkey,Asia,100,2020-04-24,48,1,1,55571410,18915,705,229.77483,8.5641689
tr,Turkey,Asia,101,2020-05-01,49,1,1,56247896,14155,503,171.95149,6.1103215
tr,Turkey,Asia,102,2020-05-08,50,1,1,58109973,11370,368,138.12,4.4703746
tr,Turkey,Asia,103,2020-05-15,51,1,1,58017346,9473,270,115.0757,3.2798944
tr,Turkey,Asia,104,2020-05-22,52,1,1,55535707,7210,209,87.585327,2.5388813
us,United States,North America,1,2018-06-01,1,0,0,619922398,0,0,0,0
us,United States,North America,2,2018-06-08,2,0,0,589951923,0,0,0,0
us,United States,North America,3,2018-06-15,3,0,0,601945007,0,0,0,0
us,United States,North America,4,2018-06-22,4,0,0,588011726,0,0,0,0
us,United States,North America,5,2018-06-29,5,0,0,776673027,0,0,0,0
us,United States,North America,6,2018-07-06,6,0,0,630548524,0,0,0,0
us,United States,North America,7,2018-07-13,7,0,0,628003217,0,0,0,0
us,United States,North America,8,2018-07-20,8,0,0,575538977,0,0,0,0
us,United States,North America,9,2018-07-27,9,0,0,554810001,0,0,0,0
us,United States,North America,10,2018-08-03,10,0,0,647821200,0,0,0,0
us,United States,North America,11,2018-08-10,11,0,0,575257220,0,0,0,0
us,United States,North America,12,2018-08-17,12,0,0,586776528,0,0,0,0
us,United States,North America,13,2018-08-24,13,0,0,558801633,0,0,0,0
us,United States,North America,14,2018-08-31,14,0,0,613412893,0,0,0,0
us,United States,North America,15,2018-09-07,15,0,0,576941097,0,0,0,0
us,United States,North America,16,2018-09-14,16,0,0,576122811,0,0,0,0
us,United States,North America,17,2018-09-21,17,0,0,572692315,0,0,0,0
us,United States,North America,18,2018-09-28,18,0,0,687942836,0,0,0,0
us,United States,North America,19,2018-10-05,19,0,0,604939644,0,0,0,0
us,United States,North America,20,2018-10-12,20,0,0,588656135,0,0,0,0
us,United States,North America,21,2018-10-19,21,0,0,610389719,0,0,0,0
us,United States,North America,22,2018-10-26,22,0,0,580358775,0,0,0,0
us,United States,North America,23,2018-11-02,23,0,0,598076480,0,0,0,0
us,United States,North America,24,2018-11-09,24,0,0,604625445,0,0,0,0
us,United States,North America,25,2018-11-16,25,0,0,575623938,0,0,0,0
us,United States,North America,26,2018-11-23,26,0,0,561858460,0,0,0,0
us,United States,North America,27,2018-11-30,27,0,0,653266530,0,0,0,0
us,United States,North America,28,2018-12-07,28,0,0,646608840,0,0,0,0
us,United States,North America,29,2018-12-14,29,0,0,630781148,0,0,0,0
us,United States,North America,30,2018-12-21,30,0,0,674727634,0,0,0,0
us,United States,North America,31,2018-12-28,31,0,0,545507329,0,0,0,0
us,United States,North America,32,2019-01-04,32,0,0,565865944,0,0,0,0
us,United States,North America,33,2019-01-11,33,0,0,590797558,0,0,0,0
us,United States,North America,34,2019-01-18,34,0,0,619095121,0,0,0,0
us,United States,North America,35,2019-01-25,35,0,0,619575566,0,0,0,0
us,United States,North America,36,2019-02-01,36,0,0,615486291,0,0,0,0
us,United States,North America,37,2019-02-08,37,0,0,716396038,0,0,0,0
us,United States,North America,38,2019-02-15,38,0,0,640927038,0,0,0,0
us,United States,North America,39,2019-02-22,39,0,0,623234168,0,0,0,0
us,United States,North America,40,2019-03-01,40,0,0,615278926,0,0,0,0
us,United States,North America,41,2019-03-08,41,0,1,618328447,0,0,0,0
us,United States,North America,42,2019-03-15,42,0,1,575655077,0,0,0,0
us,United States,North America,43,2019-03-22,43,0,1,563452813,0,0,0,0
us,United States,North America,44,2019-03-29,44,0,1,628109214,0,0,0,0
us,United States,North America,45,2019-04-05,45,0,1,625299154,0,0,0,0
us,United States,North America,46,2019-04-12,46,0,1,587491494,0,0,0,0
us,United States,North America,47,2019-04-19,47,0,1,547549020,0,0,0,0
us,United States,North America,48,2019-04-26,48,0,1,550497381,0,0,0,0
us,United States,North America,49,2019-05-03,49,0,1,553003404,0,0,0,0
us,United States,North America,50,2019-05-10,50,0,1,557391665,0,0,0,0
us,United States,North America,51,2019-05-17,51,0,1,595607003,0,0,0,0
us,United States,North America,52,2019-05-24,52,0,1,563903960,0,0,0,0
us,United States,North America,53,2019-05-31,1,1,0,555279428,0,0,0,0
us,United States,North America,54,2019-06-07,2,1,0,543538089,0,0,0,0
us,United States,North America,55,2019-06-14,3,1,0,536556177,0,0,0,0
us,United States,North America,56,2019-06-21,4,1,0,560197291,0,0,0,0
us,United States,North America,57,2019-06-28,5,1,0,566405138,0,0,0,0
us,United States,North America,58,2019-07-05,6,1,0,554387547,0,0,0,0
us,United States,North America,59,2019-07-12,7,1,0,570283836,0,0,0,0
us,United States,North America,60,2019-07-19,8,1,0,537471364,0,0,0,0
us,United States,North America,61,2019-07-26,9,1,0,543903008,0,0,0,0
us,United States,North America,62,2019-08-02,10,1,0,522500099,0,0,0,0
us,United States,North America,63,2019-08-09,11,1,0,510524662,0,0,0,0
us,United States,North America,64,2019-08-16,12,1,0,529810169,0,0,0,0
us,United States,North America,65,2019-08-23,13,1,0,598118433,0,0,0,0
us,United States,North America,66,2019-08-30,14,1,0,563794029,0,0,0,0
us,United States,North America,67,2019-09-06,15,1,0,663068390,0,0,0,0
us,United States,North America,68,2019-09-13,16,1,0,583907888,0,0,0,0
us,United States,North America,69,2019-09-20,17,1,0,554158025,0,0,0,0
us,United States,North America,70,2019-09-27,18,1,0,561118146,0,0,0,0
us,United States,North America,71,2019-10-04,19,1,0,560885578,0,0,0,0
us,United States,North America,72,2019-10-11,20,1,0,539422252,0,0,0,0
us,United States,North America,73,2019-10-18,21,1,0,530482889,0,0,0,0
us,United States,North America,74,2019-10-25,22,1,0,611748921,0,0,0,0
us,United States,North America,75,2019-11-01,23,1,0,541337139,0,0,0,0
us,United States,North America,76,2019-11-08,24,1,0,518592206,0,0,0,0
us,United States,North America,77,2019-11-15,25,1,0,527661357,0,0,0,0
us,United States,North America,78,2019-11-22,26,1,0,546030278,0,0,0,0
us,United States,North America,79,2019-11-29,27,1,0,543244279,0,0,0,0
us,United States,North America,80,2019-12-06,28,1,0,620178425,0,0,0,0
us,United States,North America,81,2019-12-13,29,1,0,657773902,0,0,0,0
us,United States,North America,82,2019-12-20,30,1,0,675712194,0,0,0,0
us,United States,North America,83,2019-12-27,31,1,0,554385855,0,0,0,0
us,United States,North America,84,2020-01-03,32,1,0,568732447,0,0,0,0
us,United States,North America,85,2020-01-10,33,1,0,630848180,0,0,0,0
us,United States,North America,86,2020-01-17,34,1,0,699004731,1,0,0.003061029,0
us,United States,North America,87,2020-01-24,35,1,0,608490489,4,0,0.012244117,0
us,United States,North America,88,2020-01-31,36,1,0,584135863,7,0,0.021427205,0
us,United States,North America,89,2020-02-07,37,1,0,578561717,2,0,0.006122059,0
us,United States,North America,90,2020-02-14,38,1,0,605910147,1,0,0.003061029,0
us,United States,North America,91,2020-02-21,39,1,0,587731366,44,0,0.13468529,0
us,United States,North America,92,2020-02-28,40,1,0,632716011,100,11,0.30610293,0.033671323
us,United States,North America,93,2020-03-06,41,1,1,690261593,1153,19,3.5293667,0.058159556
us,United States,North America,94,2020-03-13,42,1,1,590879939,8103,120,24.80352,0.36732352
us,United States,North America,95,2020-03-20,43,1,1,572606856,59779,900,182.98528,2.7549264
us,United States,North America,96,2020-03-27,44,1,1,529911751,147527,4088,451.58447,12.513488
us,United States,North America,97,2020-04-03,45,1,1,523925585,215411,9679,659.37939,29.627703
us,United States,North America,98,2020-04-10,46,1,1,495751038,207532,16168,635.26154,49.490723
us,United States,North America,99,2020-04-17,47,1,1,517445877,202965,15799,621.2818,48.361202
us,United States,North America,100,2020-04-24,48,1,1,521281145,197280,14182,603.87988,43.411518
us,United States,North America,101,2020-05-01,49,1,1,567969812,188694,12465,577.59784,38.155731
us,United States,North America,102,2020-05-08,50,1,1,525600167,162143,10702,496.32446,32.759136
us,United States,North America,103,2020-05-15,51,1,1,532625341,161107,9306,493.15323,28.485939
us,United States,North America,104,2020-05-22,52,1,1,522477928,148080,7003,453.27722,21.436388
uy,Uruguay,South America,1,2018-06-01,1,0,0,3644188,0,0,0,0
uy,Uruguay,South America,2,2018-06-08,2,0,0,3616376,0,0,0,0
uy,Uruguay,South America,3,2018-06-15,3,0,0,3288156,0,0,0,0
uy,Uruguay,South America,4,2018-06-22,4,0,0,3496769,0,0,0,0
uy,Uruguay,South America,5,2018-06-29,5,0,0,3557663,0,0,0,0
uy,Uruguay,South America,6,2018-07-06,6,0,0,3611651,0,0,0,0
uy,Uruguay,South America,7,2018-07-13,7,0,0,3837844,0,0,0,0
uy,Uruguay,South America,8,2018-07-20,8,0,0,3811328,0,0,0,0
uy,Uruguay,South America,9,2018-07-27,9,0,0,3994840,0,0,0,0
uy,Uruguay,South America,10,2018-08-03,10,0,0,4096058,0,0,0,0
uy,Uruguay,South America,11,2018-08-10,11,0,0,4188454,0,0,0,0
uy,Uruguay,South America,12,2018-08-17,12,0,0,4086872,0,0,0,0
uy,Uruguay,South America,13,2018-08-24,13,0,0,3879672,0,0,0,0
uy,Uruguay,South America,14,2018-08-31,14,0,0,4199297,0,0,0,0
uy,Uruguay,South America,15,2018-09-07,15,0,0,4411348,0,0,0,0
uy,Uruguay,South America,16,2018-09-14,16,0,0,4455401,0,0,0,0
uy,Uruguay,South America,17,2018-09-21,17,0,0,4372610,0,0,0,0
uy,Uruguay,South America,18,2018-09-28,18,0,0,4441624,0,0,0,0
uy,Uruguay,South America,19,2018-10-05,19,0,0,4644963,0,0,0,0
uy,Uruguay,South America,20,2018-10-12,20,0,0,4756248,0,0,0,0
uy,Uruguay,South America,21,2018-10-19,21,0,0,4535730,0,0,0,0
uy,Uruguay,South America,22,2018-10-26,22,0,0,4616619,0,0,0,0
uy,Uruguay,South America,23,2018-11-02,23,0,0,4703730,0,0,0,0
uy,Uruguay,South America,24,2018-11-09,24,0,0,4655245,0,0,0,0
uy,Uruguay,South America,25,2018-11-16,25,0,0,4863003,0,0,0,0
uy,Uruguay,South America,26,2018-11-23,26,0,0,4575429,0,0,0,0
uy,Uruguay,South America,27,2018-11-30,27,0,0,4715228,0,0,0,0
uy,Uruguay,South America,28,2018-12-07,28,0,0,4707036,0,0,0,0
uy,Uruguay,South America,29,2018-12-14,29,0,0,4790041,0,0,0,0
uy,Uruguay,South America,30,2018-12-21,30,0,0,5452852,0,0,0,0
uy,Uruguay,South America,31,2018-12-28,31,0,0,5476458,0,0,0,0
uy,Uruguay,South America,32,2019-01-04,32,0,0,5402113,0,0,0,0
uy,Uruguay,South America,33,2019-01-11,33,0,0,5452068,0,0,0,0
uy,Uruguay,South America,34,2019-01-18,34,0,0,5505625,0,0,0,0
uy,Uruguay,South America,35,2019-01-25,35,0,0,5408269,0,0,0,0
uy,Uruguay,South America,36,2019-02-01,36,0,0,5484382,0,0,0,0
uy,Uruguay,South America,37,2019-02-08,37,0,0,5478850,0,0,0,0
uy,Uruguay,South America,38,2019-02-15,38,0,0,5583647,0,0,0,0
uy,Uruguay,South America,39,2019-02-22,39,0,0,5064504,0,0,0,0
uy,Uruguay,South America,40,2019-03-01,40,0,0,5127469,0,0,0,0
uy,Uruguay,South America,41,2019-03-08,41,0,1,4649775,0,0,0,0
uy,Uruguay,South America,42,2019-03-15,42,0,1,4833500,0,0,0,0
uy,Uruguay,South America,43,2019-03-22,43,0,1,4875688,0,0,0,0
uy,Uruguay,South America,44,2019-03-29,44,0,1,5104235,0,0,0,0
uy,Uruguay,South America,45,2019-04-05,45,0,1,5036230,0,0,0,0
uy,Uruguay,South America,46,2019-04-12,46,0,1,5180821,0,0,0,0
uy,Uruguay,South America,47,2019-04-19,47,0,1,4591063,0,0,0,0
uy,Uruguay,South America,48,2019-04-26,48,0,1,4675837,0,0,0,0
uy,Uruguay,South America,49,2019-05-03,49,0,1,4666688,0,0,0,0
uy,Uruguay,South America,50,2019-05-10,50,0,1,5051779,0,0,0,0
uy,Uruguay,South America,51,2019-05-17,51,0,1,5016023,0,0,0,0
uy,Uruguay,South America,52,2019-05-24,52,0,1,5044211,0,0,0,0
uy,Uruguay,South America,53,2019-05-31,1,1,0,4969601,0,0,0,0
uy,Uruguay,South America,54,2019-06-07,2,1,0,5035728,0,0,0,0
uy,Uruguay,South America,55,2019-06-14,3,1,0,4535925,0,0,0,0
uy,Uruguay,South America,56,2019-06-21,4,1,0,4751228,0,0,0,0
uy,Uruguay,South America,57,2019-06-28,5,1,0,4695026,0,0,0,0
uy,Uruguay,South America,58,2019-07-05,6,1,0,4683551,0,0,0,0
uy,Uruguay,South America,59,2019-07-12,7,1,0,4922971,0,0,0,0
uy,Uruguay,South America,60,2019-07-19,8,1,0,4835463,0,0,0,0
uy,Uruguay,South America,61,2019-07-26,9,1,0,5072974,0,0,0,0
uy,Uruguay,South America,62,2019-08-02,10,1,0,5256091,0,0,0,0
uy,Uruguay,South America,63,2019-08-09,11,1,0,5237680,0,0,0,0
uy,Uruguay,South America,64,2019-08-16,12,1,0,5419827,0,0,0,0
uy,Uruguay,South America,65,2019-08-23,13,1,0,5334364,0,0,0,0
uy,Uruguay,South America,66,2019-08-30,14,1,0,5395514,0,0,0,0
uy,Uruguay,South America,67,2019-09-06,15,1,0,5701468,0,0,0,0
uy,Uruguay,South America,68,2019-09-13,16,1,0,6065502,0,0,0,0
uy,Uruguay,South America,69,2019-09-20,17,1,0,5853913,0,0,0,0
uy,Uruguay,South America,70,2019-09-27,18,1,0,5630784,0,0,0,0
uy,Uruguay,South America,71,2019-10-04,19,1,0,6024858,0,0,0,0
uy,Uruguay,South America,72,2019-10-11,20,1,0,5531628,0,0,0,0
uy,Uruguay,South America,73,2019-10-18,21,1,0,5940475,0,0,0,0
uy,Uruguay,South America,74,2019-10-25,22,1,0,5930957,0,0,0,0
uy,Uruguay,South America,75,2019-11-01,23,1,0,5953851,0,0,0,0
uy,Uruguay,South America,76,2019-11-08,24,1,0,5791828,0,0,0,0
uy,Uruguay,South America,77,2019-11-15,25,1,0,5766943,0,0,0,0
uy,Uruguay,South America,78,2019-11-22,26,1,0,5505830,0,0,0,0
uy,Uruguay,South America,79,2019-11-29,27,1,0,5695959,0,0,0,0
uy,Uruguay,South America,80,2019-12-06,28,1,0,5664290,0,0,0,0
uy,Uruguay,South America,81,2019-12-13,29,1,0,5629171,0,0,0,0
uy,Uruguay,South America,82,2019-12-20,30,1,0,5990619,0,0,0,0
uy,Uruguay,South America,83,2019-12-27,31,1,0,6024571,0,0,0,0
uy,Uruguay,South America,84,2020-01-03,32,1,0,6137331,0,0,0,0
uy,Uruguay,South America,85,2020-01-10,33,1,0,6305489,0,0,0,0
uy,Uruguay,South America,86,2020-01-17,34,1,0,6429136,0,0,0,0
uy,Uruguay,South America,87,2020-01-24,35,1,0,6180224,0,0,0,0
uy,Uruguay,South America,88,2020-01-31,36,1,0,6069239,0,0,0,0
uy,Uruguay,South America,89,2020-02-07,37,1,0,5801648,0,0,0,0
uy,Uruguay,South America,90,2020-02-14,38,1,0,5742176,0,0,0,0
uy,Uruguay,South America,91,2020-02-21,39,1,0,5599155,0,0,0,0
uy,Uruguay,South America,92,2020-02-28,40,1,0,5760813,0,0,0,0
uy,Uruguay,South America,93,2020-03-06,41,1,1,5630068,0,0,0,0
uy,Uruguay,South America,94,2020-03-13,42,1,1,4937172,0,0,0,0
uy,Uruguay,South America,95,2020-03-20,43,1,1,4964036,138,0,40.008129,0
uy,Uruguay,South America,96,2020-03-27,44,1,1,4890220,124,2,35.949333,0.57982796
uy,Uruguay,South America,97,2020-04-03,45,1,1,4861211,85,5,24.642689,1.4495699
uy,Uruguay,South America,98,2020-04-10,46,1,1,4853064,67,2,19.424236,0.57982796
uy,Uruguay,South America,99,2020-04-17,47,1,1,5168423,56,3,16.235184,0.86974192
uy,Uruguay,South America,100,2020-04-24,48,1,1,4803819,81,3,23.483032,0.86974192
uy,Uruguay,South America,101,2020-05-01,49,1,1,4653641,43,2,12.466301,0.57982796
uy,Uruguay,South America,102,2020-05-08,50,1,1,4949779,46,2,13.336043,0.57982796
uy,Uruguay,South America,103,2020-05-15,51,1,1,5012873,27,1,7.8276772,0.28991398
uy,Uruguay,South America,104,2020-05-22,52,1,1,4863464,57,2,16.525097,0.57982796
vn,Viet Nam,Asia,1,2018-06-01,1,0,0,2134359,0,0,0,0
vn,Viet Nam,Asia,2,2018-06-08,2,0,0,2057647,0,0,0,0
vn,Viet Nam,Asia,3,2018-06-15,3,0,0,2190828,0,0,0,0
vn,Viet Nam,Asia,4,2018-06-22,4,0,0,1956711,0,0,0,0
vn,Viet Nam,Asia,5,2018-06-29,5,0,0,1830623,0,0,0,0
vn,Viet Nam,Asia,6,2018-07-06,6,0,0,1786844,0,0,0,0
vn,Viet Nam,Asia,7,2018-07-13,7,0,0,1816485,0,0,0,0
vn,Viet Nam,Asia,8,2018-07-20,8,0,0,1926598,0,0,0,0
vn,Viet Nam,Asia,9,2018-07-27,9,0,0,1917586,0,0,0,0
vn,Viet Nam,Asia,10,2018-08-03,10,0,0,1901732,0,0,0,0
vn,Viet Nam,Asia,11,2018-08-10,11,0,0,1834571,0,0,0,0
vn,Viet Nam,Asia,12,2018-08-17,12,0,0,1879581,0,0,0,0
vn,Viet Nam,Asia,13,2018-08-24,13,0,0,2376037,0,0,0,0
vn,Viet Nam,Asia,14,2018-08-31,14,0,0,2002906,0,0,0,0
vn,Viet Nam,Asia,15,2018-09-07,15,0,0,1852744,0,0,0,0
vn,Viet Nam,Asia,16,2018-09-14,16,0,0,1821373,0,0,0,0
vn,Viet Nam,Asia,17,2018-09-21,17,0,0,1785194,0,0,0,0
vn,Viet Nam,Asia,18,2018-09-28,18,0,0,1732202,0,0,0,0
vn,Viet Nam,Asia,19,2018-10-05,19,0,0,1761989,0,0,0,0
vn,Viet Nam,Asia,20,2018-10-12,20,0,0,1802853,0,0,0,0
vn,Viet Nam,Asia,21,2018-10-19,21,0,0,2104471,0,0,0,0
vn,Viet Nam,Asia,22,2018-10-26,22,0,0,2155363,0,0,0,0
vn,Viet Nam,Asia,23,2018-11-02,23,0,0,2092512,0,0,0,0
vn,Viet Nam,Asia,24,2018-11-09,24,0,0,1982773,0,0,0,0
vn,Viet Nam,Asia,25,2018-11-16,25,0,0,2150538,0,0,0,0
vn,Viet Nam,Asia,26,2018-11-23,26,0,0,2144039,0,0,0,0
vn,Viet Nam,Asia,27,2018-11-30,27,0,0,2152967,0,0,0,0
vn,Viet Nam,Asia,28,2018-12-07,28,0,0,2095375,0,0,0,0
vn,Viet Nam,Asia,29,2018-12-14,29,0,0,2101341,0,0,0,0
vn,Viet Nam,Asia,30,2018-12-21,30,0,0,2177657,0,0,0,0
vn,Viet Nam,Asia,31,2018-12-28,31,0,0,2089939,0,0,0,0
vn,Viet Nam,Asia,32,2019-01-04,32,0,0,2260755,0,0,0,0
vn,Viet Nam,Asia,33,2019-01-11,33,0,0,2317016,0,0,0,0
vn,Viet Nam,Asia,34,2019-01-18,34,0,0,2353185,0,0,0,0
vn,Viet Nam,Asia,35,2019-01-25,35,0,0,2611469,0,0,0,0
vn,Viet Nam,Asia,36,2019-02-01,36,0,0,2304930,0,0,0,0
vn,Viet Nam,Asia,37,2019-02-08,37,0,0,2704843,0,0,0,0
vn,Viet Nam,Asia,38,2019-02-15,38,0,0,2848699,0,0,0,0
vn,Viet Nam,Asia,39,2019-02-22,39,0,0,2852537,0,0,0,0
vn,Viet Nam,Asia,40,2019-03-01,40,0,0,3199750,0,0,0,0
vn,Viet Nam,Asia,41,2019-03-08,41,0,1,3201407,0,0,0,0
vn,Viet Nam,Asia,42,2019-03-15,42,0,1,3252229,0,0,0,0
vn,Viet Nam,Asia,43,2019-03-22,43,0,1,3245905,0,0,0,0
vn,Viet Nam,Asia,44,2019-03-29,44,0,1,3383283,0,0,0,0
vn,Viet Nam,Asia,45,2019-04-05,45,0,1,3944672,0,0,0,0
vn,Viet Nam,Asia,46,2019-04-12,46,0,1,5180708,0,0,0,0
vn,Viet Nam,Asia,47,2019-04-19,47,0,1,4201978,0,0,0,0
vn,Viet Nam,Asia,48,2019-04-26,48,0,1,4059144,0,0,0,0
vn,Viet Nam,Asia,49,2019-05-03,49,0,1,4170427,0,0,0,0
vn,Viet Nam,Asia,50,2019-05-10,50,0,1,4180092,0,0,0,0
vn,Viet Nam,Asia,51,2019-05-17,51,0,1,4006072,0,0,0,0
vn,Viet Nam,Asia,52,2019-05-24,52,0,1,4304111,0,0,0,0
vn,Viet Nam,Asia,53,2019-05-31,1,1,0,4265928,0,0,0,0
vn,Viet Nam,Asia,54,2019-06-07,2,1,0,4449346,0,0,0,0
vn,Viet Nam,Asia,55,2019-06-14,3,1,0,4560577,0,0,0,0
vn,Viet Nam,Asia,56,2019-06-21,4,1,0,5157557,0,0,0,0
vn,Viet Nam,Asia,57,2019-06-28,5,1,0,5829402,0,0,0,0
vn,Viet Nam,Asia,58,2019-07-05,6,1,0,6227664,0,0,0,0
vn,Viet Nam,Asia,59,2019-07-12,7,1,0,5931144,0,0,0,0
vn,Viet Nam,Asia,60,2019-07-19,8,1,0,5767007,0,0,0,0
vn,Viet Nam,Asia,61,2019-07-26,9,1,0,5520921,0,0,0,0
vn,Viet Nam,Asia,62,2019-08-02,10,1,0,5434896,0,0,0,0
vn,Viet Nam,Asia,63,2019-08-09,11,1,0,5393762,0,0,0,0
vn,Viet Nam,Asia,64,2019-08-16,12,1,0,5388616,0,0,0,0
vn,Viet Nam,Asia,65,2019-08-23,13,1,0,6013602,0,0,0,0
vn,Viet Nam,Asia,66,2019-08-30,14,1,0,5780942,0,0,0,0
vn,Viet Nam,Asia,67,2019-09-06,15,1,0,5755632,0,0,0,0
vn,Viet Nam,Asia,68,2019-09-13,16,1,0,5773636,0,0,0,0
vn,Viet Nam,Asia,69,2019-09-20,17,1,0,5700445,0,0,0,0
vn,Viet Nam,Asia,70,2019-09-27,18,1,0,5495935,0,0,0,0
vn,Viet Nam,Asia,71,2019-10-04,19,1,0,5655651,0,0,0,0
vn,Viet Nam,Asia,72,2019-10-11,20,1,0,5930386,0,0,0,0
vn,Viet Nam,Asia,73,2019-10-18,21,1,0,6696526,0,0,0,0
vn,Viet Nam,Asia,74,2019-10-25,22,1,0,7025138,0,0,0,0
vn,Viet Nam,Asia,75,2019-11-01,23,1,0,6716266,0,0,0,0
vn,Viet Nam,Asia,76,2019-11-08,24,1,0,6347985,0,0,0,0
vn,Viet Nam,Asia,77,2019-11-15,25,1,0,6408982,0,0,0,0
vn,Viet Nam,Asia,78,2019-11-22,26,1,0,6188315,0,0,0,0
vn,Viet Nam,Asia,79,2019-11-29,27,1,0,6200368,0,0,0,0
vn,Viet Nam,Asia,80,2019-12-06,28,1,0,6711630,0,0,0,0
vn,Viet Nam,Asia,81,2019-12-13,29,1,0,6732439,0,0,0,0
vn,Viet Nam,Asia,82,2019-12-20,30,1,0,6891206,0,0,0,0
vn,Viet Nam,Asia,83,2019-12-27,31,1,0,6862487,0,0,0,0
vn,Viet Nam,Asia,84,2020-01-03,32,1,0,6773399,0,0,0,0
vn,Viet Nam,Asia,85,2020-01-10,33,1,0,6685648,0,0,0,0
vn,Viet Nam,Asia,86,2020-01-17,34,1,0,7559316,0,0,0,0
vn,Viet Nam,Asia,87,2020-01-24,35,1,0,5612915,2,0,0.020933554,0
vn,Viet Nam,Asia,88,2020-01-31,36,1,0,6650034,8,0,0.083734214,0
vn,Viet Nam,Asia,89,2020-02-07,37,1,0,7270213,6,0,0.062800661,0
vn,Viet Nam,Asia,90,2020-02-14,38,1,0,7306640,0,0,0,0
vn,Viet Nam,Asia,91,2020-02-21,39,1,0,10782874,0,0,0,0
vn,Viet Nam,Asia,92,2020-02-28,40,1,0,8470219,0,0,0,0
vn,Viet Nam,Asia,93,2020-03-06,41,1,1,8132441,0,0,0,0
vn,Viet Nam,Asia,94,2020-03-13,42,1,1,8215339,37,0,0.38727075,0
vn,Viet Nam,Asia,95,2020-03-20,43,1,1,7679479,77,0,0.80594182,0
vn,Viet Nam,Asia,96,2020-03-27,44,1,1,7723490,80,0,0.83734214,0
vn,Viet Nam,Asia,97,2020-04-03,45,1,1,7687872,22,0,0.23026909,0
vn,Viet Nam,Asia,98,2020-04-10,46,1,1,7691789,13,0,0.13606811,0
vn,Viet Nam,Asia,99,2020-04-17,47,1,1,7262448,0,0,0,0
vn,Viet Nam,Asia,100,2020-04-24,48,1,1,7289338,2,0,0.020933554,0
vn,Viet Nam,Asia,101,2020-05-01,49,1,1,7394915,1,0,0.010466777,0
vn,Viet Nam,Asia,102,2020-05-08,50,1,1,7147410,17,0,0.17793521,0
vn,Viet Nam,Asia,103,2020-05-15,51,1,1,7096764,36,0,0.37680396,0
vn,Viet Nam,Asia,104,2020-05-22,52,1,1,7860348,3,0,0.03140033,0
za,South Africa,Africa,1,2018-06-01,1,0,0,1364179,0,0,0,0
za,South Africa,Africa,2,2018-06-08,2,0,0,1284315,0,0,0,0
za,South Africa,Africa,3,2018-06-15,3,0,0,1318529,0,0,0,0
za,South Africa,Africa,4,2018-06-22,4,0,0,1288591,0,0,0,0
za,South Africa,Africa,5,2018-06-29,5,0,0,1671411,0,0,0,0
za,South Africa,Africa,6,2018-07-06,6,0,0,1478483,0,0,0,0
za,South Africa,Africa,7,2018-07-13,7,0,0,1396905,0,0,0,0
za,South Africa,Africa,8,2018-07-20,8,0,0,1415617,0,0,0,0
za,South Africa,Africa,9,2018-07-27,9,0,0,1464553,0,0,0,0
za,South Africa,Africa,10,2018-08-03,10,0,0,1782897,0,0,0,0
za,South Africa,Africa,11,2018-08-10,11,0,0,1575576,0,0,0,0
za,South Africa,Africa,12,2018-08-17,12,0,0,1562852,0,0,0,0
za,South Africa,Africa,13,2018-08-24,13,0,0,1565956,0,0,0,0
za,South Africa,Africa,14,2018-08-31,14,0,0,1960172,0,0,0,0
za,South Africa,Africa,15,2018-09-07,15,0,0,1756731,0,0,0,0
za,South Africa,Africa,16,2018-09-14,16,0,0,1809550,0,0,0,0
za,South Africa,Africa,17,2018-09-21,17,0,0,1784374,0,0,0,0
za,South Africa,Africa,18,2018-09-28,18,0,0,2069747,0,0,0,0
za,South Africa,Africa,19,2018-10-05,19,0,0,1861483,0,0,0,0
za,South Africa,Africa,20,2018-10-12,20,0,0,1878459,0,0,0,0
za,South Africa,Africa,21,2018-10-19,21,0,0,1939752,0,0,0,0
za,South Africa,Africa,22,2018-10-26,22,0,0,1934669,0,0,0,0
za,South Africa,Africa,23,2018-11-02,23,0,0,2094408,0,0,0,0
za,South Africa,Africa,24,2018-11-09,24,0,0,2111239,0,0,0,0
za,South Africa,Africa,25,2018-11-16,25,0,0,2019853,0,0,0,0
za,South Africa,Africa,26,2018-11-23,26,0,0,1990639,0,0,0,0
za,South Africa,Africa,27,2018-11-30,27,0,0,2035266,0,0,0,0
za,South Africa,Africa,28,2018-12-07,28,0,0,2141693,0,0,0,0
za,South Africa,Africa,29,2018-12-14,29,0,0,2128044,0,0,0,0
za,South Africa,Africa,30,2018-12-21,30,0,0,2446926,0,0,0,0
za,South Africa,Africa,31,2018-12-28,31,0,0,2168036,0,0,0,0
za,South Africa,Africa,32,2019-01-04,32,0,0,2258183,0,0,0,0
za,South Africa,Africa,33,2019-01-11,33,0,0,2348040,0,0,0,0
za,South Africa,Africa,34,2019-01-18,34,0,0,2478346,0,0,0,0
za,South Africa,Africa,35,2019-01-25,35,0,0,2482780,0,0,0,0
za,South Africa,Africa,36,2019-02-01,36,0,0,2644902,0,0,0,0
za,South Africa,Africa,37,2019-02-08,37,0,0,2692385,0,0,0,0
za,South Africa,Africa,38,2019-02-15,38,0,0,2649737,0,0,0,0
za,South Africa,Africa,39,2019-02-22,39,0,0,2626934,0,0,0,0
za,South Africa,Africa,40,2019-03-01,40,0,0,2696212,0,0,0,0
za,South Africa,Africa,41,2019-03-08,41,0,1,2622521,0,0,0,0
za,South Africa,Africa,42,2019-03-15,42,0,1,2477075,0,0,0,0
za,South Africa,Africa,43,2019-03-22,43,0,1,2534470,0,0,0,0
za,South Africa,Africa,44,2019-03-29,44,0,1,2658656,0,0,0,0
za,South Africa,Africa,45,2019-04-05,45,0,1,2666446,0,0,0,0
za,South Africa,Africa,46,2019-04-12,46,0,1,2667714,0,0,0,0
za,South Africa,Africa,47,2019-04-19,47,0,1,2357095,0,0,0,0
za,South Africa,Africa,48,2019-04-26,48,0,1,2545737,0,0,0,0
za,South Africa,Africa,49,2019-05-03,49,0,1,2496447,0,0,0,0
za,South Africa,Africa,50,2019-05-10,50,0,1,2502989,0,0,0,0
za,South Africa,Africa,51,2019-05-17,51,0,1,2689567,0,0,0,0
za,South Africa,Africa,52,2019-05-24,52,0,1,2717528,0,0,0,0
za,South Africa,Africa,53,2019-05-31,1,1,0,2641632,0,0,0,0
za,South Africa,Africa,54,2019-06-07,2,1,0,2686995,0,0,0,0
za,South Africa,Africa,55,2019-06-14,3,1,0,2698855,0,0,0,0
za,South Africa,Africa,56,2019-06-21,4,1,0,2756146,0,0,0,0
za,South Africa,Africa,57,2019-06-28,5,1,0,2936245,0,0,0,0
za,South Africa,Africa,58,2019-07-05,6,1,0,2949151,0,0,0,0
za,South Africa,Africa,59,2019-07-12,7,1,0,3131094,0,0,0,0
za,South Africa,Africa,60,2019-07-19,8,1,0,2987351,0,0,0,0
za,South Africa,Africa,61,2019-07-26,9,1,0,3002806,0,0,0,0
za,South Africa,Africa,62,2019-08-02,10,1,0,3139505,0,0,0,0
za,South Africa,Africa,63,2019-08-09,11,1,0,2942743,0,0,0,0
za,South Africa,Africa,64,2019-08-16,12,1,0,3030961,0,0,0,0
za,South Africa,Africa,65,2019-08-23,13,1,0,3050915,0,0,0,0
za,South Africa,Africa,66,2019-08-30,14,1,0,3125606,0,0,0,0
za,South Africa,Africa,67,2019-09-06,15,1,0,3477479,0,0,0,0
za,South Africa,Africa,68,2019-09-13,16,1,0,3519689,0,0,0,0
za,South Africa,Africa,69,2019-09-20,17,1,0,3413203,0,0,0,0
za,South Africa,Africa,70,2019-09-27,18,1,0,3344069,0,0,0,0
za,South Africa,Africa,71,2019-10-04,19,1,0,3664407,0,0,0,0
za,South Africa,Africa,72,2019-10-11,20,1,0,3657811,0,0,0,0
za,South Africa,Africa,73,2019-10-18,21,1,0,3580053,0,0,0,0
za,South Africa,Africa,74,2019-10-25,22,1,0,4033642,0,0,0,0
za,South Africa,Africa,75,2019-11-01,23,1,0,3748238,0,0,0,0
za,South Africa,Africa,76,2019-11-08,24,1,0,3627097,0,0,0,0
za,South Africa,Africa,77,2019-11-15,25,1,0,3747061,0,0,0,0
za,South Africa,Africa,78,2019-11-22,26,1,0,3782386,0,0,0,0
za,South Africa,Africa,79,2019-11-29,27,1,0,3897070,0,0,0,0
za,South Africa,Africa,80,2019-12-06,28,1,0,3843149,0,0,0,0
za,South Africa,Africa,81,2019-12-13,29,1,0,4121415,0,0,0,0
za,South Africa,Africa,82,2019-12-20,30,1,0,4636681,0,0,0,0
za,South Africa,Africa,83,2019-12-27,31,1,0,4085215,0,0,0,0
za,South Africa,Africa,84,2020-01-03,32,1,0,3915733,0,0,0,0
za,South Africa,Africa,85,2020-01-10,33,1,0,4098697,0,0,0,0
za,South Africa,Africa,86,2020-01-17,34,1,0,4456669,0,0,0,0
za,South Africa,Africa,87,2020-01-24,35,1,0,4226005,0,0,0,0
za,South Africa,Africa,88,2020-01-31,36,1,0,4153704,0,0,0,0
za,South Africa,Africa,89,2020-02-07,37,1,0,4209292,0,0,0,0
za,South Africa,Africa,90,2020-02-14,38,1,0,4339052,0,0,0,0
za,South Africa,Africa,91,2020-02-21,39,1,0,4295194,0,0,0,0
za,South Africa,Africa,92,2020-02-28,40,1,0,4348173,0,0,0,0
za,South Africa,Africa,93,2020-03-06,41,1,1,4361674,13,0,0.22499281,0
za,South Africa,Africa,94,2020-03-13,42,1,1,4292435,103,0,1.7826355,0
za,South Africa,Africa,95,2020-03-20,43,1,1,4430529,593,0,10.263134,0
za,South Africa,Africa,96,2020-03-27,44,1,1,4315183,671,5,11.613091,0.0865357
za,South Africa,Africa,97,2020-04-03,45,1,1,4287326,465,13,8.0478201,0.22499281
za,South Africa,Africa,98,2020-04-10,46,1,1,4087384,661,16,11.44002,0.27691424
za,South Africa,Africa,99,2020-04-17,47,1,1,4161778,1129,31,19.539761,0.53652132
za,South Africa,Africa,100,2020-04-24,48,1,1,4029266,1715,38,29.681746,0.65767133
za,South Africa,Africa,101,2020-05-01,49,1,1,4635849,2458,50,42.540951,0.86535698
za,South Africa,Africa,102,2020-05-08,50,1,1,4413745,4266,66,73.83226,1.1422713
za,South Africa,Africa,103,2020-05-15,51,1,1,4396845,5929,120,102.61403,2.0768569
za,South Africa,Africa,104,2020-05-22,52,1,1,4368697,7934,213,137.31485,3.6864207
